true_label,pred_proba,pred_label,optimal_pred_label
0,0.0,0,0
0,0.0,0,0
0,0.0,0,0
0,0.0,0,0
0,0.0,0,0
0,0.0,0,0
0,0.0,0,0
0,0.0,0,0
0,0.0,0,0
0,0.0,0,0
0,0.0,0,0
0,0.0,0,0
0,0.0,0,0
0,0.0,0,0
0,0.0,0,0
0,0.0,0,0
0,0.0,0,0
0,0.0,0,0
0,0.0,0,0
0,0.0,0,0
0,0.0,0,0
0,0.0,0,0
0,0.0,0,0
0,0.0,0,0
0,0.0,0,0
0,0.0,0,0
0,0.0,0,0
0,0.0,0,0
0,0.0,0,0
0,0.0,0,0
0,0.0,0,0
0,0.0,0,0
0,0.0,0,0
0,0.01,0,0
0,0.0,0,0
0,0.0,0,0
0,0.0,0,0
0,0.0,0,0
0,0.0,0,0
0,0.0,0,0
0,0.0,0,0
0,0.0,0,0
0,0.0,0,0
0,0.0,0,0
0,0.0,0,0
0,0.0,0,0
0,0.0,0,0
0,0.0,0,0
0,0.0,0,0
0,0.0,0,0
1,0.59,1,1
1,0.51,1,1
1,0.59,1,1
1,0.62,1,1
1,0.63,1,1
1,0.57,1,1
1,0.6,1,1
1,0.6,1,1
1,0.58,1,1
1,0.61,1,1
1,0.6,1,1
1,0.63,1,1
1,0.62,1,1
1,0.61,1,1
1,0.59,1,1
1,0.51,1,1
1,0.48,0,1
1,0.62,1,1
1,0.57,1,1
1,0.49,0,1
1,0.58,1,1
1,0.59,1,1
1,0.54,1,1
1,0.6,1,1
1,0.62,1,1
1,0.63,1,1
1,0.61,1,1
1,0.6,1,1
1,0.6,1,1
1,0.6,1,1
1,0.62,1,1
1,0.62,1,1
1,0.6,1,1
1,0.61,1,1
1,0.61,1,1
1,0.59,1,1
1,0.59,1,1
1,0.61,1,1
1,0.62,1,1
1,0.64,1,1
1,0.63,1,1
1,0.56,1,1
1,0.62,1,1
1,0.63,1,1
1,0.56,1,1
1,0.56,1,1
1,0.48,0,1
1,0.59,1,1
1,0.61,1,1
1,0.63,1,1
0,0.02,0,0
0,0.01,0,0
0,0.02,0,0
0,0.03,0,0
0,0.02,0,0
0,0.02,0,0
0,0.01,0,0
0,0.02,0,0
0,0.01,0,0
0,0.01,0,0
0,0.01,0,0
0,0.02,0,0
0,0.01,0,0
0,0.02,0,0
0,0.0,0,0
1,0.72,1,1
1,0.52,1,1
1,0.62,1,1
1,0.55,1,1
1,0.53,1,1
0,0.07,0,0
0,0.02,0,0
0,0.0,0,0
0,0.03,0,0
0,0.02,0,0
1,0.43,0,1
1,0.48,0,1
1,0.41,0,1
1,0.4,0,1
1,0.42,0,1
0,0.03,0,0
0,0.03,0,0
0,0.02,0,0
0,0.03,0,0
0,0.03,0,0
0,0.07,0,0
0,0.03,0,0
0,0.03,0,0
0,0.05,0,0
0,0.02,0,0
0,0.03,0,0
0,0.0,0,0
0,0.03,0,0
0,0.01,0,0
0,0.03,0,0
0,0.02,0,0
0,0.02,0,0
0,0.03,0,0
0,0.0,0,0
0,0.01,0,0
0,0.08,0,0
0,0.06,0,0
0,0.08,0,0
0,0.07,0,0
0,0.07,0,0
0,0.07,0,0
0,0.07,0,0
0,0.06,0,0
0,0.07,0,0
0,0.18,0,0
0,0.05,0,0
0,0.12,0,0
0,0.13,0,0
0,0.16,0,0
0,0.17,0,0
0,0.08,0,0
0,0.08,0,0
0,0.06,0,0
0,0.18,0,0
0,0.11,0,0
0,0.26,0,0
0,0.1,0,0
0,0.12,0,0
0,0.2,0,0
0,0.14,0,0
0,0.07,0,0
0,0.12,0,0
0,0.1,0,0
0,0.11,0,0
0,0.14,0,0
0,0.1,0,0
0,0.14,0,0
0,0.07,0,0
0,0.05,0,0
0,0.12,0,0
0,0.15,0,0
0,0.12,0,0
0,0.07,0,0
0,0.13,0,0
0,0.14,0,0
0,0.1,0,0
0,0.1,0,0
0,0.1,0,0
0,0.05,0,0
0,0.07,0,0
0,0.05,0,0
0,0.09,0,0
0,0.05,0,0
0,0.06,0,0
0,0.04,0,0
0,0.0,0,0
0,0.0,0,0
0,0.02,0,0
0,0.02,0,0
0,0.01,0,0
0,0.28,0,0
0,0.29,0,0
0,0.23,0,0
0,0.31,0,0
0,0.24,0,0
0,0.21,0,0
0,0.34,0,0
0,0.2,0,0
0,0.32,0,0
0,0.26,0,0
0,0.0,0,0
0,0.0,0,0
0,0.0,0,0
0,0.0,0,0
0,0.01,0,0
0,0.12,0,0
0,0.21,0,0
0,0.0,0,0
0,0.11,0,0
0,0.16,0,0
0,0.23,0,0
0,0.31,0,0
0,0.24,0,0
0,0.23,0,0
0,0.27,0,0
0,0.27,0,0
0,0.27,0,0
0,0.3,0,0
0,0.31,0,0
0,0.3,0,0
0,0.02,0,0
0,0.0,0,0
0,0.0,0,0
0,0.0,0,0
0,0.0,0,0
0,0.29,0,0
0,0.31,0,0
0,0.29,0,0
0,0.31,0,0
0,0.24,0,0
0,0.31,0,0
0,0.28,0,0
0,0.28,0,0
0,0.24,0,0
0,0.29,0,0
1,1.0,1,1
1,1.0,1,1
1,1.0,1,1
1,1.0,1,1
1,1.0,1,1
1,1.0,1,1
1,1.0,1,1
1,1.0,1,1
1,1.0,1,1
1,1.0,1,1
1,1.0,1,1
1,1.0,1,1
1,1.0,1,1
1,1.0,1,1
0,0.06,0,0
1,1.0,1,1
1,1.0,1,1
1,1.0,1,1
1,1.0,1,1
1,1.0,1,1
1,1.0,1,1
1,1.0,1,1
1,1.0,1,1
1,1.0,1,1
1,1.0,1,1
1,1.0,1,1
1,1.0,1,1
1,1.0,1,1
1,1.0,1,1
1,1.0,1,1
1,1.0,1,1
1,1.0,1,1
1,1.0,1,1
1,1.0,1,1
1,1.0,1,1
1,1.0,1,1
1,1.0,1,1
1,1.0,1,1
1,1.0,1,1
1,1.0,1,1
0,0.15,0,0
0,0.03,0,0
0,0.01,0,0
0,0.02,0,0
0,0.03,0,0
1,1.0,1,1
1,1.0,1,1
1,1.0,1,1
1,1.0,1,1
1,1.0,1,1
1,0.99,1,1
1,0.99,1,1
1,0.99,1,1
1,0.99,1,1
1,0.99,1,1
1,0.99,1,1
1,0.99,1,1
1,0.99,1,1
1,0.99,1,1
1,0.99,1,1
1,0.99,1,1
1,0.99,1,1
1,0.99,1,1
1,0.99,1,1
1,0.99,1,1
1,0.99,1,1
1,0.99,1,1
1,0.99,1,1
1,0.99,1,1
1,0.99,1,1
1,0.99,1,1
1,0.99,1,1
1,0.99,1,1
1,0.99,1,1
1,0.99,1,1
1,0.99,1,1
1,0.99,1,1
1,0.99,1,1
1,0.99,1,1
1,0.99,1,1
1,0.99,1,1
1,0.99,1,1
1,0.99,1,1
1,0.99,1,1
1,0.99,1,1
1,0.99,1,1
1,0.99,1,1
1,0.99,1,1
1,0.99,1,1
1,0.99,1,1
1,1.0,1,1
1,0.99,1,1
1,0.99,1,1
1,0.99,1,1
1,0.99,1,1
1,0.99,1,1
0,0.42,0,1
1,0.99,1,1
1,0.99,1,1
1,0.99,1,1
1,0.98,1,1
1,1.0,1,1
1,0.98,1,1
1,0.98,1,1
1,0.97,1,1
1,0.98,1,1
1,0.97,1,1
1,0.98,1,1
1,0.98,1,1
1,0.98,1,1
1,0.97,1,1
1,0.98,1,1
1,0.97,1,1
1,0.98,1,1
1,0.98,1,1
1,0.98,1,1
1,0.98,1,1
1,0.97,1,1
1,0.98,1,1
1,0.98,1,1
1,0.97,1,1
1,0.97,1,1
1,0.99,1,1
1,0.98,1,1
1,0.97,1,1
1,0.97,1,1
1,0.99,1,1
1,0.98,1,1
1,0.97,1,1
1,0.97,1,1
1,0.97,1,1
1,0.98,1,1
1,0.99,1,1
1,0.97,1,1
1,0.97,1,1
1,0.98,1,1
1,0.99,1,1
1,0.98,1,1
1,0.99,1,1
1,0.97,1,1
1,0.98,1,1
1,0.97,1,1
1,0.98,1,1
1,0.97,1,1
1,0.97,1,1
1,0.97,1,1
1,0.98,1,1
1,0.98,1,1
1,0.98,1,1
1,0.98,1,1
0,0.0,0,0
0,0.0,0,0
0,0.0,0,0
0,0.0,0,0
0,0.0,0,0
0,0.0,0,0
0,0.0,0,0
0,0.0,0,0
0,0.0,0,0
0,0.0,0,0
0,0.0,0,0
0,0.0,0,0
0,0.0,0,0
0,0.0,0,0
0,0.0,0,0
0,0.0,0,0
0,0.0,0,0
0,0.0,0,0
0,0.0,0,0
0,0.0,0,0
0,0.0,0,0
0,0.0,0,0
0,0.0,0,0
0,0.0,0,0
0,0.0,0,0
0,0.0,0,0
0,0.01,0,0
0,0.0,0,0
0,0.0,0,0
0,0.0,0,0
0,0.0,0,0
0,0.0,0,0
0,0.0,0,0
0,0.0,0,0
0,0.0,0,0
0,0.0,0,0
0,0.0,0,0
0,0.0,0,0
0,0.0,0,0
0,0.0,0,0
0,0.0,0,0
0,0.0,0,0
0,0.0,0,0
0,0.0,0,0
0,0.0,0,0
0,0.0,0,0
0,0.0,0,0
0,0.0,0,0
0,0.0,0,0
1,0.5,1,1
1,0.57,1,1
1,0.56,1,1
1,0.45,0,1
1,0.39,0,1
1,0.59,1,1
1,0.58,1,1
1,0.61,1,1
1,0.61,1,1
1,0.6,1,1
1,0.72,1,1
1,0.7,1,1
1,0.75,1,1
1,0.62,1,1
1,0.72,1,1
1,0.65,1,1
1,0.67,1,1
1,0.63,1,1
1,0.67,1,1
1,0.54,1,1
1,0.56,1,1
1,0.63,1,1
1,0.66,1,1
1,0.62,1,1
1,0.6,1,1
1,0.61,1,1
1,0.61,1,1
1,0.49,0,1
1,0.63,1,1
1,0.64,1,1
0,0.4,0,1
0,0.38,0,0
0,0.41,0,1
1,0.42,0,1
1,0.42,0,1
1,0.57,1,1
1,0.59,1,1
1,0.61,1,1
1,0.58,1,1
1,0.59,1,1
1,0.7,1,1
1,0.7,1,1
1,0.63,1,1
1,0.74,1,1
1,0.75,1,1
1,0.72,1,1
1,0.72,1,1
1,0.74,1,1
1,0.63,1,1
1,0.66,1,1
1,0.95,1,1
1,0.95,1,1
1,0.95,1,1
1,0.93,1,1
1,0.95,1,1
1,0.95,1,1
1,0.95,1,1
1,0.92,1,1
1,0.95,1,1
1,0.93,1,1
0,0.07,0,0
0,0.07,0,0
0,0.08,0,0
0,0.11,0,0
0,0.07,0,0
1,0.95,1,1
1,0.98,1,1
1,0.95,1,1
1,0.96,1,1
1,0.95,1,1
1,0.93,1,1
1,0.95,1,1
1,0.93,1,1
1,0.93,1,1
1,0.95,1,1
1,0.93,1,1
1,0.95,1,1
1,0.93,1,1
1,0.95,1,1
1,0.95,1,1
1,0.95,1,1
1,0.93,1,1
1,0.95,1,1
1,0.95,1,1
1,0.95,1,1
1,0.95,1,1
1,0.95,1,1
1,0.96,1,1
1,0.92,1,1
1,0.95,1,1
1,0.93,1,1
1,0.95,1,1
1,0.95,1,1
1,0.93,1,1
1,0.95,1,1
1,0.04,0,0
0,0.08,0,0
0,0.08,0,0
1,0.03,0,0
0,0.05,0,0
1,0.92,1,1
1,0.92,1,1
1,0.91,1,1
1,0.92,1,1
1,0.9,1,1
0,0.0,0,0
0,0.0,0,0
0,0.0,0,0
0,0.0,0,0
0,0.0,0,0
0,0.08,0,0
0,0.07,0,0
0,0.08,0,0
0,0.07,0,0
0,0.08,0,0
1,0.92,1,1
1,0.9,1,1
1,0.91,1,1
1,0.9,1,1
1,0.92,1,1
1,0.92,1,1
1,0.91,1,1
1,0.92,1,1
1,0.91,1,1
1,0.91,1,1
0,0.05,0,0
0,0.06,0,0
0,0.01,0,0
0,0.08,0,0
0,0.09,0,0
0,0.1,0,0
0,0.05,0,0
0,0.07,0,0
0,0.07,0,0
0,0.07,0,0
0,0.02,0,0
0,0.01,0,0
0,0.01,0,0
0,0.0,0,0
0,0.04,0,0
0,0.06,0,0
0,0.06,0,0
0,0.07,0,0
0,0.06,0,0
0,0.09,0,0
0,0.06,0,0
0,0.06,0,0
0,0.06,0,0
0,0.1,0,0
0,0.09,0,0
0,0.0,0,0
0,0.0,0,0
0,0.0,0,0
0,0.0,0,0
0,0.0,0,0
1,0.98,1,1
1,1.0,1,1
1,1.0,1,1
1,1.0,1,1
1,1.0,1,1
0,0.0,0,0
0,0.0,0,0
0,0.0,0,0
0,0.0,0,0
0,0.0,0,0
1,1.0,1,1
1,1.0,1,1
1,0.99,1,1
1,1.0,1,1
1,0.99,1,1
1,1.0,1,1
1,1.0,1,1
1,1.0,1,1
1,1.0,1,1
1,0.99,1,1
1,1.0,1,1
1,0.99,1,1
1,1.0,1,1
1,1.0,1,1
1,1.0,1,1
1,0.99,1,1
1,1.0,1,1
1,0.99,1,1
1,0.99,1,1
1,1.0,1,1
1,1.0,1,1
1,1.0,1,1
1,1.0,1,1
1,1.0,1,1
1,1.0,1,1
1,1.0,1,1
1,0.99,1,1
1,1.0,1,1
1,0.99,1,1
1,1.0,1,1
1,1.0,1,1
1,1.0,1,1
1,1.0,1,1
1,0.99,1,1
1,1.0,1,1
0,0.0,0,0
0,0.0,0,0
0,0.04,0,0
0,0.05,0,0
0,0.09,0,0
1,0.88,1,1
1,0.91,1,1
1,0.9,1,1
1,0.91,1,1
1,0.88,1,1
1,0.96,1,1
1,0.95,1,1
1,0.91,1,1
1,0.96,1,1
1,0.96,1,1
1,0.95,1,1
1,0.97,1,1
1,0.97,1,1
1,0.98,1,1
1,0.96,1,1
1,0.24,0,0
1,0.33,0,0
1,0.22,0,0
1,0.15,0,0
1,0.2,0,0
1,0.97,1,1
1,0.98,1,1
1,0.97,1,1
1,0.97,1,1
1,0.99,1,1
0,0.02,0,0
0,0.06,0,0
0,0.02,0,0
0,0.05,0,0
0,0.03,0,0
0,0.0,0,0
0,0.04,0,0
0,0.04,0,0
0,0.05,0,0
0,0.0,0,0
1,1.0,1,1
1,0.98,1,1
1,1.0,1,1
1,0.98,1,1
1,1.0,1,1
1,0.97,1,1
1,0.99,1,1
1,0.99,1,1
1,0.98,1,1
1,0.97,1,1
0,0.0,0,0
0,0.0,0,0
0,0.0,0,0
0,0.03,0,0
0,0.0,0,0
0,0.0,0,0
0,0.14,0,0
0,0.01,0,0
0,0.03,0,0
0,0.12,0,0
0,0.0,0,0
0,0.0,0,0
0,0.01,0,0
0,0.02,0,0
0,0.05,0,0
0,0.03,0,0
0,0.12,0,0
0,0.13,0,0
0,0.02,0,0
0,0.09,0,0
0,0.0,0,0
0,0.02,0,0
0,0.05,0,0
0,0.0,0,0
0,0.0,0,0
0,0.0,0,0
0,0.06,0,0
0,0.06,0,0
0,0.13,0,0
0,0.12,0,0
0,0.03,0,0
0,0.05,0,0
0,0.0,0,0
0,0.06,0,0
0,0.04,0,0
0,0.07,0,0
0,0.02,0,0
0,0.0,0,0
0,0.0,0,0
0,0.11,0,0
0,0.0,0,0
0,0.03,0,0
0,0.0,0,0
0,0.03,0,0
0,0.0,0,0
0,0.02,0,0
0,0.01,0,0
0,0.01,0,0
0,0.04,0,0
0,0.0,0,0
0,0.0,0,0
0,0.0,0,0
0,0.01,0,0
0,0.0,0,0
0,0.0,0,0
0,0.01,0,0
0,0.02,0,0
0,0.03,0,0
0,0.0,0,0
0,0.01,0,0
0,0.0,0,0
0,0.03,0,0
0,0.02,0,0
0,0.0,0,0
0,0.0,0,0
0,0.0,0,0
0,0.0,0,0
0,0.0,0,0
0,0.01,0,0
0,0.01,0,0
0,0.0,0,0
0,0.0,0,0
0,0.01,0,0
0,0.01,0,0
0,0.0,0,0
0,0.01,0,0
0,0.01,0,0
0,0.03,0,0
0,0.0,0,0
0,0.01,0,0
0,0.01,0,0
0,0.0,0,0
0,0.0,0,0
0,0.0,0,0
0,0.0,0,0
0,0.0,0,0
0,0.01,0,0
0,0.0,0,0
0,0.01,0,0
0,0.0,0,0
0,0.0,0,0
0,0.01,0,0
0,0.0,0,0
0,0.0,0,0
0,0.0,0,0
0,0.01,0,0
0,0.0,0,0
0,0.01,0,0
0,0.0,0,0
0,0.1,0,0
0,0.0,0,0
0,0.0,0,0
0,0.0,0,0
0,0.0,0,0
0,0.0,0,0
0,0.0,0,0
0,0.0,0,0
0,0.0,0,0
0,0.0,0,0
0,0.0,0,0
0,0.0,0,0
0,0.0,0,0
0,0.0,0,0
0,0.0,0,0
0,0.0,0,0
0,0.0,0,0
0,0.0,0,0
0,0.0,0,0
0,0.0,0,0
0,0.0,0,0
0,0.0,0,0
0,0.0,0,0
0,0.0,0,0
0,0.0,0,0
0,0.0,0,0
0,0.0,0,0
0,0.0,0,0
0,0.0,0,0
0,0.0,0,0
0,0.0,0,0
0,0.0,0,0
0,0.0,0,0
0,0.0,0,0
0,0.0,0,0
0,0.0,0,0
0,0.0,0,0
0,0.0,0,0
0,0.0,0,0
0,0.0,0,0
0,0.0,0,0
0,0.0,0,0
0,0.0,0,0
0,0.0,0,0
0,0.0,0,0
0,0.0,0,0
0,0.01,0,0
0,0.0,0,0
0,0.0,0,0
0,0.0,0,0
0,0.0,0,0
0,0.0,0,0
0,0.0,0,0
0,0.0,0,0
0,0.0,0,0
0,0.0,0,0
0,0.0,0,0
0,0.0,0,0
0,0.0,0,0
0,0.0,0,0
0,0.01,0,0
0,0.0,0,0
0,0.0,0,0
0,0.0,0,0
0,0.0,0,0
0,0.0,0,0
0,0.0,0,0
0,0.0,0,0
0,0.0,0,0
0,0.0,0,0
0,0.0,0,0
0,0.0,0,0
0,0.0,0,0
0,0.0,0,0
0,0.0,0,0
0,0.0,0,0
0,0.0,0,0
0,0.0,0,0
0,0.0,0,0
0,0.0,0,0
0,0.0,0,0
0,0.01,0,0
0,0.0,0,0
0,0.0,0,0
0,0.0,0,0
0,0.0,0,0
0,0.0,0,0
0,0.0,0,0
0,0.0,0,0
0,0.0,0,0
0,0.0,0,0
0,0.0,0,0
0,0.0,0,0
0,0.0,0,0
0,0.0,0,0
0,0.0,0,0
0,0.0,0,0
0,0.0,0,0
0,0.0,0,0
0,0.0,0,0
0,0.0,0,0
0,0.03,0,0
0,0.05,0,0
0,0.02,0,0
0,0.0,0,0
0,0.02,0,0
0,0.0,0,0
0,0.01,0,0
0,0.09,0,0
0,0.0,0,0
0,0.02,0,0
0,0.0,0,0
0,0.0,0,0
0,0.0,0,0
0,0.01,0,0
0,0.0,0,0
0,0.0,0,0
0,0.0,0,0
0,0.0,0,0
0,0.0,0,0
0,0.0,0,0
0,0.0,0,0
0,0.01,0,0
0,0.0,0,0
0,0.0,0,0
0,0.0,0,0
0,0.01,0,0
0,0.01,0,0
0,0.0,0,0
0,0.0,0,0
0,0.06,0,0
0,0.0,0,0
0,0.0,0,0
0,0.02,0,0
0,0.0,0,0
0,0.01,0,0
0,0.02,0,0
0,0.01,0,0
0,0.01,0,0
0,0.0,0,0
0,0.04,0,0
0,0.0,0,0
0,0.0,0,0
0,0.02,0,0
0,0.05,0,0
0,0.0,0,0
0,0.01,0,0
0,0.0,0,0
0,0.01,0,0
0,0.0,0,0
0,0.02,0,0
1,1.0,1,1
1,1.0,1,1
1,1.0,1,1
1,1.0,1,1
1,1.0,1,1
1,1.0,1,1
1,0.99,1,1
1,1.0,1,1
1,1.0,1,1
1,1.0,1,1
1,1.0,1,1
1,1.0,1,1
1,0.99,1,1
1,1.0,1,1
1,1.0,1,1
1,1.0,1,1
1,1.0,1,1
1,1.0,1,1
1,1.0,1,1
1,1.0,1,1
1,1.0,1,1
1,1.0,1,1
1,1.0,1,1
1,1.0,1,1
1,1.0,1,1
1,1.0,1,1
1,1.0,1,1
1,1.0,1,1
1,1.0,1,1
1,1.0,1,1
1,1.0,1,1
1,1.0,1,1
1,1.0,1,1
1,1.0,1,1
1,1.0,1,1
1,1.0,1,1
1,1.0,1,1
1,1.0,1,1
1,1.0,1,1
1,1.0,1,1
1,1.0,1,1
1,1.0,1,1
1,1.0,1,1
1,1.0,1,1
1,1.0,1,1
1,1.0,1,1
1,1.0,1,1
1,1.0,1,1
1,1.0,1,1
1,1.0,1,1
0,0.0,0,0
0,0.0,0,0
0,0.0,0,0
0,0.0,0,0
0,0.0,0,0
0,0.0,0,0
0,0.01,0,0
0,0.0,0,0
0,0.0,0,0
0,0.0,0,0
0,0.01,0,0
0,0.0,0,0
0,0.0,0,0
0,0.0,0,0
0,0.0,0,0
0,0.0,0,0
0,0.0,0,0
0,0.01,0,0
0,0.0,0,0
0,0.0,0,0
0,0.0,0,0
0,0.0,0,0
0,0.0,0,0
0,0.0,0,0
0,0.0,0,0
0,0.0,0,0
0,0.0,0,0
0,0.0,0,0
0,0.0,0,0
0,0.0,0,0
0,0.0,0,0
0,0.0,0,0
0,0.0,0,0
0,0.0,0,0
0,0.0,0,0
0,0.0,0,0
0,0.01,0,0
0,0.0,0,0
0,0.0,0,0
0,0.0,0,0
0,0.0,0,0
0,0.0,0,0
0,0.0,0,0
0,0.0,0,0
0,0.01,0,0
0,0.01,0,0
0,0.0,0,0
0,0.0,0,0
0,0.0,0,0
0,0.0,0,0
1,0.55,1,1
1,0.51,1,1
1,0.54,1,1
1,0.55,1,1
1,0.57,1,1
1,0.53,1,1
1,0.53,1,1
1,0.55,1,1
1,0.55,1,1
1,0.63,1,1
1,0.57,1,1
1,0.6,1,1
1,0.56,1,1
1,0.51,1,1
1,0.57,1,1
1,0.53,1,1
1,0.53,1,1
1,0.52,1,1
1,0.52,1,1
1,0.54,1,1
1,0.48,0,1
1,0.56,1,1
1,0.54,1,1
1,0.53,1,1
1,0.53,1,1
1,0.55,1,1
1,0.58,1,1
1,0.6,1,1
1,0.58,1,1
1,0.61,1,1
1,0.59,1,1
1,0.51,1,1
1,0.51,1,1
1,0.54,1,1
1,0.53,1,1
1,0.57,1,1
1,0.55,1,1
1,0.55,1,1
1,0.55,1,1
1,0.54,1,1
1,0.5,1,1
1,0.57,1,1
1,0.46,0,1
1,0.54,1,1
1,0.51,1,1
1,0.59,1,1
1,0.58,1,1
1,0.61,1,1
1,0.6,1,1
1,0.56,1,1
0,0.02,0,0
0,0.03,0,0
0,0.02,0,0
0,0.0,0,0
0,0.01,0,0
0,0.02,0,0
0,0.02,0,0
0,0.02,0,0
0,0.01,0,0
0,0.02,0,0
0,0.0,0,0
0,0.02,0,0
0,0.02,0,0
0,0.01,0,0
0,0.01,0,0
0,0.03,0,0
0,0.02,0,0
0,0.02,0,0
0,0.02,0,0
0,0.01,0,0
0,0.01,0,0
0,0.02,0,0
0,0.01,0,0
0,0.02,0,0
0,0.01,0,0
0,0.02,0,0
0,0.04,0,0
0,0.02,0,0
0,0.02,0,0
0,0.02,0,0
0,0.02,0,0
0,0.02,0,0
0,0.02,0,0
0,0.02,0,0
0,0.02,0,0
0,0.02,0,0
0,0.03,0,0
0,0.02,0,0
0,0.02,0,0
0,0.02,0,0
0,0.02,0,0
0,0.02,0,0
0,0.02,0,0
0,0.01,0,0
0,0.03,0,0
0,0.03,0,0
0,0.02,0,0
0,0.02,0,0
0,0.02,0,0
0,0.02,0,0
1,0.01,0,0
0,0.01,0,0
1,0.07,0,0
1,0.07,0,0
1,0.11,0,0
1,0.03,0,0
1,0.14,0,0
1,0.16,0,0
0,0.02,0,0
1,0.05,0,0
1,0.01,0,0
1,0.02,0,0
0,0.0,0,0
1,0.06,0,0
1,0.04,0,0
1,0.01,0,0
1,0.0,0,0
0,0.02,0,0
1,0.0,0,0
0,0.01,0,0
0,0.03,0,0
0,0.0,0,0
0,0.0,0,0
1,0.0,0,0
0,0.01,0,0
0,0.0,0,0
0,0.0,0,0
1,0.0,0,0
0,0.0,0,0
0,0.0,0,0
1,0.11,0,0
1,0.09,0,0
1,0.1,0,0
1,0.16,0,0
1,0.09,0,0
1,0.03,0,0
0,0.01,0,0
0,0.0,0,0
0,0.01,0,0
1,0.02,0,0
1,0.04,0,0
1,0.01,0,0
1,0.0,0,0
1,0.0,0,0
1,0.01,0,0
1,0.0,0,0
1,0.04,0,0
0,0.0,0,0
1,0.02,0,0
1,0.02,0,0
0,0.0,0,0
0,0.0,0,0
0,0.0,0,0
0,0.0,0,0
0,0.01,0,0
0,0.02,0,0
0,0.0,0,0
0,0.0,0,0
0,0.0,0,0
0,0.0,0,0
0,0.01,0,0
0,0.0,0,0
0,0.03,0,0
0,0.03,0,0
0,0.0,0,0
0,0.01,0,0
0,0.0,0,0
0,0.0,0,0
0,0.01,0,0
0,0.0,0,0
0,0.0,0,0
0,0.0,0,0
0,0.0,0,0
0,0.0,0,0
0,0.0,0,0
0,0.0,0,0
0,0.0,0,0
0,0.0,0,0
0,0.0,0,0
0,0.0,0,0
0,0.01,0,0
0,0.0,0,0
0,0.0,0,0
0,0.0,0,0
0,0.02,0,0
0,0.03,0,0
0,0.0,0,0
0,0.03,0,0
0,0.03,0,0
0,0.0,0,0
0,0.0,0,0
0,0.0,0,0
0,0.0,0,0
0,0.0,0,0
0,0.0,0,0
0,0.0,0,0
0,0.0,0,0
0,0.03,0,0
0,0.02,0,0
0,0.0,0,0
0,0.0,0,0
0,0.0,0,0
0,0.0,0,0
0,0.0,0,0
0,0.0,0,0
0,0.0,0,0
0,0.0,0,0
0,0.0,0,0
0,0.0,0,0
0,0.0,0,0
0,0.0,0,0
0,0.0,0,0
0,0.0,0,0
0,0.0,0,0
0,0.0,0,0
0,0.0,0,0
0,0.0,0,0
0,0.0,0,0
0,0.01,0,0
0,0.0,0,0
0,0.0,0,0
0,0.0,0,0
0,0.0,0,0
0,0.0,0,0
0,0.0,0,0
0,0.0,0,0
0,0.0,0,0
0,0.0,0,0
0,0.0,0,0
0,0.0,0,0
0,0.0,0,0
0,0.0,0,0
0,0.05,0,0
0,0.0,0,0
0,0.0,0,0
0,0.0,0,0
0,0.0,0,0
0,0.0,0,0
0,0.0,0,0
0,0.01,0,0
0,0.0,0,0
0,0.0,0,0
0,0.0,0,0
0,0.0,0,0
0,0.0,0,0
0,0.0,0,0
0,0.0,0,0
0,0.0,0,0
0,0.0,0,0
0,0.0,0,0
0,0.0,0,0
0,0.0,0,0
0,0.0,0,0
0,0.01,0,0
0,0.0,0,0
0,0.0,0,0
0,0.0,0,0
0,0.0,0,0
0,0.0,0,0
0,0.0,0,0
0,0.0,0,0
0,0.0,0,0
0,0.0,0,0
0,0.03,0,0
0,0.0,0,0
0,0.26,0,0
0,0.22,0,0
0,0.29,0,0
0,0.27,0,0
0,0.3,0,0
0,0.0,0,0
0,0.0,0,0
0,0.0,0,0
0,0.0,0,0
0,0.0,0,0
0,0.0,0,0
0,0.0,0,0
0,0.0,0,0
0,0.0,0,0
0,0.0,0,0
0,0.0,0,0
0,0.02,0,0
0,0.01,0,0
0,0.01,0,0
0,0.0,0,0
0,0.0,0,0
0,0.0,0,0
0,0.0,0,0
0,0.0,0,0
0,0.0,0,0
0,0.03,0,0
0,0.0,0,0
0,0.0,0,0
0,0.0,0,0
0,0.0,0,0
0,0.0,0,0
0,0.0,0,0
0,0.0,0,0
0,0.0,0,0
0,0.0,0,0
0,0.07,0,0
0,0.05,0,0
0,0.07,0,0
0,0.06,0,0
0,0.05,0,0
0,0.08,0,0
0,0.06,0,0
0,0.09,0,0
0,0.07,0,0
0,0.08,0,0
0,0.05,0,0
0,0.06,0,0
0,0.03,0,0
0,0.04,0,0
0,0.05,0,0
0,0.07,0,0
0,0.07,0,0
0,0.0,0,0
0,0.08,0,0
0,0.05,0,0
0,0.06,0,0
0,0.09,0,0
0,0.08,0,0
0,0.06,0,0
0,0.04,0,0
0,0.01,0,0
0,0.05,0,0
0,0.01,0,0
0,0.02,0,0
0,0.01,0,0
0,0.08,0,0
0,0.06,0,0
0,0.05,0,0
0,0.09,0,0
0,0.06,0,0
0,0.0,0,0
0,0.01,0,0
0,0.01,0,0
0,0.0,0,0
0,0.0,0,0
0,0.05,0,0
0,0.06,0,0
0,0.07,0,0
0,0.05,0,0
0,0.05,0,0
1,0.92,1,1
1,0.92,1,1
1,0.92,1,1
1,0.92,1,1
1,0.92,1,1
1,0.99,1,1
1,0.99,1,1
1,0.99,1,1
1,0.99,1,1
1,0.99,1,1
1,0.99,1,1
1,0.99,1,1
1,0.99,1,1
1,0.99,1,1
1,1.0,1,1
1,0.99,1,1
1,1.0,1,1
1,1.0,1,1
1,1.0,1,1
1,0.99,1,1
1,1.0,1,1
1,0.99,1,1
1,1.0,1,1
1,0.99,1,1
1,0.99,1,1
1,0.99,1,1
1,0.99,1,1
1,0.99,1,1
1,0.99,1,1
1,0.99,1,1
1,1.0,1,1
1,1.0,1,1
1,1.0,1,1
1,0.99,1,1
1,0.99,1,1
1,0.99,1,1
1,0.99,1,1
1,0.99,1,1
1,0.99,1,1
1,1.0,1,1
1,0.99,1,1
1,0.99,1,1
1,0.99,1,1
1,0.99,1,1
1,0.99,1,1
1,0.99,1,1
1,0.99,1,1
1,1.0,1,1
1,0.99,1,1
1,0.99,1,1
1,0.99,1,1
1,0.99,1,1
1,0.99,1,1
1,0.99,1,1
1,0.99,1,1
0,0.01,0,0
0,0.01,0,0
0,0.03,0,0
0,0.04,0,0
0,0.02,0,0
0,0.01,0,0
0,0.03,0,0
0,0.01,0,0
0,0.02,0,0
0,0.03,0,0
0,0.03,0,0
0,0.03,0,0
0,0.03,0,0
0,0.03,0,0
0,0.01,0,0
0,0.02,0,0
0,0.03,0,0
0,0.03,0,0
0,0.03,0,0
0,0.03,0,0
0,0.03,0,0
0,0.01,0,0
0,0.03,0,0
0,0.02,0,0
0,0.02,0,0
0,0.01,0,0
0,0.04,0,0
0,0.04,0,0
0,0.0,0,0
0,0.0,0,0
0,0.03,0,0
0,0.0,0,0
0,0.01,0,0
0,0.03,0,0
0,0.03,0,0
0,0.03,0,0
0,0.03,0,0
0,0.02,0,0
0,0.03,0,0
0,0.03,0,0
0,0.01,0,0
0,0.01,0,0
0,0.0,0,0
0,0.01,0,0
0,0.02,0,0
0,0.03,0,0
0,0.03,0,0
0,0.03,0,0
0,0.03,0,0
0,0.02,0,0
0,0.0,0,0
0,0.0,0,0
0,0.03,0,0
0,0.02,0,0
0,0.0,0,0
0,0.0,0,0
0,0.0,0,0
0,0.0,0,0
0,0.0,0,0
0,0.0,0,0
0,0.0,0,0
0,0.0,0,0
0,0.0,0,0
0,0.0,0,0
0,0.0,0,0
0,0.0,0,0
0,0.01,0,0
0,0.0,0,0
0,0.01,0,0
0,0.0,0,0
0,0.0,0,0
0,0.0,0,0
0,0.0,0,0
0,0.0,0,0
0,0.0,0,0
0,0.0,0,0
0,0.01,0,0
0,0.0,0,0
0,0.04,0,0
0,0.0,0,0
0,0.0,0,0
0,0.0,0,0
0,0.0,0,0
0,0.0,0,0
0,0.0,0,0
0,0.0,0,0
0,0.0,0,0
0,0.0,0,0
0,0.0,0,0
0,0.0,0,0
0,0.0,0,0
0,0.0,0,0
0,0.0,0,0
0,0.0,0,0
0,0.0,0,0
0,0.0,0,0
0,0.0,0,0
0,0.0,0,0
0,0.0,0,0
0,0.0,0,0
0,0.02,0,0
0,0.03,0,0
0,0.02,0,0
0,0.0,0,0
0,0.01,0,0
0,0.02,0,0
0,0.02,0,0
0,0.02,0,0
0,0.01,0,0
0,0.02,0,0
0,0.0,0,0
0,0.02,0,0
0,0.02,0,0
0,0.01,0,0
0,0.01,0,0
0,0.03,0,0
0,0.02,0,0
0,0.02,0,0
0,0.02,0,0
0,0.01,0,0
0,0.01,0,0
0,0.02,0,0
0,0.01,0,0
0,0.02,0,0
0,0.01,0,0
0,0.02,0,0
0,0.04,0,0
0,0.02,0,0
0,0.02,0,0
0,0.02,0,0
0,0.02,0,0
0,0.02,0,0
0,0.02,0,0
0,0.02,0,0
0,0.02,0,0
0,0.02,0,0
0,0.03,0,0
0,0.02,0,0
0,0.02,0,0
0,0.02,0,0
0,0.02,0,0
0,0.02,0,0
0,0.02,0,0
0,0.01,0,0
0,0.03,0,0
0,0.03,0,0
0,0.02,0,0
0,0.02,0,0
0,0.02,0,0
0,0.02,0,0
0,0.0,0,0
0,0.0,0,0
0,0.0,0,0
0,0.0,0,0
0,0.0,0,0
0,0.0,0,0
0,0.0,0,0
0,0.0,0,0
0,0.0,0,0
0,0.0,0,0
0,0.0,0,0
0,0.0,0,0
0,0.0,0,0
0,0.0,0,0
0,0.0,0,0
0,0.01,0,0
0,0.01,0,0
0,0.01,0,0
0,0.0,0,0
0,0.0,0,0
0,0.0,0,0
0,0.0,0,0
0,0.0,0,0
0,0.0,0,0
0,0.0,0,0
0,0.0,0,0
0,0.0,0,0
0,0.0,0,0
0,0.0,0,0
0,0.0,0,0
0,0.0,0,0
0,0.0,0,0
0,0.0,0,0
0,0.0,0,0
0,0.0,0,0
0,0.0,0,0
0,0.0,0,0
0,0.0,0,0
0,0.0,0,0
0,0.0,0,0
0,0.0,0,0
0,0.0,0,0
0,0.0,0,0
0,0.0,0,0
0,0.0,0,0
0,0.0,0,0
0,0.0,0,0
0,0.0,0,0
0,0.0,0,0
