true_value,feature_value
0.0063095791430597,0.08
0.0299817084267658,0.08
0.0252840543777284,0.08
0.0119759086346313,0.1
0.0051875634258796,0.09
0.0179427124095707,0.12
0.0143123687749121,0.09
0.0149379004637182,0.09
0.0239688442686555,0.07
0.01359366734177,0.1
0.0176311636998598,0.11
0.0096281708165567,0.09
0.2232562249811432,0.07
0.0051165785168559,0.08
0.0112575341777575,0.09
0.0193882739517847,0.1
0.0050207462871446,0.09
0.0188009142403304,0.11
0.0204572368484333,0.11
0.0050313533356421,0.1
0.0046440529865665,0.09
0.0093709699571449,0.1
0.0192050811701526,0.11
0.0126461841371272,0.09
0.0190320550941978,0.11
0.0117294228625327,0.1
0.0182662192288164,0.11
0.0339473749734357,0.07
0.0223459206006312,0.1
0.0058173951665856,0.1
0.0064519059037379,0.09
0.0142000773360375,0.11
0.0113090012030868,0.12
0.0120736928981868,0.13
0.0118978296538981,0.12
0.0081091655108364,0.1
0.0215924380440442,0.1
0.0163048755068943,0.12
0.0067265408506739,0.1
0.0214554740185529,0.11
0.0287264779377312,0.08
0.0058163050240548,0.1
0.0051310366616806,0.11
0.0061627328139099,0.1
0.0090578864963108,0.1
0.0477724970578663,0.06
0.3030456771840604,0.07
0.0171055700823417,0.11
0.0114422508149635,0.1
0.0134326984246181,0.09
0.831285086171672,0.85
0.7144473473536769,0.78
0.8314715837475708,0.85
0.8323293182300112,0.85
0.8153558091493349,0.85
0.832134915291778,0.85
0.8302318694765433,0.85
0.7814538975239343,0.86
0.8015641589944144,0.83
0.7974497728852081,0.84
0.8377357696549096,0.85
0.834358688985161,0.86
0.8289979529559387,0.85
0.8346479114138822,0.85
0.8225043617613658,0.84
0.7597394081699806,0.79
0.7306972293211119,0.79
0.8275053800162077,0.85
0.7528619415904294,0.8
0.7377977507437542,0.78
0.8194935846976167,0.85
0.815547273411131,0.84
0.694220027223274,0.79
0.8276977297767809,0.85
0.8167364361301335,0.85
0.8149987747563491,0.85
0.8303303548595921,0.85
0.8253333103248438,0.84
0.8260030547320566,0.85
0.8196690827967698,0.85
0.8439675652129793,0.85
0.8187990940267807,0.85
0.8271360448585744,0.85
0.8296644849891205,0.85
0.8330896393618104,0.85
0.8192400053773046,0.84
0.8028874494460622,0.85
0.8227136320254876,0.85
0.8313897445485642,0.85
0.8201949822644495,0.86
0.8369681002942889,0.85
0.8039374994430109,0.84
0.8157972778753185,0.85
0.7976903052055816,0.86
0.8154009874464722,0.83
0.8043247576124153,0.85
0.7553027070655508,0.78
0.8138630080908906,0.85
0.8154287067863831,0.85
0.8293466662888217,0.85
0.0216706007231789,0.15
0.0076762799348579,0.11
0.0100851415184905,0.1
0.0068534882853952,0.14
0.0127774772315222,0.11
0.00948791136606,0.1
0.0125065848479053,0.12
0.007730042813194,0.12
0.0073893996650314,0.13
0.0078461664237262,0.14
0.0084643266940042,0.13
0.012586480654055,0.13
0.0067637360566881,0.14
0.0066348344817615,0.15
0.0202989713101846,0.14
0.7120453913505843,0.75
0.7472745770897263,0.67
0.7258588093514806,0.72
0.7516853045971427,0.69
0.7016091877916794,0.69
0.0069341104877119,0.19
0.0103367484184042,0.1
0.012828701593817,0.13
0.0067987863583637,0.17
0.0119228763633114,0.13
0.7684256424088652,0.6
0.7724032668897373,0.69
0.7868025983840045,0.61
0.7298881391780537,0.6
0.796548210652276,0.59
0.0067835719304798,0.15
0.0068844496762902,0.16
0.0112698216846787,0.09
0.0066400883729033,0.15
0.0064735361626383,0.13
0.0068340516973752,0.21
0.0064547764757124,0.17
0.0067516951559261,0.18
0.0214617041326641,0.15
0.0073529339213584,0.19
0.0084240467690503,0.16
0.0133049456694347,0.13
0.0068990226004218,0.18
0.012683475245379,0.12
0.0068893177575038,0.17
0.0075639920855688,0.13
0.0065237787368008,0.1
0.0079406743971109,0.13
0.006717757755995,0.13
0.0124341799781929,0.1
0.0073849075133763,0.14
0.0071876420573737,0.13
0.0077375320005327,0.13
0.0081032072984635,0.14
0.0446001890590926,0.1
0.0076569277615771,0.1
0.0078226721757766,0.12
0.007296825420918,0.11
0.0106186186591092,0.08
0.0743282531211109,0.1
0.0093842415445455,0.09
0.0075904250121897,0.18
0.007757154858605,0.18
0.0074661670028602,0.21
0.0076092781197553,0.18
0.0071317176206063,0.12
0.0071978394672703,0.13
0.0075966751687356,0.13
0.007413299536858,0.15
0.007179275551217,0.13
0.0072074613665379,0.2
0.0073099101270637,0.19
0.0075100866799656,0.22
0.0074936948035956,0.23
0.0072868130620739,0.19
0.008876845971866,0.1
0.0077611727571208,0.15
0.0075121264654525,0.16
0.0077225234217196,0.13
0.0078406025367525,0.15
0.0074090372458112,0.15
0.0074508340993926,0.18
0.0102574611485443,0.09
0.0171683098552673,0.1
0.0072789105524862,0.16
0.0074174900607575,0.17
0.0067425953425674,0.11
0.0071896077381642,0.1
0.0073350904662881,0.24
0.0071812807589186,0.2
0.0074480989492083,0.12
0.0072517518141447,0.12
0.0075282034759131,0.09
0.0073773767650625,0.12
0.0070528240796521,0.11
0.0078331608710733,0.11
0.0868346640202343,0.1
0.0078657340618193,0.1
0.0074323643914814,0.11
0.0091939331402051,0.1
0.0027003479781297,0.07
0.0030361236636936,0.07
0.0809634756645919,0.09
0.0040038371082457,0.07
0.0810726237720851,0.09
0.0042548853391028,0.64
0.0042394230191137,0.59
0.0042666767830796,0.64
0.0042350275997002,0.61
0.0041526026804069,0.66
0.0043144613828002,0.52
0.0041741272454165,0.51
0.0043654832213272,0.49
0.0042272285640633,0.55
0.0041505942603811,0.53
0.0038963345616361,0.07
0.0033729197114442,0.08
0.0034430010319217,0.09
0.0025229253478187,0.06
0.0676789890483811,0.1
0.0689802103824007,0.24
0.0683234573763336,0.28
0.0034766513943704,0.07
0.0566819477451016,0.25
0.0673724196694219,0.29
0.0043005679927343,0.57
0.0041557676790886,0.62
0.004172054290731,0.59
0.0041631167602094,0.59
0.0042881759960575,0.59
0.0043253377216415,0.58
0.0042817402044849,0.6
0.0041787951517029,0.67
0.0042688045763062,0.59
0.0040913228490118,0.63
0.0086714761828667,0.07
0.0454474264010677,0.07
0.0051406514114807,0.07
0.0033300171131255,0.09
0.0031869472545997,0.07
0.0042050941267342,0.63
0.0042460259681034,0.68
0.0041779123620737,0.63
0.0043230444719172,0.6
0.0041494329021089,0.63
0.0042007280966232,0.61
0.0043335574375636,0.6
0.0041314305873218,0.62
0.0043058779988976,0.59
0.0042729427324112,0.61
0.8400923911385968,0.82
0.8564741399115766,0.81
0.822656449371494,0.84
0.8598998797345297,0.83
0.8333078164094617,0.83
0.852757617209385,0.82
0.8638504848937121,0.81
0.8670716656844695,0.81
0.8498164737195268,0.82
0.8437945979235003,0.82
0.8603020365905722,0.81
0.8603795134316989,0.81
0.8434688679778173,0.82
0.8532439798127616,0.8
0.0137928522560868,0.16
0.8470765667385817,0.83
0.8460049051706914,0.83
0.8664053639778712,0.83
0.8478779957615128,0.83
0.8586295318553931,0.84
0.8438692262008344,0.84
0.8430424253208768,0.81
0.8443591305263384,0.83
0.8659376400664366,0.83
0.8486122362220719,0.82
0.8588225196494497,0.81
0.8613306068431287,0.82
0.8473390548378085,0.83
0.8605231803543166,0.81
0.8576534252369085,0.82
0.8632613682656954,0.82
0.8615538781985818,0.81
0.851421738676557,0.81
0.8648404999295923,0.81
0.8559006340037015,0.81
0.8647508043701265,0.81
0.8522459177017231,0.82
0.8660100270275811,0.81
0.8577695751954373,0.81
0.862734991042243,0.81
0.4567952444155447,0.17
0.0835661675580469,0.13
0.3612168899257917,0.15
0.082494037853997,0.13
0.082634055187748,0.14
0.8521099220427605,0.83
0.843287766392094,0.82
0.8630853272036396,0.82
0.8648955760128233,0.81
0.8646021772084671,0.81
0.8127501204351396,0.88
0.8493220215120184,0.88
0.8310092165228048,0.88
0.7922393599899484,0.88
0.8199977281820489,0.88
0.8365630653834693,0.87
0.8189128815372043,0.88
0.793187952195392,0.87
0.7949995229389563,0.87
0.7798083208979266,0.87
0.8350169057487209,0.87
0.7767527716049881,0.88
0.8416783460612424,0.87
0.7321670648978092,0.88
0.789990672073681,0.88
0.7992349438862747,0.88
0.8435048188088792,0.88
0.7932021660257343,0.87
0.8235481941789103,0.88
0.8016516822435213,0.88
0.7825995681073779,0.87
0.8229617082390015,0.87
0.7823354145173029,0.85
0.8097333689704023,0.87
0.8411151631574657,0.87
0.8008848474576448,0.87
0.8020951746710984,0.86
0.8225486375120697,0.87
0.8229075960085117,0.87
0.7514898093230028,0.87
0.8205845547065249,0.86
0.8163037531776337,0.86
0.780615893265506,0.87
0.8276482939686911,0.87
0.7633923050448601,0.86
0.8060104266694466,0.87
0.7907825788392192,0.88
0.8023735880876801,0.88
0.8416991385879907,0.88
0.8296978295593851,0.88
0.7983301798062392,0.87
0.7888871293410279,0.88
0.7960320088899095,0.88
0.833575762158033,0.87
0.8165363812891497,0.87
0.8706505064229182,0.88
0.2333713832218698,0.56
0.8466059492850708,0.87
0.808302155395471,0.88
0.7596968398464526,0.87
0.8710675098157789,0.83
0.8601799801979174,0.83
0.8653789745966508,0.83
0.8574855236526272,0.84
0.8564448814423823,0.83
0.8665128526326461,0.85
0.867945092981623,0.85
0.8695817725460572,0.85
0.8663719825460091,0.84
0.871715678296144,0.85
0.8730269778306868,0.86
0.8435860441644477,0.85
0.8327253801022639,0.86
0.8422963098107555,0.86
0.86032209541436,0.86
0.8751419081801671,0.85
0.869150225839484,0.85
0.8740552752063667,0.84
0.8702863958558407,0.85
0.8673901168174725,0.84
0.8712998938365889,0.86
0.8723074575919925,0.86
0.8533944995495498,0.85
0.867585222275305,0.85
0.879796732621276,0.87
0.8723873032638494,0.85
0.8583519090868205,0.86
0.8570406484490752,0.85
0.8625540212562712,0.85
0.8491948227417111,0.85
0.8541496658985505,0.85
0.8539200899381667,0.86
0.8492146575489432,0.85
0.8667585381283679,0.86
0.8736455962348112,0.86
0.8692650138857649,0.84
0.8601623237208678,0.84
0.8584933640564683,0.84
0.8682295657275266,0.84
0.8541480365149186,0.84
0.8664211555414715,0.86
0.8587136256001,0.86
0.8335992762567456,0.85
0.8572662456114261,0.86
0.8666759753987917,0.85
0.8545263350752551,0.83
0.857234665721912,0.84
0.8686174315205196,0.83
0.8687553416178938,0.84
0.8721015886127773,0.85
0.0513926032067145,0.1
0.0134690011110613,0.1
0.0076085140994789,0.1
0.0338052060492833,0.09
0.0026949065535436,0.09
0.0023734367143565,0.09
0.0068046573848942,0.1
0.0081685947242992,0.09
0.018460074347137,0.1
0.0075689231999222,0.11
0.0023943234704057,0.09
0.0043433843126955,0.09
0.0037626518631409,0.1
0.007118674853374,0.1
0.0025024244266694,0.09
0.0023878042583535,0.1
0.0085810576056761,0.1
0.0067709943490166,0.1
0.0071447680205654,0.1
0.0034509569217331,0.1
0.0071778962057048,0.11
0.0075220638130771,0.1
0.0116952187898357,0.1
0.0136843053688153,0.1
0.0450106609501654,0.1
0.0133116331308338,0.12
0.0132269238799984,0.12
0.0074058434185273,0.1
0.0029728986248585,0.09
0.0070202971924287,0.11
0.0137686648405853,0.1
0.0027276646435987,0.1
0.0044923762403018,0.09
0.0029631966988036,0.09
0.0152370576903204,0.1
0.0070501763600106,0.09
0.0083238714029068,0.09
0.0024244040476052,0.09
0.0369613521525448,0.09
0.0082041608337713,0.1
0.0075065191869372,0.11
0.0028986577957693,0.09
0.0075911751100753,0.1
0.0073866440809351,0.12
0.0143678706574095,0.1
0.0075037546892951,0.1
0.0172574993054905,0.1
0.0028758908251085,0.1
0.003399356889827,0.09
0.0108962742847974,0.09
0.5810507763327892,0.5
0.5524378588133269,0.52
0.5549428472072803,0.52
0.5717620541437757,0.5
0.5372464742606718,0.46
0.5787616009292799,0.54
0.5716120168720337,0.52
0.5721174211131282,0.54
0.5718889531740693,0.55
0.592051308122907,0.54
0.5202367715025914,0.6
0.5443894937107895,0.58
0.5627822057193107,0.6
0.5207354081664562,0.56
0.576255650000819,0.61
0.524957268350937,0.54
0.549332958543383,0.58
0.5495648842824226,0.57
0.5533820812851704,0.56
0.5145248215064954,0.51
0.5638040443617899,0.53
0.5335201496202424,0.57
0.5568449441715392,0.58
0.5747471826672367,0.57
0.5440501335815292,0.56
0.5848942960807335,0.54
0.5302221416290344,0.52
0.497140396730714,0.51
0.5455745914699587,0.55
0.5573773876216727,0.56
0.4849461094526804,0.46
0.4877579464703783,0.42
0.4698616221993936,0.43
0.5017864701819845,0.45
0.5345844062469697,0.43
0.5474414168882012,0.51
0.5520915935905836,0.53
0.53330271206644,0.53
0.5473497604266633,0.51
0.5803632715449251,0.5
0.5844435479001407,0.57
0.5397644055938953,0.59
0.5528737447028996,0.56
0.5721729184056068,0.58
0.5557156571163016,0.59
0.5743217653910451,0.59
0.5517163857049081,0.6
0.5749904101516742,0.59
0.5650039684336402,0.57
0.5658019259769386,0.57
0.6957720839631462,0.88
0.7953514206089074,0.87
0.7262063043685139,0.86
0.8728538047812867,0.86
0.7464617030326174,0.86
0.7198159670275984,0.88
0.6990360885145611,0.88
0.8130238895744265,0.88
0.8136553582702898,0.88
0.775009593607313,0.88
0.0160562018276833,0.17
0.015827948161499,0.15
0.0090455452224259,0.12
0.011341847593779,0.11
0.0111886804706382,0.15
0.7206945972298553,0.86
0.751139277227967,0.85
0.6874235863421784,0.87
0.7646876716568195,0.86
0.7711073488608554,0.86
0.7957389927901529,0.88
0.7913921914381664,0.87
0.8355246139273088,0.87
0.8296006363341127,0.88
0.7085253458489883,0.88
0.7194533773891965,0.87
0.7581492492417102,0.87
0.733158697634336,0.87
0.8436838966043033,0.87
0.8138790710664167,0.87
0.7990547930509525,0.86
0.8183229008061889,0.86
0.7642084294053922,0.85
0.7258471631126432,0.86
0.7283400161917161,0.86
0.8345246377502743,0.86
0.7447291524317136,0.86
0.7499489444339602,0.86
0.819611649899248,0.87
0.7139116619650229,0.86
0.8216236131519007,0.87
0.8121936153178558,0.87
0.7148629269572044,0.87
0.8224255572685976,0.88
0.6981055374814739,0.88
0.7069943061110795,0.16
0.011129739536684,0.13
0.0106003263341779,0.16
0.7181227217737497,0.16
0.0121144118776688,0.14
0.8828942671815154,0.86
0.8569116072968557,0.85
0.8534065912949877,0.85
0.8844967238086827,0.86
0.8955091870677561,0.85
0.1153767418923942,0.15
0.0962059528975155,0.14
0.1947173446653276,0.14
0.1408367853357826,0.15
0.1374631440525827,0.15
0.1160832497900973,0.4
0.1014716429398648,0.44
0.1147517129021243,0.39
0.1069329192613508,0.43
0.1112641976967404,0.44
0.8658593242210862,0.87
0.8690380719834212,0.87
0.8650381837680676,0.88
0.8566989535098655,0.87
0.8247687344534517,0.87
0.8607505885989402,0.87
0.8570817948819572,0.87
0.8698389935708457,0.87
0.8541613208230397,0.87
0.8859893544382317,0.87
0.1085359429633624,0.4
0.0981605728062656,0.43
0.0535046965731319,0.12
0.1111532775009663,0.42
0.1079601235875564,0.44
0.1156623381444212,0.44
0.1149661598472701,0.37
0.1130973746249624,0.41
0.1105239909036068,0.43
0.1057127784908107,0.43
0.2301811651987909,0.2
0.2937599794629555,0.2
0.2819509798068523,0.2
0.2440871059755479,0.2
0.2126075317696535,0.19
0.1097724495587402,0.41
0.1035755505978949,0.43
0.1064221544415657,0.46
0.1091435259872113,0.37
0.1002627963780987,0.47
0.1164839682264136,0.4
0.1098818363981425,0.41
0.1035820889094032,0.4
0.1027176605480229,0.47
0.1029505071603386,0.45
0.0267145680579154,0.14
0.0135114964665189,0.11
0.0147194268782703,0.13
0.1630316343976645,0.1
0.0137556745205067,0.13
0.775155287665407,0.88
0.7349704811988779,0.89
0.759174958972331,0.89
0.7528022618352376,0.88
0.7454422994944658,0.88
0.0054692803310224,0.07
0.0073478168083015,0.08
0.1208852363380313,0.12
0.1459425739306974,0.11
0.0881032584533237,0.09
0.7116161684534346,0.88
0.7413169055927313,0.89
0.7703795982756255,0.89
0.74304940948876,0.89
0.7463859729061566,0.88
0.7206462332084881,0.87
0.7482366111946197,0.88
0.713358281460578,0.87
0.7363978712646316,0.88
0.7703031102878617,0.88
0.7461398874240892,0.88
0.7378728697716311,0.89
0.7298308393759786,0.88
0.7403864588541142,0.88
0.7529470030122515,0.88
0.7520709275661267,0.88
0.742530867198132,0.88
0.7434729979327453,0.88
0.7631328025166583,0.88
0.7640529160601353,0.88
0.7425949022671491,0.88
0.7410623098477789,0.89
0.7441428764696502,0.88
0.7549844881784065,0.89
0.7528858029164919,0.88
0.7210426810407581,0.88
0.760187820364921,0.89
0.750998514540025,0.88
0.7743752883415352,0.88
0.7661101357438923,0.88
0.7423644525166092,0.88
0.7285093687941168,0.87
0.7618334165343686,0.87
0.7634710667977943,0.88
0.771467563706323,0.88
0.3815800134214474,0.11
0.3263139485626014,0.11
0.0139991765121299,0.21
0.014339965933846,0.21
0.0139180384066369,0.23
0.7529117439549847,0.84
0.7722946394362049,0.85
0.7630153478201236,0.85
0.7362209006187014,0.85
0.760757920711722,0.84
0.7668590404562771,0.87
0.771649303498149,0.86
0.764221087736356,0.86
0.7551590646322869,0.86
0.7136196815503829,0.87
0.746577729351332,0.88
0.7538613739663323,0.88
0.7473733676224338,0.87
0.7167541499608875,0.88
0.7492968077488408,0.88
0.6112859400146403,0.6
0.6892166270367824,0.65
0.634011711988582,0.61
0.6351800989205111,0.57
0.7096069217919668,0.58
0.7810639431717799,0.88
0.7409144196733134,0.89
0.7752966567451303,0.88
0.7609429959854465,0.88
0.7323505804826221,0.89
0.0142376738895673,0.23
0.0140912552538033,0.24
0.0140818139657538,0.21
0.0141814401068149,0.23
0.0140507836120561,0.23
0.0166416514363174,0.09
0.0136676866197832,0.31
0.0138973977429745,0.3
0.013579011745962,0.31
0.1587725287461423,0.13
0.5213143412580522,0.88
0.5168897821379747,0.88
0.4991928951626032,0.88
0.5521531814068285,0.88
0.5137324508712089,0.89
0.7568926101347379,0.86
0.7411297011498309,0.86
0.7399309427090685,0.85
0.704937669272771,0.86
0.73482087169562,0.86
0.0117262412992601,0.1
0.1685411065424132,0.12
0.0081181172155566,0.12
0.0153771183603192,0.11
0.0177565142667614,0.12
0.0163353376822718,0.1
0.4462355533545726,0.23
0.0176648308226833,0.13
0.4301935102572011,0.18
0.3789914236094556,0.22
0.0270507758537078,0.15
0.0393224081204522,0.11
0.3582894029428224,0.18
0.4567721658784048,0.16
0.4255447567455128,0.17
0.0305750427090938,0.13
0.4139433523614246,0.2
0.4100321873793677,0.2
0.4503374456267077,0.17
0.3591629352898804,0.2
0.050927608526394,0.14
0.3384626233627952,0.15
0.4192568238360783,0.15
0.0621187083818281,0.13
0.0296481917642298,0.11
0.0447790811929361,0.14
0.0392931043633701,0.2
0.0824145448133386,0.12
0.3472071010617668,0.21
0.4799327310599509,0.21
0.4388575745858031,0.16
0.3478844573925992,0.18
0.0472379248846832,0.12
0.4399464057989864,0.16
0.454338237863038,0.18
0.0725835234242882,0.13
0.0391895021181204,0.15
0.0407374168449312,0.15
0.0088649539235284,0.12
0.4576560240074723,0.18
0.0526986951440469,0.13
0.0785497065878169,0.12
0.0414724908336114,0.14
0.4495633890796258,0.19
0.027694482947557,0.14
0.0088104303866467,0.11
0.446895507552233,0.14
0.06778299545695,0.12
0.4655488816869805,0.15
0.0258243096045884,0.11
0.0202666065057043,0.15
0.0313422170457616,0.08
0.018041499789886,0.16
0.0143935688150333,0.15
0.0182354980696145,0.15
0.0137379030284163,0.13
0.0159062728405568,0.15
0.0217686178371304,0.18
0.0679910685717206,0.07
0.014937967235258,0.16
0.0683665303517066,0.13
0.0696256587830254,0.25
0.0764910609252095,0.24
0.1039068344619418,0.13
0.0498382983422298,0.15
0.0145321333969487,0.14
0.0138085882542751,0.16
0.0122625396177739,0.15
0.0292113709285651,0.16
0.0152113653008959,0.15
0.0148428991525013,0.13
0.0154623905601838,0.12
0.1863005513252448,0.08
0.0150908787641646,0.12
0.0176978611585802,0.12
0.0241639024740262,0.15
0.0148292599799527,0.14
0.0157726961802795,0.15
0.0145107826894791,0.15
0.0150810514784555,0.14
0.1125257249125915,0.1
0.0146990818530949,0.11
0.0310806590825399,0.1
0.0291285169959616,0.12
0.0136233297629218,0.14
0.0224179520348283,0.1
0.0159823319282465,0.11
0.0129838858577628,0.12
0.3681967389785139,0.1
0.0105949919696354,0.09
0.0149510165437984,0.17
0.0110394155464102,0.14
0.0142795904874916,0.17
0.0146938523739376,0.19
0.0137424947503133,0.15
0.3032865832671997,0.13
0.0553208839474628,0.13
0.0839842939417767,0.21
0.1309646666034159,0.14
0.0680656090971246,0.33
0.0116947340114306,0.11
0.0110596489964263,0.12
0.0212352878813991,0.07
0.0093090337033517,0.12
0.0049974155401324,0.11
0.0107772987968672,0.09
0.0157499540034773,0.06
0.0179972685129176,0.1
0.0161851221500827,0.07
0.0050951792859057,0.09
0.0051519605305663,0.11
0.0099352126530004,0.1
0.0154038104715895,0.1
0.0050316062273658,0.1
0.0785911163254346,0.06
0.0190841798202479,0.08
0.0067154931947979,0.1
0.017767400153725,0.09
0.0165341799687475,0.1
0.005116378538041,0.11
0.005059288658524,0.1
0.0096972655432518,0.11
0.0096722009226452,0.11
0.0103279392553077,0.11
0.0051277844857579,0.13
0.0054082439656953,0.13
0.0051699135060573,0.1
0.018484249853754,0.1
0.0098040763914836,0.12
0.0104837215909536,0.11
0.0093028096579625,0.11
0.0068696997096537,0.1
0.0052552518857896,0.11
0.0093999828206933,0.14
0.0098106763285558,0.13
0.0187898869339432,0.09
0.1859815644741531,0.06
0.0051594866157699,0.11
0.018792094899195,0.09
0.0197653122950253,0.09
0.0119028903202354,0.09
0.0098745088394104,0.12
0.0057840544556689,0.12
0.0099222405825854,0.12
0.0094335969800023,0.13
0.010746430538289,0.18
0.0097666322722783,0.14
0.0160934807472718,0.1
0.0112444436189304,0.13
0.0192415402328375,0.06
0.0041719593635659,0.13
0.0024214156202509,0.13
0.0016183528899909,0.13
0.0063524479597737,0.13
0.0013112659897335,0.13
0.0108020339523747,0.13
0.0050276606719825,0.13
0.002183911946402,0.13
0.0045094944780276,0.13
0.0033439285372889,0.13
0.036510059198177,0.22
0.0065981130952559,0.13
0.0364787310064655,0.22
0.0376189901720119,0.21
0.0044606226681019,0.13
0.004467858105242,0.13
0.0017357344171349,0.13
0.0023876627733241,0.13
0.0018403716881618,0.13
0.0035769525513676,0.13
0.0010019074985946,0.13
0.0043804027950764,0.13
0.0035960458616406,0.13
0.0017552875922678,0.13
0.2399224175000132,0.14
0.0040886706373307,0.13
0.0013209171730142,0.13
0.0041412217145636,0.13
0.0042664733684036,0.13
0.0013869990478959,0.13
0.0044293328807968,0.13
0.0032998977440766,0.13
0.168347784688639,0.14
0.0030285870395226,0.13
0.0033311927466453,0.13
0.000980541453544,0.14
0.0015938350077232,0.13
0.0032680878091561,0.13
0.0029751513962013,0.13
0.0012779637828068,0.13
0.0016679803973834,0.13
0.0018262536564101,0.13
0.0012937239189847,0.13
0.0039345232716851,0.13
0.0012178414259253,0.13
0.0012551075962958,0.13
0.0039615169829928,0.13
0.0034842757891408,0.13
0.0028484418372749,0.13
0.0044544785600467,0.13
0.0152683892265123,0.18
0.0136860374987047,0.18
0.0153031398373819,0.17
0.1822750526072634,0.08
0.0151116365828742,0.16
0.0062857328460449,0.08
0.0147089702469353,0.19
0.0130936859001545,0.26
0.2460980465485997,0.09
0.0150322287396796,0.19
0.0424565595617176,0.1
0.1597500460909645,0.1
0.0347679301148072,0.1
0.0430141419981229,0.1
0.0135862878173586,0.11
0.0938781854618426,0.1
0.0107866646887192,0.08
0.2330294483259389,0.09
0.0948560339168137,0.1
0.1149955456834387,0.1
0.0723208761433853,0.1
0.1708082283813322,0.1
0.0142813378202247,0.11
0.1216261955485759,0.1
0.1515882059600121,0.1
0.0143919126328464,0.16
0.0499023293511677,0.08
0.010038374028043,0.07
0.0115979021794153,0.08
0.0135815003160036,0.25
0.0244921660319759,0.09
0.1651752049158764,0.09
0.0145804621088296,0.2
0.0522526361550716,0.09
0.0145183595426194,0.16
0.0138134392094628,0.19
0.1140769291933738,0.09
0.0380070599640185,0.07
0.0229086420463211,0.09
0.0141507454924878,0.23
0.0137341609351222,0.09
0.0369628575273304,0.08
0.0143499245132658,0.17
0.0142030124079686,0.19
0.014717399450636,0.17
0.011753544974409,0.08
0.0151194132558747,0.18
0.0136521619942327,0.07
0.014377995260843,0.17
0.0146650961919738,0.17
0.8987906700061795,0.86
0.8914300039359707,0.86
0.90920357282801,0.86
0.9121054244739488,0.86
0.9079274865783136,0.86
0.8831020691616382,0.86
0.8975636819293044,0.85
0.8783044150709106,0.86
0.8999098189549398,0.86
0.913922599731679,0.86
0.9127096763476836,0.85
0.906864415689,0.85
0.898852343031192,0.85
0.8957230811377045,0.85
0.901475328405126,0.84
0.89045255279198,0.85
0.903823234576096,0.86
0.9063227316629272,0.86
0.9049500401658106,0.86
0.8986361078925537,0.85
0.8837315394700935,0.85
0.9084402094288048,0.86
0.9081008307727146,0.85
0.9005990961083311,0.86
0.9164047549259208,0.86
0.8969072037023534,0.86
0.8965451744458166,0.86
0.916338153168125,0.86
0.90697394003489,0.86
0.9280906982503954,0.86
0.8945614396363627,0.86
0.9212986283486022,0.87
0.887794569462513,0.85
0.9060480645401104,0.86
0.9056326125711504,0.86
0.893648087487092,0.86
0.9079182394081516,0.86
0.9110142886122996,0.86
0.8962777240981437,0.86
0.9008948826984532,0.86
0.8897283731266855,0.85
0.909538501370602,0.85
0.9112007459130248,0.85
0.8895883188363509,0.85
0.9035928983916084,0.84
0.8903950632976968,0.86
0.8997284071921375,0.85
0.906789572714984,0.86
0.8955771694606915,0.85
0.915318488884474,0.86
0.0112313664998418,0.21
0.0023881285646183,0.12
0.0148866184312477,0.12
0.0107142339902994,0.21
0.0060934610718185,0.12
0.002401386829033,0.12
0.0103285095614754,0.21
0.0056800451714824,0.13
0.0023431236853623,0.12
0.0105153842563683,0.2
0.0105749939533843,0.22
0.0793929736607918,0.13
0.0136798028874788,0.12
0.0105975577663976,0.28
0.0357463423280308,0.12
0.0113267515871034,0.2
0.0058633899872357,0.12
0.0107533934481109,0.22
0.1105422167283199,0.12
0.0316286090639774,0.13
0.0050775669982694,0.12
0.0046961835425407,0.13
0.0045275441075046,0.12
0.0058150352418715,0.12
0.0106767950672681,0.18
0.0036451578356968,0.12
0.0064318676631776,0.11
0.0136397906651492,0.12
0.0062905175830067,0.12
0.002610739062297,0.12
0.0112742691873246,0.23
0.0102351525021128,0.25
0.0107556998441014,0.26
0.0054078779928748,0.11
0.0023251644390394,0.11
0.0106717935608063,0.24
0.0107293676623428,0.21
0.0056194038668649,0.11
0.0094878529689423,0.12
0.0022683451554786,0.12
0.0111443267343844,0.2
0.005842954777389,0.12
0.0045977597736221,0.12
0.0161928965992379,0.12
0.0101540928886182,0.21
0.0106630153444753,0.22
0.126151416977849,0.12
0.0106252743785701,0.25
0.0315375156863007,0.12
0.0098956444496064,0.24
0.903931997488544,0.43
0.8826711774793137,0.38
0.8968977652688706,0.45
0.9177883129440382,0.46
0.8804817631054623,0.49
0.9037962682347144,0.45
0.8931371289466593,0.45
0.8653772508454728,0.41
0.901715136038912,0.45
0.8923924986339197,0.57
0.9117919316912884,0.54
0.8611598149136525,0.49
0.8720664116612812,0.46
0.9078522913343032,0.42
0.864342922261964,0.44
0.9013158694700208,0.44
0.87569104996861,0.44
0.8733962010212829,0.42
0.9056038038971292,0.44
0.8668897874945093,0.46
0.9072833572376812,0.38
0.8608656352597482,0.5
0.90280124312023,0.45
0.8913180300690392,0.43
0.8827253415161441,0.48
0.8781576866881077,0.45
0.8254728568981641,0.53
0.8839299396197345,0.54
0.903209572922152,0.47
0.859344223945115,0.49
0.8719923118424883,0.54
0.8882569836711314,0.43
0.8960016838500384,0.37
0.8915242772336449,0.47
0.8323256544830987,0.4
0.9049024979561796,0.5
0.888833668244192,0.44
0.8809576632491084,0.48
0.8778439218751695,0.46
0.9141018721132818,0.52
0.8930624167354232,0.38
0.8996995172369444,0.49
0.8788291779699877,0.37
0.8868127276207137,0.5
0.8166715378101731,0.43
0.8912254287516084,0.49
0.8902027415031836,0.47
0.8909897658746341,0.49
0.8966649757608653,0.57
0.883688449965598,0.54
0.0093825172544723,0.15
0.0015987216335303,0.13
0.0079539151927022,0.13
0.014315733496216,0.13
0.0012483918033658,0.13
0.0083489811678236,0.15
0.0095485639659563,0.15
0.0105702768594889,0.15
0.0012809326240157,0.13
0.0081167362382083,0.14
0.0054195189309071,0.13
0.0057964335570891,0.13
0.008600068334007,0.15
0.0089910096334092,0.13
0.0130985402294164,0.14
0.0109993479403322,0.15
0.0233317559439048,0.14
0.0012791006823468,0.12
0.0082058825015599,0.15
0.0131095145869612,0.15
0.0149412997369922,0.14
0.0085443081290096,0.15
0.1770500643767422,0.12
0.0078200927815033,0.15
0.0053448688226931,0.13
0.0040610474402808,0.13
0.0016133156218721,0.13
0.0018210934917851,0.13
0.0047582114749121,0.13
0.0016076192534648,0.13
0.0517589218714542,0.12
0.0050996289696752,0.14
0.0094709341079272,0.15
0.0054497975301071,0.13
0.0046000235484672,0.13
0.0045667861343158,0.13
0.0041237189721168,0.13
0.0084864805202925,0.17
0.0044913610640298,0.13
0.0090813130059467,0.16
0.0080518432533852,0.16
0.0080736067964471,0.16
0.0042293502068029,0.13
0.0080778794567408,0.17
0.0081146033152651,0.17
0.0015941151413872,0.13
0.0054096853663003,0.14
0.0099264670035686,0.15
0.0242255232380339,0.14
0.0108520191147756,0.15
0.7750286788582047,0.29
0.0069206099667412,0.09
0.7625070526357907,0.43
0.870358311086652,0.4
0.881377341415858,0.4
0.9427635448477868,0.31
0.9389925935542786,0.31
0.9269064779937052,0.29
0.0063470868493741,0.15
0.9544321324182096,0.27
0.8630785198819287,0.27
0.9244554269765258,0.29
0.0115634624132924,0.08
0.9307638220696384,0.27
0.936297534265273,0.27
0.926059633230353,0.14
0.856141952843882,0.13
0.0062993107005283,0.16
0.9235902915578302,0.13
0.0063862834701338,0.17
0.0109366291306204,0.1
0.0064346283440948,0.15
0.0119597911819031,0.1
0.8282523825326594,0.13
0.0063842383893354,0.17
0.0063813197455706,0.14
0.0062958257684955,0.15
0.7480295344621375,0.13
0.0161184906015033,0.11
0.006379823695216,0.14
0.908562865774984,0.4
0.905328161692315,0.39
0.8147898736282007,0.43
0.9097836946076412,0.4
0.8643582115298941,0.42
0.8914175209294806,0.26
0.0063736753428892,0.14
0.0063624649689111,0.13
0.0063316145493806,0.13
0.8409253984193313,0.24
0.9159935958355218,0.19
0.8271681668813679,0.2
0.9187898979668266,0.22
0.881891983467271,0.2
0.9059407558900672,0.22
0.8349796631988747,0.22
0.8150578209918784,0.25
0.0064391451049884,0.14
0.7725071118876015,0.24
0.8081730219210282,0.23
0.0088497320565375,0.23
0.0088363904427519,0.22
0.0091499299741877,0.1
0.0088732259929026,0.21
0.0087120055095551,0.22
0.0091622809328971,0.2
0.0089562250269039,0.22
0.0091576579198358,0.25
0.0090100856656832,0.21
0.0083226518528113,0.14
0.0089271358894396,0.26
0.0089939961639387,0.22
0.0088903739608242,0.27
0.0089589898576121,0.29
0.0088876978295648,0.24
0.0087599461274318,0.23
0.0089278964863578,0.23
0.008830381584586,0.24
0.0091021455749518,0.21
0.0112658751891031,0.09
0.0082744421130846,0.1
0.0080357487345231,0.1
0.0091536443559144,0.1
0.0067966913898702,0.09
0.0080243387995433,0.1
0.0091635765626043,0.19
0.0091011915108096,0.19
0.0084339355654392,0.16
0.0092241063486925,0.19
0.0089954452076158,0.2
0.0089151529914129,0.18
0.0090908923538203,0.22
0.008872859541991,0.13
0.0080077219276642,0.11
0.0088586784351297,0.16
0.0091810220032803,0.14
0.0086110937456642,0.12
0.0090792602479718,0.13
0.0090336352017656,0.13
0.0090953717669131,0.1
0.0082203881476281,0.1
0.0094064780362571,0.1
0.0150698931791833,0.1
0.0094677305123457,0.1
0.0111541208505225,0.1
0.0049081545886478,0.1
0.0049098866414665,0.1
0.0091109246207182,0.11
0.0084718049885708,0.1
0.0080758305806858,0.1
0.0422942351397978,0.11
0.049865294817572,0.1
0.0422967300330738,0.11
0.0584388265012105,0.11
0.0734882603698798,0.1
0.0065539502250834,0.1
0.0396428310312927,0.12
0.0705129583795748,0.12
0.006023729125612,0.09
0.0098313162123132,0.1
0.0481481482019819,0.12
0.0469123804333504,0.12
0.0779797001443544,0.09
0.0107705980347725,0.11
0.0680744028687785,0.12
0.0070012899760088,0.11
0.036709730566859,0.1
0.0843294286854064,0.09
0.063097224880295,0.1
0.0328265635654531,0.1
0.0338595762715168,0.12
0.024770729009128,0.12
0.0483002362553934,0.12
0.0691213477510434,0.13
0.070575500695865,0.12
0.0399934910045826,0.12
0.0580587187490127,0.11
0.0319960158903906,0.11
0.3231109677179697,0.09
0.0621671715012201,0.13
0.0060895985684751,0.1
0.0151829492036582,0.1
0.0457987612965517,0.11
0.0066062184706087,0.11
0.0068671822132071,0.1
0.0095352629501158,0.1
0.0394871495445133,0.11
0.0258461708882996,0.11
0.0095821545384436,0.1
0.0446528561316015,0.11
0.0398556224493709,0.12
0.0625817041949288,0.11
0.0358003474436072,0.1
0.0481686934635924,0.11
0.0234081391847588,0.12
0.0586916953455239,0.11
0.2160753968633105,0.1
0.036347611782436,0.1
0.0443777242077636,0.11
0.0199424951398777,0.11
0.0043402374580491,0.11
0.0133925144476733,0.11
0.003136144200289,0.1
0.0073692274226257,0.1
0.0140721672839035,0.11
0.0044610307666638,0.13
0.0047217451212621,0.11
0.013391370042568,0.1
0.3220332913010416,0.1
0.0046279886612107,0.11
0.026135327171115,0.1
0.0132966601203244,0.12
0.0128744077495297,0.12
0.0059452884124067,0.11
0.0043192779048247,0.13
0.3626275798366554,0.66
0.3420754525664904,0.66
0.3460245289362398,0.66
0.344414159762113,0.67
0.3158177844858582,0.67
0.1305850930670614,0.11
0.0110438477330191,0.1
0.2966305603122646,0.11
0.3388287762680288,0.11
0.0059116665082996,0.12
0.0191631277327867,0.11
0.2825358975763669,0.13
0.0076175756785178,0.11
0.0191118075852915,0.11
0.1094847676827217,0.13
0.3491479060097278,0.2
0.2815376183548893,0.21
0.3070554279271604,0.2
0.2700996984741954,0.19
0.0053378160419845,0.11
0.0100053775101858,0.11
0.3078768584765911,0.12
0.0113098955501546,0.11
0.0063272136654736,0.11
0.0111947592936676,0.1
0.012132055398095,0.1
0.014116923346962,0.11
0.011131058399491,0.11
0.0071119121462232,0.11
0.3354454617095657,0.13
0.0150914996162764,0.11
0.3357460682902508,0.12
0.0063125947806192,0.11
0.0677980796854541,0.11
0.2751935659038289,0.11
0.139812162139616,0.29
0.1081499122316997,0.26
0.1140814726921297,0.31
0.1498022639486699,0.31
0.1288911267229208,0.3
0.1011558771772401,0.38
0.1048132808827467,0.36
0.1059691784295847,0.4
0.1067519716218149,0.38
0.1006127580423764,0.38
0.1148522593980843,0.34
0.0887036104310052,0.34
0.1102868890837391,0.32
0.0995251067988875,0.32
0.1069799687389878,0.36
0.1084482381914611,0.4
0.0957469116400347,0.37
0.0907201257369134,0.2
0.1095743033917023,0.42
0.1006457103909158,0.35
0.108687980587333,0.35
0.1076348540256987,0.4
0.1071315920556197,0.38
0.1068763708975167,0.36
0.1152996065653539,0.33
0.1296522283534405,0.17
0.1280479632420201,0.13
0.1314080255458034,0.16
0.2031490898057512,0.14
0.1351716761752399,0.16
0.0989281903001936,0.42
0.1027324000998914,0.38
0.1072048493983639,0.33
0.1038494435552246,0.41
0.1021560410475584,0.36
0.1341618183381042,0.16
0.1151756168368266,0.17
0.1456539044906382,0.17
0.1017520489676398,0.15
0.1005173635820976,0.19
0.0928926973552383,0.35
0.1069589853175389,0.33
0.1025666588655761,0.38
0.1039836228079296,0.31
0.0974611407399456,0.36
0.7864186779223997,0.88
0.771897789024314,0.88
0.8002422898206292,0.89
0.7677687490511156,0.88
0.7863784442048076,0.88
0.871704222610422,0.81
0.8591306201196723,0.81
0.8425457233384672,0.82
0.8698065355904353,0.82
0.8554334340734284,0.81
0.8720141653024078,0.82
0.8419473996231309,0.82
0.8618337639015984,0.83
0.8369128814784982,0.82
0.8417225262520391,0.81
0.8680509881426864,0.81
0.8599417893001888,0.81
0.8720460214708462,0.81
0.8449563904504437,0.81
0.8529791348036039,0.82
0.8532351467446322,0.81
0.8316151275357564,0.81
0.8649110633184082,0.81
0.8598237976898191,0.81
0.8840204460373995,0.81
0.8375637893072431,0.82
0.861831425197846,0.82
0.8644297743307444,0.82
0.8694248082273593,0.81
0.85936300001382,0.82
0.8495652802189824,0.8
0.8399196564965538,0.81
0.8611044397152033,0.8
0.8724219145510932,0.81
0.8574422520347796,0.82
0.8489394925200194,0.82
0.850478079980566,0.81
0.849757147731849,0.82
0.8511360211908275,0.81
0.8461292068435928,0.8
0.852103004563105,0.82
0.7573902968504713,0.83
0.8374651733836621,0.81
0.8383435236596447,0.83
0.8423006419240555,0.83
0.850906684887914,0.81
0.8864796245434481,0.81
0.7496019960885166,0.84
0.8712640134483798,0.82
0.8683962912335513,0.81
0.8502703460427204,0.82
0.7659182332617993,0.83
0.8615684232676495,0.81
0.8652605139803451,0.82
0.7884791286018583,0.84
0.0062224476215613,0.19
0.0114296301479922,0.12
0.0062638205642337,0.19
0.0060250220280965,0.19
0.0060155247092565,0.19
0.0178182907892119,0.12
0.0059986675167982,0.18
0.006020610795046,0.19
0.0062394141713956,0.18
0.0061020945422408,0.18
0.0060649408992253,0.21
0.0057634429190168,0.21
0.0060668688899561,0.22
0.0061264310017095,0.21
0.0062807595329817,0.22
0.0059961100111682,0.22
0.0062212365542704,0.21
0.0060655372957728,0.2
0.0062235916591659,0.21
0.0060799026889418,0.21
0.0060353920355086,0.21
0.0095156251966801,0.13
0.0061900160403527,0.2
0.0058397724824453,0.21
0.0059339383941053,0.2
0.0072537107795345,0.14
0.0059804355326968,0.22
0.0058951638041417,0.22
0.0073113567270316,0.14
0.0060034379178382,0.18
0.0062997218819389,0.2
0.0092013568594285,0.13
0.0082915894889363,0.13
0.0061091573068605,0.2
0.0060139396150424,0.2
0.0062352371278598,0.21
0.0062597865029145,0.21
0.0060654443434761,0.21
0.0060496260042875,0.22
0.0061004199736484,0.21
0.0060699914326094,0.21
0.0063637863824272,0.2
0.008302614162294,0.15
0.0061724911403423,0.21
0.0060826109116871,0.2
0.0060672646441559,0.2
0.0060182595924547,0.2
0.0061076284466781,0.2
0.0062887793792713,0.2
0.006218646501159,0.2
0.0091139841853121,0.17
0.0015317731576458,0.14
0.0021089534587573,0.14
0.0021558008819896,0.14
0.0085877527932529,0.16
0.0087349898331249,0.21
0.0094211934239267,0.21
0.0091841620366649,0.22
0.008300409637148,0.2
0.0090447696794804,0.21
0.0139282202711082,0.17
0.0084171038597242,0.2
0.0085317334298118,0.2
0.00675348866288,0.13
0.0091356284157323,0.22
0.0091977054401128,0.22
0.0093223187969996,0.22
0.0094425479375604,0.21
0.0092808376057044,0.2
0.0083722671329937,0.2
0.0089583202018291,0.24
0.0093931829614059,0.25
0.0090245604256563,0.22
0.0092599322511336,0.2
0.0092219242204307,0.24
0.0096540651623656,0.18
0.0146884429146189,0.15
0.0086269568375709,0.17
0.0089851959575224,0.17
0.0052401265051263,0.12
0.008937909305063,0.22
0.00895092524654,0.2
0.010565097112334,0.18
0.0089553510366956,0.22
0.0089476589066741,0.21
0.0102425303947307,0.18
0.0086978581394572,0.21
0.0085416780842333,0.2
0.009889802429946,0.2
0.0091722080427306,0.22
0.0085796762678194,0.17
0.0092508128930859,0.16
0.0187334586874436,0.13
0.0093425745476394,0.19
0.0156910673921178,0.13
0.0086794922852739,0.19
0.0082313265399478,0.19
0.0090876114559976,0.21
0.0121501735532462,0.17
0.0133852284753614,0.16
0.0087240522365355,0.15
0.0016122860659192,0.13
0.0073697936347862,0.13
0.0130372493058664,0.13
0.0012570746943444,0.13
0.0078913400080505,0.15
0.0089116328109992,0.15
0.0098457353896489,0.15
0.0012842700940384,0.13
0.0076412508046112,0.14
0.0056590058293061,0.13
0.0053977094100841,0.13
0.0081089228531319,0.15
0.0084693678861951,0.13
0.0124082659450867,0.14
0.0101909890468857,0.15
0.0218952148737714,0.14
0.0012848536971971,0.12
0.007807461394321,0.15
0.0125534341149983,0.15
0.0145474743592464,0.14
0.0080232180518983,0.15
0.1673879975341355,0.12
0.0074216060257999,0.15
0.0050319825559575,0.13
0.004246779301003,0.13
0.0016143120525089,0.13
0.0018188173377205,0.13
0.0044861159352626,0.13
0.0016256093071229,0.13
0.0537109759724871,0.12
0.0047850398041354,0.14
0.0087250826208951,0.15
0.0051292879423826,0.13
0.0048330160618318,0.13
0.0042881704242797,0.13
0.0041658169603021,0.13
0.0080374210984851,0.17
0.0042606289109481,0.13
0.0084766736576385,0.16
0.0076857453892871,0.16
0.0076469237656237,0.16
0.0040117966446124,0.13
0.0077141543770336,0.17
0.0076626414297018,0.17
0.0016178278389192,0.13
0.0050735388678227,0.14
0.0092384364899311,0.15
0.0245344309943255,0.14
0.0101519640191377,0.15
0.0048274201610678,0.13
0.0015957491619934,0.15
0.002039148472202,0.14
0.0011530944070029,0.15
0.0015600952467418,0.15
0.001132863697974,0.15
0.0011016865686104,0.15
0.0020885615704968,0.13
0.020680834517802,0.13
0.0019475779881729,0.14
0.0023617670578228,0.13
0.0022809104176494,0.15
0.0011670260296799,0.15
0.0062416245491476,0.13
0.0129936542019057,0.14
0.095220795284678,0.26
0.0778216313687243,0.24
0.0942481361954235,0.27
0.0900530291673509,0.26
0.0892652281571714,0.26
0.0011413826550605,0.15
0.0022859154232235,0.13
0.0016208824944531,0.14
0.001165826507986,0.15
0.0016655806605618,0.14
0.0057521167707516,0.13
0.0017089366898766,0.14
0.0021215095294217,0.14
0.0087196731059315,0.13
0.0011459444349045,0.15
0.0011563583436639,0.15
0.0023340242738579,0.13
0.0022542458172236,0.13
0.0034656859675141,0.13
0.0016084861909044,0.14
0.0048392381268472,0.13
0.0011834527502974,0.15
0.0022272425929422,0.13
0.0023209555504877,0.13
0.0011334895063439,0.16
0.0015494348385548,0.14
0.0020989064595086,0.15
0.0016262158226988,0.14
0.0021734407343674,0.14
0.0020720425576446,0.12
0.0015187966353481,0.14
0.0021615813564886,0.14
0.1423333904220522,0.14
0.002174711821113,0.14
0.0011071834703475,0.15
