pdb,query,seed,sample,data_file,chain_iptm,chain_pair_iptm,chain_pair_pae_min,chain_ptm,fraction_disordered,has_clash,ipTM,pTM,ranking_confidence,format,contacts_AH,plddt_AH,pae_AH,contacts_AL,plddt_AL,pae_AL,contacts_HL,plddt_HL,pae_HL,total_contacts,avg_interface_plddt,avg_interface_pae,pdockq,pdockq2_A,pdockq2_B,pdockq2_C,mpdockq
/home/cseomoon/project/ABAG/AbNb_benchmark/AF3_results/7q0i_7q0i/seed-1_sample-0/model.cif,7q0i_7q0i,1,0,/home/cseomoon/project/ABAG/AbNb_benchmark/AF3_results/7q0i_7q0i/seed-1_sample-0/confidences.json,"[0.13, 0.5, 0.5]","[[0.85, 0.13, 0.13], [0.13, 0.87, 0.88], [0.13, 0.88, 0.87]]","[[0.76, 24.88, 25.82], [14.22, 0.76, 0.99], [14.07, 1.01, 0.76]]","[0.85, 0.87, 0.87]",0.0,0.0,0.38,0.52,0.41,AF3,2317.0,55.52267587397497,27.833001107419708,1938.0,66.1238802889577,28.086968449931415,4921.0,79.47378581589108,4.624755989352263,9176.0,67.04011399294124,20.181575182234464,0.4459754447341812,0.009409901274673307,0.18378666983877845,0.18829852417842197,0.26200031033505516
/home/cseomoon/project/ABAG/AbNb_benchmark/AF3_results/7q0i_7q0i/seed-1_sample-1/model.cif,7q0i_7q0i,1,1,/home/cseomoon/project/ABAG/AbNb_benchmark/AF3_results/7q0i_7q0i/seed-1_sample-1/confidences.json,"[0.1, 0.5, 0.49]","[[0.85, 0.11, 0.1], [0.11, 0.87, 0.88], [0.1, 0.88, 0.88]]","[[0.76, 26.32, 26.68], [15.5, 0.76, 0.98], [15.42, 0.99, 0.76]]","[0.85, 0.87, 0.88]",0.0,0.0,0.37,0.52,0.4,AF3,2244.0,50.447056595365424,28.67928388746803,1793.0,61.75956218627997,28.721346153846152,4975.0,78.78433567839195,4.482446808510639,9012.0,63.66365148667912,20.627692283274943,0.40952266872507753,0.008956872528468413,0.16587302493104653,0.2103100537025596,0.2620002108233677
/home/cseomoon/project/ABAG/AbNb_benchmark/AF3_results/7q0i_7q0i/seed-1_sample-2/model.cif,7q0i_7q0i,1,2,/home/cseomoon/project/ABAG/AbNb_benchmark/AF3_results/7q0i_7q0i/seed-1_sample-2/confidences.json,"[0.12, 0.5, 0.5]","[[0.85, 0.12, 0.12], [0.12, 0.87, 0.89], [0.12, 0.89, 0.87]]","[[0.76, 24.64, 25.57], [14.58, 0.76, 0.99], [14.27, 0.99, 0.76]]","[0.85, 0.87, 0.87]",0.0,0.0,0.38,0.52,0.41,AF3,2663.0,55.04519339091251,27.88646153846154,1264.0,62.02383702531646,28.07447619047619,4994.0,78.56319883860633,4.3980525362318845,8921.0,65.2107430849451,20.119663421723207,0.40085469205827495,0.009377479658100037,0.14278916001768882,0.4519450628168257,0.2620001925438843
/home/cseomoon/project/ABAG/AbNb_benchmark/AF3_results/7q0i_7q0i/seed-1_sample-3/model.cif,7q0i_7q0i,1,3,/home/cseomoon/project/ABAG/AbNb_benchmark/AF3_results/7q0i_7q0i/seed-1_sample-3/confidences.json,"[0.12, 0.5, 0.5]","[[0.85, 0.12, 0.12], [0.12, 0.87, 0.89], [0.12, 0.89, 0.87]]","[[0.76, 24.88, 26.36], [14.8, 0.76, 0.98], [14.4, 1.0, 0.76]]","[0.85, 0.87, 0.87]",0.0,0.0,0.38,0.52,0.41,AF3,2210.0,52.65459728506787,27.83575498575499,1745.0,61.49794269340975,28.40106100795756,4805.0,79.84534131113423,4.348595744680852,8760.0,64.66596042987062,20.195137246131132,0.4101891190371335,0.009353166197746187,0.08732353304410244,0.21862764574160015,0.2620002123014987
/home/cseomoon/project/ABAG/AbNb_benchmark/AF3_results/7q0i_7q0i/seed-1_sample-4/model.cif,7q0i_7q0i,1,4,/home/cseomoon/project/ABAG/AbNb_benchmark/AF3_results/7q0i_7q0i/seed-1_sample-4/confidences.json,"[0.11, 0.5, 0.5]","[[0.84, 0.11, 0.11], [0.11, 0.87, 0.88], [0.11, 0.88, 0.88]]","[[0.76, 26.79, 26.52], [16.52, 0.76, 1.01], [16.4, 1.01, 0.76]]","[0.84, 0.87, 0.88]",0.0,0.0,0.37,0.53,0.4,AF3,1688.0,62.60895142180095,28.673447204968944,1182.0,75.24369289340102,28.624485125858122,4948.0,79.16543451899759,4.932173913043478,7818.0,72.33935961139986,20.743368747956847,0.4729856938245162,0.009916873240497007,0.12723643402574922,0.19516546680037272,0.2620004170921102
/home/cseomoon/project/ABAG/AbNb_benchmark/AF3_results/7q0i_7q0i/seed-2_sample-0/model.cif,7q0i_7q0i,2,0,/home/cseomoon/project/ABAG/AbNb_benchmark/AF3_results/7q0i_7q0i/seed-2_sample-0/confidences.json,"[0.78, 0.85, 0.84]","[[0.87, 0.78, 0.78], [0.78, 0.9, 0.91], [0.78, 0.91, 0.88]]","[[0.76, 2.02, 1.98], [1.91, 0.76, 0.94], [1.85, 0.96, 0.76]]","[0.87, 0.9, 0.88]",0.0,0.0,0.81,0.84,0.81,AF3,2537.0,82.67864406779661,6.607486631016044,2054.0,87.25965189873418,5.098299319727891,4837.0,95.11236303493901,2.438088888888889,9428.0,88.3502196671566,4.714624946544274,0.6201020987071485,0.31436142056517447,0.7814964160866356,0.8560283398148096,0.26200314360156024
/home/cseomoon/project/ABAG/AbNb_benchmark/AF3_results/7q0i_7q0i/seed-2_sample-1/model.cif,7q0i_7q0i,2,1,/home/cseomoon/project/ABAG/AbNb_benchmark/AF3_results/7q0i_7q0i/seed-2_sample-1/confidences.json,"[0.78, 0.84, 0.84]","[[0.87, 0.78, 0.77], [0.78, 0.9, 0.91], [0.77, 0.91, 0.88]]","[[0.76, 2.09, 2.03], [1.93, 0.76, 0.93], [1.92, 0.96, 0.76]]","[0.87, 0.9, 0.88]",0.0,0.0,0.8,0.84,0.81,AF3,2594.0,82.76332305319968,6.607922077922078,2040.0,87.28840686274509,5.157931034482759,4873.0,94.97996819207881,2.4010230179028134,9507.0,88.3438993693412,4.722292043435884,0.6203273317963982,0.2997692337873721,0.7686490264701258,0.8537100146573948,0.2620031568018439
/home/cseomoon/project/ABAG/AbNb_benchmark/AF3_results/7q0i_7q0i/seed-2_sample-2/model.cif,7q0i_7q0i,2,2,/home/cseomoon/project/ABAG/AbNb_benchmark/AF3_results/7q0i_7q0i/seed-2_sample-2/confidences.json,"[0.78, 0.85, 0.84]","[[0.87, 0.79, 0.78], [0.79, 0.9, 0.91], [0.78, 0.91, 0.88]]","[[0.76, 1.99, 2.0], [1.9, 0.76, 0.94], [1.84, 0.97, 0.76]]","[0.87, 0.9, 0.88]",0.0,0.0,0.81,0.84,0.81,AF3,2512.0,83.41290804140128,6.538368983957219,2028.0,87.52241863905326,5.063448275862069,4830.0,95.11413664596274,2.4121333333333332,9370.0,88.68315444213908,4.671316864384207,0.6118612679956962,0.31445233887911,0.7890020284312855,0.862733055488329,0.2620027077308982
/home/cseomoon/project/ABAG/AbNb_benchmark/AF3_results/7q0i_7q0i/seed-2_sample-3/model.cif,7q0i_7q0i,2,3,/home/cseomoon/project/ABAG/AbNb_benchmark/AF3_results/7q0i_7q0i/seed-2_sample-3/confidences.json,"[0.78, 0.84, 0.85]","[[0.87, 0.78, 0.79], [0.78, 0.9, 0.91], [0.79, 0.91, 0.88]]","[[0.76, 1.95, 1.92], [1.87, 0.76, 0.93], [1.81, 0.96, 0.76]]","[0.87, 0.9, 0.88]",0.0,0.0,0.81,0.84,0.81,AF3,2534.0,83.11520915548539,6.549316770186336,2098.0,87.7243255481411,4.9921428571428565,4889.0,95.03177336878707,2.4206956521739134,9521.0,88.62376935747119,4.654051759834369,0.6249674737213677,0.3372563994117138,0.7827355824503586,0.8461332350407693,0.26200344629740485
/home/cseomoon/project/ABAG/AbNb_benchmark/AF3_results/7q0i_7q0i/seed-2_sample-4/model.cif,7q0i_7q0i,2,4,/home/cseomoon/project/ABAG/AbNb_benchmark/AF3_results/7q0i_7q0i/seed-2_sample-4/confidences.json,"[0.78, 0.85, 0.84]","[[0.86, 0.78, 0.78], [0.78, 0.9, 0.91], [0.78, 0.91, 0.88]]","[[0.76, 2.03, 2.0], [1.95, 0.76, 0.93], [1.86, 0.96, 0.76]]","[0.86, 0.9, 0.88]",0.0,0.0,0.8,0.84,0.81,AF3,2619.0,82.15237113402061,7.109541062801931,2107.0,87.60414095870905,5.078981937602627,4922.0,95.01999593661114,2.394434782608696,9648.0,88.25883600978027,4.860985927671085,0.6268129846107255,0.32045933057409337,0.7813347400026723,0.8538746523633548,0.26200357147096026
/home/cseomoon/project/ABAG/AbNb_benchmark/AF3_results/7q0i_7q0i/seed-3_sample-0/model.cif,7q0i_7q0i,3,0,/home/cseomoon/project/ABAG/AbNb_benchmark/AF3_results/7q0i_7q0i/seed-3_sample-0/confidences.json,"[0.11, 0.5, 0.5]","[[0.84, 0.11, 0.11], [0.11, 0.87, 0.88], [0.11, 0.88, 0.88]]","[[0.76, 25.57, 26.04], [15.22, 0.76, 1.01], [15.49, 0.99, 0.76]]","[0.84, 0.87, 0.88]",0.0,0.0,0.37,0.53,0.4,AF3,2103.0,63.10196623870661,28.35415584415584,2298.0,72.40019147084422,28.43034482758621,5112.0,78.77356514084507,4.162731481481481,9513.0,71.42524095013196,20.31574405107451,0.5134524004220495,0.009952920472449061,0.1740074830152245,0.18538202272817272,0.26200066588440624
/home/cseomoon/project/ABAG/AbNb_benchmark/AF3_results/7q0i_7q0i/seed-3_sample-1/model.cif,7q0i_7q0i,3,1,/home/cseomoon/project/ABAG/AbNb_benchmark/AF3_results/7q0i_7q0i/seed-3_sample-1/confidences.json,"[0.12, 0.5, 0.5]","[[0.84, 0.12, 0.12], [0.12, 0.87, 0.89], [0.12, 0.89, 0.88]]","[[0.76, 25.69, 26.89], [14.03, 0.76, 1.0], [14.15, 0.99, 0.76]]","[0.84, 0.87, 0.88]",0.0,0.0,0.38,0.53,0.41,AF3,2490.0,64.91695180722893,28.141041041041042,1280.0,74.55409374999999,28.574650349650348,4926.0,80.19937677628909,4.322378516624041,8696.0,73.22347411117268,20.34602330243848,0.48448629028126694,0.009893786232706831,0.14940451033575577,0.18914935363165244,0.26200047470514914
/home/cseomoon/project/ABAG/AbNb_benchmark/AF3_results/7q0i_7q0i/seed-3_sample-2/model.cif,7q0i_7q0i,3,2,/home/cseomoon/project/ABAG/AbNb_benchmark/AF3_results/7q0i_7q0i/seed-3_sample-2/confidences.json,"[0.12, 0.5, 0.5]","[[0.84, 0.12, 0.12], [0.12, 0.87, 0.89], [0.12, 0.89, 0.88]]","[[0.76, 25.7, 26.98], [13.85, 0.76, 0.99], [13.94, 0.98, 0.76]]","[0.84, 0.87, 0.88]",0.0,0.0,0.38,0.53,0.41,AF3,2462.0,64.14383631194151,28.186956521739134,1388.0,75.10815561959654,28.631555555555554,5045.0,78.83398116947471,4.707435897435897,8895.0,72.69532436700426,20.508649324910195,0.49226308254403095,0.009893887173080667,0.1333343035135484,0.1917450847685945,0.2620005188655592
/home/cseomoon/project/ABAG/AbNb_benchmark/AF3_results/7q0i_7q0i/seed-3_sample-3/model.cif,7q0i_7q0i,3,3,/home/cseomoon/project/ABAG/AbNb_benchmark/AF3_results/7q0i_7q0i/seed-3_sample-3/confidences.json,"[0.12, 0.51, 0.5]","[[0.84, 0.12, 0.12], [0.12, 0.87, 0.89], [0.12, 0.89, 0.88]]","[[0.76, 24.45, 25.63], [14.2, 0.76, 0.98], [14.53, 0.98, 0.76]]","[0.84, 0.87, 0.88]",0.0,0.0,0.38,0.52,0.41,AF3,3383.0,50.37485959207804,27.671759259259257,1231.0,54.104419171405354,28.244139194139194,4955.0,80.11118163471242,4.41804255319149,9569.0,61.53015346606528,20.111313668863314,0.3713740751338791,0.008678273673424256,0.11052953918660118,0.19463593481172978,0.26200014161430635
/home/cseomoon/project/ABAG/AbNb_benchmark/AF3_results/7q0i_7q0i/seed-3_sample-4/model.cif,7q0i_7q0i,3,4,/home/cseomoon/project/ABAG/AbNb_benchmark/AF3_results/7q0i_7q0i/seed-3_sample-4/confidences.json,"[0.12, 0.51, 0.51]","[[0.84, 0.12, 0.12], [0.12, 0.88, 0.89], [0.12, 0.89, 0.88]]","[[0.76, 24.98, 25.59], [14.69, 0.76, 0.98], [14.56, 0.99, 0.76]]","[0.84, 0.88, 0.88]",0.0,0.0,0.38,0.52,0.41,AF3,2529.0,54.28155595096876,27.773160173160175,2259.0,68.34795927401505,28.302142857142854,4739.0,80.88718611521418,3.9050872093023252,9527.0,67.83890044673267,19.993463413201784,0.4570948613191952,0.009377209561775873,0.11992817155073474,0.1808321749014735,0.2620003500747986
/home/cseomoon/project/ABAG/AbNb_benchmark/AF3_results/7q0i_7q0i/seed-4_sample-0/model.cif,7q0i_7q0i,4,0,/home/cseomoon/project/ABAG/AbNb_benchmark/AF3_results/7q0i_7q0i/seed-4_sample-0/confidences.json,"[0.81, 0.86, 0.86]","[[0.86, 0.81, 0.8], [0.81, 0.91, 0.91], [0.8, 0.91, 0.88]]","[[0.76, 1.6, 1.59], [1.69, 0.76, 0.95], [1.53, 0.96, 0.76]]","[0.86, 0.91, 0.88]",0.0,0.0,0.83,0.85,0.84,AF3,2988.0,82.82794678714859,7.808425720620844,2038.0,88.0793817468106,4.74375,5058.0,94.90078291814947,2.379428571428571,10084.0,88.60270381736954,4.977201430683139,0.629817606774241,0.2012603255090399,0.682215777461012,0.8724241552046932,0.2620037888690222
/home/cseomoon/project/ABAG/AbNb_benchmark/AF3_results/7q0i_7q0i/seed-4_sample-1/model.cif,7q0i_7q0i,4,1,/home/cseomoon/project/ABAG/AbNb_benchmark/AF3_results/7q0i_7q0i/seed-4_sample-1/confidences.json,"[0.81, 0.86, 0.85]","[[0.86, 0.82, 0.8], [0.82, 0.91, 0.91], [0.8, 0.91, 0.88]]","[[0.76, 1.54, 1.6], [1.68, 0.76, 0.95], [1.54, 0.96, 0.76]]","[0.86, 0.91, 0.88]",0.0,0.0,0.83,0.85,0.84,AF3,3125.0,83.3432768,7.8572562358276645,1952.0,88.45862961065573,4.690773809523809,5125.0,95.19035414634148,2.3309583333333332,10202.0,88.99742018566575,4.959662792894936,0.6339907107372346,0.18917130121725934,0.6949041579627644,0.8786482257016098,0.26200412193064293
/home/cseomoon/project/ABAG/AbNb_benchmark/AF3_results/7q0i_7q0i/seed-4_sample-2/model.cif,7q0i_7q0i,4,2,/home/cseomoon/project/ABAG/AbNb_benchmark/AF3_results/7q0i_7q0i/seed-4_sample-2/confidences.json,"[0.81, 0.86, 0.86]","[[0.86, 0.82, 0.8], [0.82, 0.91, 0.91], [0.8, 0.91, 0.88]]","[[0.76, 1.54, 1.58], [1.64, 0.76, 0.95], [1.54, 0.96, 0.76]]","[0.86, 0.91, 0.88]",0.0,0.0,0.84,0.85,0.84,AF3,3070.0,82.70179153094463,8.015584415584415,2097.0,88.40570338578921,4.766566716641679,5134.0,95.08676860148033,2.32175,10301.0,88.73142117273807,5.034633710742031,0.6394605415176372,0.16280493969993248,0.6742116277824267,0.8792276768174668,0.26200462244872946
/home/cseomoon/project/ABAG/AbNb_benchmark/AF3_results/7q0i_7q0i/seed-4_sample-3/model.cif,7q0i_7q0i,4,3,/home/cseomoon/project/ABAG/AbNb_benchmark/AF3_results/7q0i_7q0i/seed-4_sample-3/confidences.json,"[0.81, 0.86, 0.85]","[[0.86, 0.82, 0.8], [0.82, 0.9, 0.9], [0.8, 0.9, 0.88]]","[[0.76, 1.57, 1.65], [1.64, 0.76, 0.95], [1.57, 0.97, 0.76]]","[0.86, 0.9, 0.88]",0.0,0.0,0.83,0.85,0.84,AF3,2965.0,83.41145699831365,7.819727891156463,2011.0,88.10371456986574,4.882467532467533,5131.0,94.96769050867277,2.3471788715486195,10107.0,88.82762069228404,5.0164580983908715,0.6298107009008269,0.21421816199946156,0.7229440276273201,0.8753868952184507,0.26200378834890664
/home/cseomoon/project/ABAG/AbNb_benchmark/AF3_results/7q0i_7q0i/seed-4_sample-4/model.cif,7q0i_7q0i,4,4,/home/cseomoon/project/ABAG/AbNb_benchmark/AF3_results/7q0i_7q0i/seed-4_sample-4/confidences.json,"[0.81, 0.86, 0.85]","[[0.86, 0.82, 0.8], [0.82, 0.91, 0.91], [0.8, 0.91, 0.88]]","[[0.76, 1.57, 1.59], [1.7, 0.76, 0.95], [1.53, 0.96, 0.76]]","[0.86, 0.91, 0.88]",0.0,0.0,0.84,0.85,0.84,AF3,2811.0,84.14083778014943,7.384886363636364,1909.0,88.15311419591409,4.728422619047619,5048.0,95.16614005546751,2.3264166666666664,9768.0,89.15336401051034,4.813241883116883,0.6283975427849625,0.21731533703126182,0.7193428304768309,0.8863386178939932,0.26200368393545076
/home/cseomoon/project/ABAG/AbNb_benchmark/AF3_results/7q0i_7q0i/seed-5_sample-0/model.cif,7q0i_7q0i,5,0,/home/cseomoon/project/ABAG/AbNb_benchmark/AF3_results/7q0i_7q0i/seed-5_sample-0/confidences.json,"[0.81, 0.86, 0.86]","[[0.86, 0.82, 0.81], [0.82, 0.91, 0.91], [0.81, 0.91, 0.89]]","[[0.76, 1.51, 1.5], [1.52, 0.76, 0.93], [1.45, 0.93, 0.76]]","[0.86, 0.91, 0.89]",0.0,0.0,0.84,0.86,0.84,AF3,2956.0,83.61626691474966,7.61659090909091,1890.0,88.48370370370371,4.499677938808374,4997.0,95.80920252151292,2.239625,9843.0,89.3030577133221,4.785297949299761,0.6227025713254881,0.1526605593652574,0.6758609347013709,0.8962744095218742,0.26200330068808414
/home/cseomoon/project/ABAG/AbNb_benchmark/AF3_results/7q0i_7q0i/seed-5_sample-1/model.cif,7q0i_7q0i,5,1,/home/cseomoon/project/ABAG/AbNb_benchmark/AF3_results/7q0i_7q0i/seed-5_sample-1/confidences.json,"[0.81, 0.86, 0.86]","[[0.86, 0.81, 0.8], [0.81, 0.91, 0.91], [0.8, 0.91, 0.88]]","[[0.76, 1.57, 1.58], [1.61, 0.76, 0.95], [1.49, 0.95, 0.76]]","[0.86, 0.91, 0.88]",0.0,0.0,0.83,0.85,0.84,AF3,2889.0,83.70387504326756,7.682926829268292,2057.0,88.39124453087021,4.608184523809523,4999.0,95.22000400080017,2.3194893617021277,9945.0,89.10504119164598,4.870200238259982,0.6269911449287855,0.22824941376077584,0.7121459922616064,0.8757048347577568,0.26200358388050293
/home/cseomoon/project/ABAG/AbNb_benchmark/AF3_results/7q0i_7q0i/seed-5_sample-2/model.cif,7q0i_7q0i,5,2,/home/cseomoon/project/ABAG/AbNb_benchmark/AF3_results/7q0i_7q0i/seed-5_sample-2/confidences.json,"[0.81, 0.86, 0.85]","[[0.86, 0.81, 0.8], [0.81, 0.9, 0.9], [0.8, 0.9, 0.88]]","[[0.76, 1.59, 1.66], [1.63, 0.76, 0.96], [1.54, 0.96, 0.76]]","[0.86, 0.9, 0.88]",0.0,0.0,0.83,0.85,0.83,AF3,3010.0,83.1300581395349,8.141369047619047,2083.0,88.30788046087375,4.694791666666667,5096.0,95.4413157378336,2.3338333333333336,10189.0,88.95975144608076,5.056664682539683,0.6311923260285462,0.23068535422225836,0.7152668056371406,0.874309105283529,0.26200389438062344
/home/cseomoon/project/ABAG/AbNb_benchmark/AF3_results/7q0i_7q0i/seed-5_sample-3/model.cif,7q0i_7q0i,5,3,/home/cseomoon/project/ABAG/AbNb_benchmark/AF3_results/7q0i_7q0i/seed-5_sample-3/confidences.json,"[0.8, 0.86, 0.85]","[[0.86, 0.81, 0.8], [0.81, 0.91, 0.9], [0.8, 0.9, 0.88]]","[[0.76, 1.61, 1.64], [1.67, 0.76, 0.96], [1.54, 0.95, 0.76]]","[0.86, 0.91, 0.88]",0.0,0.0,0.83,0.85,0.83,AF3,2992.0,82.88745487967915,7.872981366459627,1892.0,87.822560782241,4.829220779220779,4882.0,95.18111020073741,2.3509565217391306,9766.0,88.63037528755251,5.017719555806512,0.6194700269275839,0.1823500728419983,0.6891555416501749,0.8738883899471953,0.2620031069538016
/home/cseomoon/project/ABAG/AbNb_benchmark/AF3_results/7q0i_7q0i/seed-5_sample-4/model.cif,7q0i_7q0i,5,4,/home/cseomoon/project/ABAG/AbNb_benchmark/AF3_results/7q0i_7q0i/seed-5_sample-4/confidences.json,"[0.8, 0.86, 0.85]","[[0.86, 0.81, 0.8], [0.81, 0.9, 0.9], [0.8, 0.9, 0.88]]","[[0.76, 1.64, 1.6], [1.66, 0.76, 0.96], [1.53, 0.96, 0.76]]","[0.86, 0.9, 0.88]",0.0,0.0,0.83,0.85,0.83,AF3,2916.0,83.49238854595336,7.645011086474502,2089.0,87.88614648157014,4.667672413793103,5090.0,95.27781434184676,2.3720833333333333,10095.0,88.88544978979009,4.894922277866979,0.6279610800624493,0.21808846368553444,0.7177848842838909,0.8745985218865748,0.2620036524811987
/home/cseomoon/project/ABAG/AbNb_benchmark/AF3_results/7q0i_7q0i/seed-6_sample-0/model.cif,7q0i_7q0i,6,0,/home/cseomoon/project/ABAG/AbNb_benchmark/AF3_results/7q0i_7q0i/seed-6_sample-0/confidences.json,"[0.81, 0.86, 0.85]","[[0.86, 0.81, 0.8], [0.81, 0.9, 0.9], [0.8, 0.9, 0.88]]","[[0.76, 1.72, 1.64], [1.7, 0.76, 0.96], [1.54, 0.96, 0.76]]","[0.86, 0.9, 0.88]",0.0,0.0,0.83,0.85,0.83,AF3,3017.0,83.9380709313888,7.446488294314381,2126.0,87.67218250235183,4.726571428571429,5194.0,94.81100211782825,2.4173061224489794,10337.0,88.8070851838563,4.863455281778263,0.6311546504615033,0.19502886221155333,0.6679695203251638,0.8626243315066701,0.2620038914357551
/home/cseomoon/project/ABAG/AbNb_benchmark/AF3_results/7q0i_7q0i/seed-6_sample-1/model.cif,7q0i_7q0i,6,1,/home/cseomoon/project/ABAG/AbNb_benchmark/AF3_results/7q0i_7q0i/seed-6_sample-1/confidences.json,"[0.81, 0.86, 0.86]","[[0.86, 0.82, 0.81], [0.82, 0.91, 0.91], [0.81, 0.91, 0.88]]","[[0.76, 1.67, 1.55], [1.69, 0.76, 0.95], [1.5, 0.96, 0.76]]","[0.86, 0.91, 0.88]",0.0,0.0,0.84,0.86,0.84,AF3,2887.0,84.40883443020437,7.4567447045707915,2055.0,87.80003406326033,4.425,5171.0,94.85415490233999,2.355714285714286,10113.0,89.02100779860156,4.745819663428359,0.6330205330603649,0.2029563638586147,0.6840834026118585,0.8696644022416872,0.2620040410254128
/home/cseomoon/project/ABAG/AbNb_benchmark/AF3_results/7q0i_7q0i/seed-6_sample-2/model.cif,7q0i_7q0i,6,2,/home/cseomoon/project/ABAG/AbNb_benchmark/AF3_results/7q0i_7q0i/seed-6_sample-2/confidences.json,"[0.81, 0.86, 0.85]","[[0.86, 0.81, 0.8], [0.81, 0.9, 0.9], [0.8, 0.9, 0.88]]","[[0.76, 1.73, 1.62], [1.75, 0.76, 0.95], [1.54, 0.96, 0.76]]","[0.86, 0.9, 0.88]",0.0,0.0,0.83,0.85,0.84,AF3,3113.0,83.3698795374237,7.520717948717949,2124.0,87.81548493408663,4.723034482758621,5225.0,94.78783062200958,2.370857142857143,10462.0,88.65773169783996,4.8715365247779046,0.6344466477194268,0.22049345967796516,0.6831003624763138,0.8701755150837672,0.26200416072084654
/home/cseomoon/project/ABAG/AbNb_benchmark/AF3_results/7q0i_7q0i/seed-6_sample-3/model.cif,7q0i_7q0i,6,3,/home/cseomoon/project/ABAG/AbNb_benchmark/AF3_results/7q0i_7q0i/seed-6_sample-3/confidences.json,"[0.82, 0.87, 0.87]","[[0.87, 0.82, 0.82], [0.82, 0.91, 0.91], [0.82, 0.91, 0.89]]","[[0.76, 1.59, 1.47], [1.69, 0.76, 0.93], [1.44, 0.93, 0.76]]","[0.87, 0.91, 0.89]",0.0,0.0,0.84,0.86,0.85,AF3,3210.0,82.28444392523365,7.540975609756098,2084.0,88.27952975047987,4.770341614906832,5049.0,95.01153198653198,2.249829787234043,10343.0,88.52516855408182,4.853715670632324,0.6347746565188718,0.18148965464930256,0.6524319608572314,0.8731902145558896,0.26200418893775523
/home/cseomoon/project/ABAG/AbNb_benchmark/AF3_results/7q0i_7q0i/seed-6_sample-4/model.cif,7q0i_7q0i,6,4,/home/cseomoon/project/ABAG/AbNb_benchmark/AF3_results/7q0i_7q0i/seed-6_sample-4/confidences.json,"[0.82, 0.86, 0.86]","[[0.86, 0.82, 0.81], [0.82, 0.91, 0.91], [0.81, 0.91, 0.88]]","[[0.76, 1.67, 1.51], [1.63, 0.76, 0.95], [1.46, 0.95, 0.76]]","[0.86, 0.91, 0.88]",0.0,0.0,0.84,0.86,0.84,AF3,2945.0,84.4886519524618,7.430100334448161,1982.0,87.76366548940464,4.424378881987578,5141.0,94.91318031511379,2.3385,10068.0,89.05516591899341,4.730993072145246,0.6290251279617974,0.23502796841103324,0.7127128493394103,0.8745785616864195,0.26200372981431436
/home/cseomoon/project/ABAG/AbNb_benchmark/AF3_results/7q0i_7q0i/seed-7_sample-0/model.cif,7q0i_7q0i,7,0,/home/cseomoon/project/ABAG/AbNb_benchmark/AF3_results/7q0i_7q0i/seed-7_sample-0/confidences.json,"[0.81, 0.86, 0.86]","[[0.87, 0.82, 0.81], [0.82, 0.91, 0.91], [0.81, 0.91, 0.88]]","[[0.76, 1.64, 1.6], [1.6, 0.76, 0.95], [1.51, 0.95, 0.76]]","[0.87, 0.91, 0.88]",0.0,0.0,0.84,0.86,0.84,AF3,3103.0,83.62654527876248,7.374027459954233,2083.0,87.83989918386942,4.445684523809524,5210.0,94.8185076775432,2.3569795918367347,10396.0,88.7616507133917,4.725563858533497,0.6366042250390269,0.19562596698340443,0.6704958077422721,0.8721809933403456,0.2620043512514785
/home/cseomoon/project/ABAG/AbNb_benchmark/AF3_results/7q0i_7q0i/seed-7_sample-1/model.cif,7q0i_7q0i,7,1,/home/cseomoon/project/ABAG/AbNb_benchmark/AF3_results/7q0i_7q0i/seed-7_sample-1/confidences.json,"[0.81, 0.86, 0.85]","[[0.87, 0.82, 0.8], [0.82, 0.91, 0.9], [0.8, 0.9, 0.88]]","[[0.76, 1.7, 1.62], [1.64, 0.76, 0.95], [1.52, 0.97, 0.76]]","[0.87, 0.91, 0.88]",0.0,0.0,0.84,0.85,0.84,AF3,3130.0,83.30290095846645,7.288157894736841,2120.0,87.63852358490567,4.440029985007496,5220.0,94.77502394636015,2.3820728291316526,10470.0,88.57214949657742,4.703420236291996,0.6296055934571286,0.21239334882925787,0.6796427105679269,0.8644086565600866,0.2620037729456124
/home/cseomoon/project/ABAG/AbNb_benchmark/AF3_results/7q0i_7q0i/seed-7_sample-2/model.cif,7q0i_7q0i,7,2,/home/cseomoon/project/ABAG/AbNb_benchmark/AF3_results/7q0i_7q0i/seed-7_sample-2/confidences.json,"[0.81, 0.86, 0.86]","[[0.87, 0.82, 0.81], [0.82, 0.91, 0.91], [0.81, 0.91, 0.88]]","[[0.76, 1.68, 1.55], [1.58, 0.76, 0.95], [1.47, 0.96, 0.76]]","[0.87, 0.91, 0.88]",0.0,0.0,0.84,0.86,0.84,AF3,3062.0,83.23431580666231,7.221052631578947,2063.0,87.83428259815803,4.358540372670808,5157.0,94.84063408958696,2.3602448979591837,10282.0,88.6364108314691,4.646612634069647,0.6304461753085104,0.21710861267291942,0.6745540030330041,0.8707737837845536,0.26200383662122684
/home/cseomoon/project/ABAG/AbNb_benchmark/AF3_results/7q0i_7q0i/seed-7_sample-3/model.cif,7q0i_7q0i,7,3,/home/cseomoon/project/ABAG/AbNb_benchmark/AF3_results/7q0i_7q0i/seed-7_sample-3/confidences.json,"[0.81, 0.86, 0.86]","[[0.87, 0.82, 0.81], [0.82, 0.91, 0.9], [0.81, 0.9, 0.88]]","[[0.76, 1.7, 1.58], [1.6, 0.76, 0.96], [1.48, 0.96, 0.76]]","[0.87, 0.91, 0.88]",0.0,0.0,0.84,0.86,0.84,AF3,3099.0,83.16369151339141,7.22621052631579,1998.0,87.5450025025025,4.4985893416927905,5158.0,94.93437960449786,2.3624489795918366,10255.0,88.54769120679725,4.695749615866806,0.6274326819026628,0.2113019078227942,0.6746836020260387,0.8643917771243725,0.2620036148894551
/home/cseomoon/project/ABAG/AbNb_benchmark/AF3_results/7q0i_7q0i/seed-7_sample-4/model.cif,7q0i_7q0i,7,4,/home/cseomoon/project/ABAG/AbNb_benchmark/AF3_results/7q0i_7q0i/seed-7_sample-4/confidences.json,"[0.82, 0.86, 0.86]","[[0.87, 0.82, 0.81], [0.82, 0.91, 0.91], [0.81, 0.91, 0.88]]","[[0.76, 1.69, 1.58], [1.58, 0.76, 0.95], [1.48, 0.96, 0.76]]","[0.87, 0.91, 0.88]",0.0,0.0,0.84,0.86,0.84,AF3,3012.0,83.79290338645417,7.157437070938215,2089.0,87.85956438487314,4.371064467766117,5159.0,94.83983233184725,2.35,10260.0,88.83076670105818,4.626167179568111,0.6330646115914944,0.21626694321089202,0.6775590735254949,0.868322432305915,0.2620040446537736
/home/cseomoon/project/ABAG/AbNb_benchmark/AF3_results/7q0i_7q0i/seed-8_sample-0/model.cif,7q0i_7q0i,8,0,/home/cseomoon/project/ABAG/AbNb_benchmark/AF3_results/7q0i_7q0i/seed-8_sample-0/confidences.json,"[0.12, 0.5, 0.5]","[[0.85, 0.12, 0.11], [0.12, 0.88, 0.89], [0.11, 0.89, 0.88]]","[[0.76, 25.75, 26.41], [14.42, 0.76, 0.99], [14.39, 0.99, 0.76]]","[0.85, 0.88, 0.88]",0.0,0.0,0.38,0.53,0.41,AF3,2541.0,65.78722353404171,27.937844611528824,1245.0,75.19571485943776,28.441854636591476,5035.0,80.09145580933465,4.324399092970522,8821.0,73.69146473427138,20.234699447030277,0.48142111678876254,0.009971303406574376,0.15102713933038012,0.29307381493647383,0.26200045850428105
/home/cseomoon/project/ABAG/AbNb_benchmark/AF3_results/7q0i_7q0i/seed-8_sample-1/model.cif,7q0i_7q0i,8,1,/home/cseomoon/project/ABAG/AbNb_benchmark/AF3_results/7q0i_7q0i/seed-8_sample-1/confidences.json,"[0.11, 0.5, 0.5]","[[0.85, 0.12, 0.11], [0.12, 0.87, 0.88], [0.11, 0.88, 0.88]]","[[0.76, 25.49, 25.87], [16.17, 0.76, 0.99], [16.21, 1.0, 0.76]]","[0.85, 0.87, 0.88]",0.0,0.0,0.37,0.53,0.4,AF3,2348.0,62.806477853492325,27.67380434782609,1251.0,74.7427657873701,28.574901185770752,4819.0,80.50172857439303,4.362118408880667,8418.0,72.68365740508516,20.203607980825836,0.4724723952660583,0.009975033739777792,0.06566509631120712,0.3676208028662249,0.2620004147131921
/home/cseomoon/project/ABAG/AbNb_benchmark/AF3_results/7q0i_7q0i/seed-8_sample-2/model.cif,7q0i_7q0i,8,2,/home/cseomoon/project/ABAG/AbNb_benchmark/AF3_results/7q0i_7q0i/seed-8_sample-2/confidences.json,"[0.14, 0.51, 0.51]","[[0.85, 0.14, 0.14], [0.14, 0.87, 0.88], [0.14, 0.88, 0.88]]","[[0.76, 23.88, 25.54], [14.16, 0.76, 0.98], [14.4, 1.0, 0.76]]","[0.85, 0.87, 0.88]",0.0,0.0,0.39,0.53,0.42,AF3,2603.0,56.93975605071072,27.328019323671498,2323.0,68.11444898837709,28.144876660341556,5071.0,79.93826168408597,4.672599637681159,9997.0,68.33082224105793,20.048498540564736,0.45652181820396226,0.009544133217643058,0.1137655264226524,0.1736109756751247,0.2620003478943712
/home/cseomoon/project/ABAG/AbNb_benchmark/AF3_results/7q0i_7q0i/seed-8_sample-3/model.cif,7q0i_7q0i,8,3,/home/cseomoon/project/ABAG/AbNb_benchmark/AF3_results/7q0i_7q0i/seed-8_sample-3/confidences.json,"[0.1, 0.49, 0.49]","[[0.85, 0.11, 0.1], [0.11, 0.87, 0.88], [0.1, 0.88, 0.88]]","[[0.76, 25.98, 26.5], [16.92, 0.76, 1.01], [16.95, 1.01, 0.76]]","[0.85, 0.87, 0.88]",0.0,0.0,0.37,0.53,0.4,AF3,1599.0,60.81610068792996,28.23712121212121,1038.0,65.73434489402698,28.97833333333333,4780.0,81.40426882845189,4.170643939393939,7417.0,69.31823813680295,20.462032828282826,0.44890301634714075,0.009808042191402529,0.22911670714374927,0.3586508174765692,0.2620003202914231
/home/cseomoon/project/ABAG/AbNb_benchmark/AF3_results/7q0i_7q0i/seed-8_sample-4/model.cif,7q0i_7q0i,8,4,/home/cseomoon/project/ABAG/AbNb_benchmark/AF3_results/7q0i_7q0i/seed-8_sample-4/confidences.json,"[0.11, 0.5, 0.5]","[[0.85, 0.11, 0.11], [0.11, 0.87, 0.89], [0.11, 0.89, 0.88]]","[[0.76, 25.79, 26.95], [14.84, 0.76, 0.99], [14.74, 1.01, 0.76]]","[0.85, 0.87, 0.88]",0.0,0.0,0.37,0.52,0.4,AF3,2666.0,55.59424231057764,28.363809523809525,735.0,56.7141224489796,29.083295194508008,4854.0,80.70740111248455,4.248143115942029,8255.0,64.33858862401392,20.565082611419854,0.39579275855553364,0.009274742841649461,0.06749010070902597,0.4586014486969191,0.26200018263356806
/home/cseomoon/project/ABAG/AbNb_benchmark/AF3_results/7q0i_7q0i/seed-9_sample-0/model.cif,7q0i_7q0i,9,0,/home/cseomoon/project/ABAG/AbNb_benchmark/AF3_results/7q0i_7q0i/seed-9_sample-0/confidences.json,"[0.8, 0.85, 0.85]","[[0.86, 0.8, 0.8], [0.8, 0.9, 0.9], [0.8, 0.9, 0.88]]","[[0.76, 1.76, 1.84], [1.82, 0.76, 0.94], [1.67, 0.97, 0.76]]","[0.86, 0.9, 0.88]",0.0,0.0,0.82,0.85,0.83,AF3,2919.0,83.45743062692702,7.4682274247491645,2095.0,87.64657995226732,4.68648275862069,5096.0,94.6581014521193,2.4584150326797385,10110.0,88.58737067710454,4.871041738683197,0.6366170927359055,0.2663569516885384,0.6998881381195995,0.8634181489503182,0.26200435242345277
/home/cseomoon/project/ABAG/AbNb_benchmark/AF3_results/7q0i_7q0i/seed-9_sample-1/model.cif,7q0i_7q0i,9,1,/home/cseomoon/project/ABAG/AbNb_benchmark/AF3_results/7q0i_7q0i/seed-9_sample-1/confidences.json,"[0.81, 0.86, 0.86]","[[0.87, 0.81, 0.81], [0.81, 0.91, 0.91], [0.81, 0.91, 0.89]]","[[0.76, 1.64, 1.75], [1.74, 0.76, 0.91], [1.56, 0.94, 0.76]]","[0.87, 0.91, 0.89]",0.0,0.0,0.83,0.86,0.84,AF3,2941.0,83.49881502890173,6.864747356051703,2184.0,88.13212225274725,4.476266666666667,5049.0,94.99720439691026,2.332582394659992,10174.0,88.87604722618642,4.557865472459453,0.6380948729683902,0.2633292748582346,0.6724094512090372,0.8633472646426238,0.26200448996198833
/home/cseomoon/project/ABAG/AbNb_benchmark/AF3_results/7q0i_7q0i/seed-9_sample-2/model.cif,7q0i_7q0i,9,2,/home/cseomoon/project/ABAG/AbNb_benchmark/AF3_results/7q0i_7q0i/seed-9_sample-2/confidences.json,"[0.79, 0.85, 0.85]","[[0.86, 0.79, 0.79], [0.79, 0.9, 0.9], [0.79, 0.9, 0.88]]","[[0.76, 1.85, 1.88], [1.79, 0.76, 0.96], [1.62, 0.97, 0.76]]","[0.86, 0.9, 0.88]",0.0,0.0,0.81,0.85,0.82,AF3,2919.0,83.40535628639945,7.645652173913042,2175.0,87.274691954023,4.827733333333334,5151.0,94.63905455251408,2.4812091503267975,10245.0,88.43970093097884,4.984864885857725,0.6360982750430149,0.25682684433270003,0.6873317337216532,0.8496205002539389,0.26200430551223824
/home/cseomoon/project/ABAG/AbNb_benchmark/AF3_results/7q0i_7q0i/seed-9_sample-3/model.cif,7q0i_7q0i,9,3,/home/cseomoon/project/ABAG/AbNb_benchmark/AF3_results/7q0i_7q0i/seed-9_sample-3/confidences.json,"[0.8, 0.86, 0.85]","[[0.87, 0.81, 0.8], [0.81, 0.9, 0.91], [0.8, 0.91, 0.88]]","[[0.76, 1.75, 1.79], [1.81, 0.76, 0.94], [1.59, 0.96, 0.76]]","[0.87, 0.9, 0.88]",0.0,0.0,0.83,0.86,0.83,AF3,2919.0,83.48077766358342,7.199882491186839,1718.0,86.52992433061699,4.8625,4965.0,94.96254380664652,2.51025641025641,9602.0,88.32441526694898,4.857546300481083,0.6152022872836066,0.20416834835871164,0.6722958165616115,0.8795969780013706,0.26200287398309985
/home/cseomoon/project/ABAG/AbNb_benchmark/AF3_results/7q0i_7q0i/seed-9_sample-4/model.cif,7q0i_7q0i,9,4,/home/cseomoon/project/ABAG/AbNb_benchmark/AF3_results/7q0i_7q0i/seed-9_sample-4/confidences.json,"[0.79, 0.85, 0.85]","[[0.86, 0.79, 0.79], [0.79, 0.9, 0.9], [0.79, 0.9, 0.88]]","[[0.76, 1.87, 1.9], [1.87, 0.76, 0.94], [1.65, 0.97, 0.76]]","[0.86, 0.9, 0.88]",0.0,0.0,0.82,0.85,0.82,AF3,2963.0,82.5950809989875,7.323384253819036,2108.0,87.29950901328273,4.844689655172413,5101.0,94.47128210154872,2.467279411764706,10172.0,88.12195737127297,4.878451106918718,0.6306393219595444,0.22244466853876388,0.6296646439797691,0.8591418840771927,0.26200385145969124
/home/cseomoon/project/ABAG/AbNb_benchmark/AF3_results/7q0i_7q0i/seed-10_sample-0/model.cif,7q0i_7q0i,10,0,/home/cseomoon/project/ABAG/AbNb_benchmark/AF3_results/7q0i_7q0i/seed-10_sample-0/confidences.json,"[0.81, 0.86, 0.85]","[[0.87, 0.82, 0.8], [0.82, 0.9, 0.9], [0.8, 0.9, 0.88]]","[[0.76, 1.65, 1.66], [1.64, 0.76, 0.97], [1.54, 0.97, 0.76]]","[0.87, 0.9, 0.88]",0.0,0.0,0.83,0.86,0.84,AF3,3092.0,83.71411060802069,7.441128205128206,2075.0,87.59835662650602,4.438975155279503,5189.0,94.7456215070341,2.3677470988395357,10356.0,88.68602958052027,4.749283486415748,0.6295426499344127,0.2186328306214419,0.691366136198007,0.8637714304693447,0.2620037682357952
/home/cseomoon/project/ABAG/AbNb_benchmark/AF3_results/7q0i_7q0i/seed-10_sample-1/model.cif,7q0i_7q0i,10,1,/home/cseomoon/project/ABAG/AbNb_benchmark/AF3_results/7q0i_7q0i/seed-10_sample-1/confidences.json,"[0.82, 0.86, 0.86]","[[0.87, 0.82, 0.81], [0.82, 0.91, 0.91], [0.81, 0.91, 0.88]]","[[0.76, 1.62, 1.58], [1.64, 0.76, 0.95], [1.49, 0.96, 0.76]]","[0.87, 0.91, 0.88]",0.0,0.0,0.84,0.86,0.84,AF3,3030.0,84.01860891089109,7.248160535117057,1997.0,87.95729594391588,4.374068322981366,5157.0,94.9347052549932,2.345918367346939,10184.0,88.9702033699334,4.656049075148455,0.6276428091334306,0.2350098589486779,0.7003293767102502,0.8705609696044722,0.26200362977505526
/home/cseomoon/project/ABAG/AbNb_benchmark/AF3_results/7q0i_7q0i/seed-10_sample-2/model.cif,7q0i_7q0i,10,2,/home/cseomoon/project/ABAG/AbNb_benchmark/AF3_results/7q0i_7q0i/seed-10_sample-2/confidences.json,"[0.81, 0.86, 0.86]","[[0.87, 0.81, 0.81], [0.81, 0.9, 0.9], [0.81, 0.9, 0.88]]","[[0.76, 1.66, 1.66], [1.66, 0.76, 0.96], [1.56, 0.97, 0.76]]","[0.87, 0.9, 0.88]",0.0,0.0,0.83,0.86,0.84,AF3,3029.0,83.8489220864972,7.557934782608696,2061.0,87.53724163027657,4.512888198757763,5145.0,94.91498250728863,2.3770204081632653,10235.0,88.76704874135413,4.815947796509907,0.6297419509069275,0.23123022546432215,0.7002135820728502,0.8660563317576188,0.2620037831763188
/home/cseomoon/project/ABAG/AbNb_benchmark/AF3_results/7q0i_7q0i/seed-10_sample-3/model.cif,7q0i_7q0i,10,3,/home/cseomoon/project/ABAG/AbNb_benchmark/AF3_results/7q0i_7q0i/seed-10_sample-3/confidences.json,"[0.81, 0.86, 0.86]","[[0.87, 0.81, 0.8], [0.81, 0.91, 0.91], [0.8, 0.91, 0.88]]","[[0.76, 1.65, 1.67], [1.63, 0.76, 0.95], [1.59, 0.97, 0.76]]","[0.87, 0.91, 0.88]",0.0,0.0,0.83,0.86,0.84,AF3,2892.0,84.86777143845092,7.400445930880713,2117.0,88.08382144544167,4.431845238095239,5161.0,94.8373900406898,2.349339735894358,10170.0,89.26299430819414,4.727210301623437,0.6349986085466156,0.29178888253626295,0.7221397033636263,0.8674727020163764,0.26200420835436433
/home/cseomoon/project/ABAG/AbNb_benchmark/AF3_results/7q0i_7q0i/seed-10_sample-4/model.cif,7q0i_7q0i,10,4,/home/cseomoon/project/ABAG/AbNb_benchmark/AF3_results/7q0i_7q0i/seed-10_sample-4/confidences.json,"[0.81, 0.86, 0.85]","[[0.86, 0.81, 0.8], [0.81, 0.9, 0.9], [0.8, 0.9, 0.88]]","[[0.76, 1.62, 1.64], [1.6, 0.76, 0.96], [1.55, 0.97, 0.76]]","[0.86, 0.9, 0.88]",0.0,0.0,0.83,0.86,0.84,AF3,3138.0,82.97260038240917,7.5804347826086955,2112.0,87.88771070075758,4.3875776397515525,5118.0,95.044268268855,2.3488979591836734,10368.0,88.63485978400725,4.772303460514641,0.6284620050186557,0.21544290398315336,0.6862972824709559,0.8672905464155888,0.26200368861228307
