,y_true,y_pred
0,0.0063095791430597,0.04365778851636467
1,0.0299817084267658,0.03808875361455108
2,0.0252840543777284,0.03320228573755462
3,0.0119759086346313,0.057687102163881745
4,0.0051875634258796,0.03742561419360556
5,0.0179427124095707,0.058656255068739886
6,0.0143123687749121,0.038509040463584505
7,0.0149379004637182,0.04769247814934931
8,0.0239688442686555,0.029244425782777275
9,0.01359366734177,0.04513172739390052
10,0.0176311636998598,0.06332760629222076
11,0.0096281708165567,0.05108746363509111
12,0.2232562249811432,0.02812668391990491
13,0.0051165785168559,0.0297673910336759
14,0.0112575341777575,0.04518418953594979
15,0.0193882739517847,0.04972622729487317
16,0.0050207462871446,0.034324673782895145
17,0.0188009142403304,0.05462090193509217
18,0.0204572368484333,0.04689711880929718
19,0.0050313533356421,0.0525585558004694
20,0.0046440529865665,0.05593960035567028
21,0.0093709699571449,0.04782168602818819
22,0.0192050811701526,0.05647357777517669
23,0.0126461841371272,0.05160846894102069
24,0.0190320550941978,0.056383971239188424
25,0.0117294228625327,0.046650744662979304
26,0.0182662192288164,0.04611540145575685
27,0.0339473749734357,0.03522887960933809
28,0.0223459206006312,0.06162826125846125
29,0.0058173951665856,0.06473522105927307
30,0.0064519059037379,0.057575322756464355
31,0.0142000773360375,0.05572193787428072
32,0.0113090012030868,0.056167765197702016
33,0.0120736928981868,0.05717884892318931
34,0.0118978296538981,0.06104867110033272
35,0.0081091655108364,0.07857733582278975
36,0.0215924380440442,0.05268031598474291
37,0.0163048755068943,0.05389608671737431
38,0.0067265408506739,0.060558812031612265
39,0.0214554740185529,0.06265063655432854
40,0.0287264779377312,0.03221531084415371
41,0.0058163050240548,0.05172224958523039
42,0.0051310366616806,0.05133576016815097
43,0.0061627328139099,0.061519776539499874
44,0.0090578864963108,0.05744649243284178
45,0.0477724970578663,0.028895675540901247
46,0.3030456771840604,0.03511139439047775
47,0.0171055700823417,0.04351596082841529
48,0.0114422508149635,0.04680974819264918
49,0.0134326984246181,0.04414081715321671
50,0.831285086171672,0.5939768489561574
51,0.7144473473536769,0.5618566674863726
52,0.8314715837475708,0.5776607642987963
53,0.8323293182300112,0.6057870770835769
54,0.8153558091493349,0.5977516549424313
55,0.832134915291778,0.5953576117245355
56,0.8302318694765433,0.5958466805593025
57,0.7814538975239343,0.5623163877365093
58,0.8015641589944144,0.5980842492158766
59,0.7974497728852081,0.5951631389802828
60,0.8377357696549096,0.5951889388771346
61,0.834358688985161,0.6011999085348712
62,0.8289979529559387,0.6015387205074793
63,0.8346479114138822,0.5985890520396491
64,0.8225043617613658,0.5826608375136084
65,0.7597394081699806,0.5615343733393263
66,0.7306972293211119,0.525500540158284
67,0.8275053800162077,0.6051211535014945
68,0.7528619415904294,0.5796275865028717
69,0.7377977507437542,0.5449749986213147
70,0.8194935846976167,0.5886343982918922
71,0.815547273411131,0.5988629763856697
72,0.694220027223274,0.5543800879772913
73,0.8276977297767809,0.5913594717687356
74,0.8167364361301335,0.6052596910952738
75,0.8149987747563491,0.6034550632005546
76,0.8303303548595921,0.5960155176025762
77,0.8253333103248438,0.6026643018966426
78,0.8260030547320566,0.5975826293161105
79,0.8196690827967698,0.5906747427847299
80,0.8439675652129793,0.6049473217207408
81,0.8187990940267807,0.5980348197821127
82,0.8271360448585744,0.596560818831603
83,0.8296644849891205,0.5899224759771057
84,0.8330896393618104,0.5857477978899162
85,0.8192400053773046,0.5845509628219946
86,0.8028874494460622,0.5890158575684346
87,0.8227136320254876,0.6056339625243328
88,0.8313897445485642,0.6108624379026142
89,0.8201949822644495,0.6025200948079129
90,0.8369681002942889,0.6022640951510244
91,0.8039374994430109,0.5500285721786458
92,0.8157972778753185,0.5905095088435888
93,0.7976903052055816,0.6052782967474922
94,0.8154009874464722,0.5755616767429773
95,0.8043247576124153,0.5733331022462147
96,0.7553027070655508,0.5562054022107193
97,0.8138630080908906,0.5905083213156479
98,0.8154287067863831,0.5940961668516419
99,0.8293466662888217,0.598407163375334
100,0.0216706007231789,0.06038731677171369
101,0.0076762799348579,0.06784837161620308
102,0.0100851415184905,0.04946537638789342
103,0.0068534882853952,0.06008689700667043
104,0.0127774772315222,0.04562332522252778
105,0.00948791136606,0.0338155018220468
106,0.0125065848479053,0.039570938416317834
107,0.007730042813194,0.04105087973286848
108,0.0073893996650314,0.03366041428301047
109,0.0078461664237262,0.0372023822249348
110,0.0084643266940042,0.041360339415844084
111,0.012586480654055,0.045358588868686274
112,0.0067637360566881,0.05302633862003488
113,0.0066348344817615,0.05548905861116247
114,0.0202989713101846,0.03648939918727363
115,0.7120453913505843,0.6039027501329965
116,0.7472745770897263,0.38924515869803
117,0.7258588093514806,0.5160693956213882
118,0.7516853045971427,0.40879327525557974
119,0.7016091877916794,0.4241113222331173
120,0.0069341104877119,0.07417805086851795
121,0.0103367484184042,0.06578955280773435
122,0.012828701593817,0.05858827754976504
123,0.0067987863583637,0.07438187351172297
124,0.0119228763633114,0.055105462131629424
125,0.7684256424088652,0.35875151963244595
126,0.7724032668897373,0.38181966392925204
127,0.7868025983840045,0.3601819893205668
128,0.7298881391780537,0.36210329037057903
129,0.796548210652276,0.36571033938311465
130,0.0067835719304798,0.04993317009678848
131,0.0068844496762902,0.0655897875510839
132,0.0112698216846787,0.05410574685193013
133,0.0066400883729033,0.05329919889495386
134,0.0064735361626383,0.051472251159430854
135,0.0068340516973752,0.10331310886991009
136,0.0064547764757124,0.06605213211227971
137,0.0067516951559261,0.07811909533680951
138,0.0214617041326641,0.06497488708618679
139,0.0073529339213584,0.08013879682120562
140,0.0084240467690503,0.05642272147719016
141,0.0133049456694347,0.053006595559583716
142,0.0068990226004218,0.07038084187577141
143,0.012683475245379,0.054994044643792664
144,0.0068893177575038,0.07006158769336508
145,0.0075639920855688,0.05563585575217039
146,0.0065237787368008,0.0455808987637128
147,0.0079406743971109,0.05040328488702394
148,0.006717757755995,0.05885453964661695
149,0.0124341799781929,0.04590313791277291
150,0.0073849075133763,0.13744943528061607
151,0.0071876420573737,0.1355745758376723
152,0.0077375320005327,0.11644610593300155
153,0.0081032072984635,0.13414225760668866
154,0.0446001890590926,0.07427570440101446
155,0.0076569277615771,0.12737190226605738
156,0.0078226721757766,0.10832905242956155
157,0.007296825420918,0.13113467180049132
158,0.0106186186591092,0.0690010727329655
159,0.0743282531211109,0.0715959016871535
160,0.0093842415445455,0.09886860377892381
161,0.0075904250121897,0.12806211757826946
162,0.007757154858605,0.13757535773552185
163,0.0074661670028602,0.11423089670200645
164,0.0076092781197553,0.13452329645006897
165,0.0071317176206063,0.13111722865176015
166,0.0071978394672703,0.12830982900997617
167,0.0075966751687356,0.10842543253235724
168,0.007413299536858,0.1344847865200233
169,0.007179275551217,0.12619406267595826
170,0.0072074613665379,0.14495525822827612
171,0.0073099101270637,0.1312997830108391
172,0.0075100866799656,0.13101875284793088
173,0.0074936948035956,0.13306236818394598
174,0.0072868130620739,0.13380318372715858
175,0.008876845971866,0.10574713694296785
176,0.0077611727571208,0.14544799965924243
177,0.0075121264654525,0.13544590629637085
178,0.0077225234217196,0.1500570329663891
179,0.0078406025367525,0.13393729324810058
180,0.0074090372458112,0.14414834228668427
181,0.0074508340993926,0.12031714894121433
182,0.0102574611485443,0.06967721552101847
183,0.0171683098552673,0.0948099694446519
184,0.0072789105524862,0.12137176469275843
185,0.0074174900607575,0.12421467478465559
186,0.0067425953425674,0.1350804007114745
187,0.0071896077381642,0.13659285500613647
188,0.0073350904662881,0.1309741775660046
189,0.0071812807589186,0.13779833489149426
190,0.0074480989492083,0.13917277097944747
191,0.0072517518141447,0.13555782207165468
192,0.0075282034759131,0.13046928344954087
193,0.0073773767650625,0.12782498971093825
194,0.0070528240796521,0.12594249668224353
195,0.0078331608710733,0.1361947308438249
196,0.0868346640202343,0.06437257443753079
197,0.0078657340618193,0.12047904005999753
198,0.0074323643914814,0.13191771815838166
199,0.0091939331402051,0.09907028230451514
200,0.0027003479781297,0.03628394442299033
201,0.0030361236636936,0.025294224322892647
202,0.0809634756645919,0.02506130447250088
203,0.0040038371082457,0.07981340113431386
204,0.0810726237720851,0.02489791174914747
205,0.0042548853391028,0.3808040011412047
206,0.0042394230191137,0.3615503742262526
207,0.0042666767830796,0.3765618912332334
208,0.0042350275997002,0.41630213467397736
209,0.0041526026804069,0.42816813653675173
210,0.0043144613828002,0.3015247135592066
211,0.0041741272454165,0.31995184264955595
212,0.0043654832213272,0.2707939451167757
213,0.0042272285640633,0.3705083722413795
214,0.0041505942603811,0.3328007585605482
215,0.0038963345616361,0.026574308294750323
216,0.0033729197114442,0.03750675617875489
217,0.0034430010319217,0.03186594572812054
218,0.0025229253478187,0.029415670852106456
219,0.0676789890483811,0.034257769594644195
220,0.0689802103824007,0.12860896090282983
221,0.0683234573763336,0.17057551404278073
222,0.0034766513943704,0.02407187998055024
223,0.0566819477451016,0.1189852611441513
224,0.0673724196694219,0.17978140488836547
225,0.0043005679927343,0.3314922935950149
226,0.0041557676790886,0.38299904931542983
227,0.004172054290731,0.36959310476304263
228,0.0041631167602094,0.35283639676592954
229,0.0042881759960575,0.36598250759303097
230,0.0043253377216415,0.34906897606029014
231,0.0042817402044849,0.3670279514066648
232,0.0041787951517029,0.3957094197227741
233,0.0042688045763062,0.3571455774878006
234,0.0040913228490118,0.418032654405294
235,0.0086714761828667,0.02722652038347147
236,0.0454474264010677,0.03334921811410406
237,0.0051406514114807,0.03096412378858461
238,0.0033300171131255,0.028614396210963334
239,0.0031869472545997,0.02734256735318661
240,0.0042050941267342,0.39218063141564985
241,0.0042460259681034,0.41970424181658633
242,0.0041779123620737,0.3682980429850954
243,0.0043230444719172,0.369061315584062
244,0.0041494329021089,0.40881948822902814
245,0.0042007280966232,0.35761331190659523
246,0.0043335574375636,0.38750693793414664
247,0.0041314305873218,0.4007660760642552
248,0.0043058779988976,0.3514667845699634
249,0.0042729427324112,0.3663269820353483
250,0.8400923911385968,0.7678872319447515
251,0.8564741399115766,0.7538626030185214
252,0.822656449371494,0.7862388094876859
253,0.8598998797345297,0.7851537336163696
254,0.8333078164094617,0.7856160857536529
255,0.852757617209385,0.7670864268522534
256,0.8638504848937121,0.7376719516896685
257,0.8670716656844695,0.7534567687849585
258,0.8498164737195268,0.7518513162362684
259,0.8437945979235003,0.762212270553496
260,0.8603020365905722,0.7573229905082828
261,0.8603795134316989,0.7348452202267234
262,0.8434688679778173,0.7657228818520433
263,0.8532439798127616,0.7302712511201258
264,0.0137928522560868,0.13103280951157142
265,0.8470765667385817,0.7698480855627828
266,0.8460049051706914,0.7714710793871867
267,0.8664053639778712,0.7824544362095042
268,0.8478779957615128,0.7735543416219656
269,0.8586295318553931,0.781502755243406
270,0.8438692262008344,0.7900066967198562
271,0.8430424253208768,0.7536127585898542
272,0.8443591305263384,0.7886643493864942
273,0.8659376400664366,0.7860730995892017
274,0.8486122362220719,0.7611434207532803
275,0.8588225196494497,0.7385099263177428
276,0.8613306068431287,0.7635666418649899
277,0.8473390548378085,0.7872204485159109
278,0.8605231803543166,0.736514425429145
279,0.8576534252369085,0.7608338688196953
280,0.8632613682656954,0.7630781398471886
281,0.8615538781985818,0.7463400771675853
282,0.851421738676557,0.7494038436519165
283,0.8648404999295923,0.7367393209185112
284,0.8559006340037015,0.7481728257555655
285,0.8647508043701265,0.7443061752820017
286,0.8522459177017231,0.7604907296838553
287,0.8660100270275811,0.7465885961393175
288,0.8577695751954373,0.7415174130519953
289,0.862734991042243,0.7503876085863859
290,0.4567952444155447,0.21284728270284153
291,0.0835661675580469,0.13129846703867723
292,0.3612168899257917,0.13915241383705468
293,0.082494037853997,0.11992585872935511
294,0.082634055187748,0.12523071272818967
295,0.8521099220427605,0.7851246193218057
296,0.843287766392094,0.7669980509541428
297,0.8630853272036396,0.761459531718051
298,0.8648955760128233,0.7471545828415046
299,0.8646021772084671,0.7540221279031746
300,0.8127501204351396,0.7583739830635278
301,0.8493220215120184,0.7558539262679308
302,0.8310092165228048,0.7580944903750988
303,0.7922393599899484,0.7599492618130466
304,0.8199977281820489,0.7599883324369926
305,0.8365630653834693,0.7568272043919373
306,0.8189128815372043,0.760503382906104
307,0.793187952195392,0.7581146822563818
308,0.7949995229389563,0.7575765440839904
309,0.7798083208979266,0.7555376438443724
310,0.8350169057487209,0.7557498269708688
311,0.7767527716049881,0.7511439981061526
312,0.8416783460612424,0.7562279894132916
313,0.7321670648978092,0.7551506851482006
314,0.789990672073681,0.7589260037805843
315,0.7992349438862747,0.7570746770771652
316,0.8435048188088792,0.7568134843667516
317,0.7932021660257343,0.7560271035068189
318,0.8235481941789103,0.7568085290517678
319,0.8016516822435213,0.7610603369433323
320,0.7825995681073779,0.7552162275832549
321,0.8229617082390015,0.758291612599081
322,0.7823354145173029,0.755920319583143
323,0.8097333689704023,0.7591178029692017
324,0.8411151631574657,0.754168701538903
325,0.8008848474576448,0.7583240148993309
326,0.8020951746710984,0.7523535632321018
327,0.8225486375120697,0.7617913002111852
328,0.8229075960085117,0.7525317200738817
329,0.7514898093230028,0.7517851024755456
330,0.8205845547065249,0.7599902748143373
331,0.8163037531776337,0.7553096837042519
332,0.780615893265506,0.7540609814638529
333,0.8276482939686911,0.7582932099720009
334,0.7633923050448601,0.7519884519528784
335,0.8060104266694466,0.758241406390264
336,0.7907825788392192,0.7593430717396915
337,0.8023735880876801,0.7583331642228851
338,0.8416991385879907,0.7568760223566848
339,0.8296978295593851,0.7573547614012778
340,0.7983301798062392,0.7548133428737688
341,0.7888871293410279,0.7549962058320606
342,0.7960320088899095,0.753537872884034
343,0.833575762158033,0.7488647129094493
344,0.8165363812891497,0.7561648860254173
345,0.8706505064229182,0.7567154199806324
346,0.2333713832218698,0.43761039871101226
347,0.8466059492850708,0.7507775196344735
348,0.808302155395471,0.759163865225915
349,0.7596968398464526,0.7560776624719813
350,0.8710675098157789,0.803277666949941
351,0.8601799801979174,0.8093345579476433
352,0.8653789745966508,0.8109659558781562
353,0.8574855236526272,0.8074939827704258
354,0.8564448814423823,0.8058917651901988
355,0.8665128526326461,0.8106654317722177
356,0.867945092981623,0.7927241625261607
357,0.8695817725460572,0.8013349334378896
358,0.8663719825460091,0.803877993310236
359,0.871715678296144,0.8015442012457142
360,0.8730269778306868,0.789963441714101
361,0.8435860441644477,0.7978231978219413
362,0.8327253801022639,0.7860832521140395
363,0.8422963098107555,0.7933439287287357
364,0.86032209541436,0.7959625406906913
365,0.8751419081801671,0.7991121686275106
366,0.869150225839484,0.7999233438684882
367,0.8740552752063667,0.7961157102140028
368,0.8702863958558407,0.8053811364606392
369,0.8673901168174725,0.8069317402219023
370,0.8712998938365889,0.7913613171878298
371,0.8723074575919925,0.7868541970623187
372,0.8533944995495498,0.8055770529127517
373,0.867585222275305,0.8002147283557357
374,0.879796732621276,0.7840560528785897
375,0.8723873032638494,0.78897616690807
376,0.8583519090868205,0.80750471421332
377,0.8570406484490752,0.8015093199226868
378,0.8625540212562712,0.7888616434624137
379,0.8491948227417111,0.7956731808862101
380,0.8541496658985505,0.7908368453541428
381,0.8539200899381667,0.7920626806252788
382,0.8492146575489432,0.8093192070256372
383,0.8667585381283679,0.7928694455250317
384,0.8736455962348112,0.7895407228370781
385,0.8692650138857649,0.8038817632450539
386,0.8601623237208678,0.8060067077829153
387,0.8584933640564683,0.8110607602735868
388,0.8682295657275266,0.8111069168619747
389,0.8541480365149186,0.7973091675068886
390,0.8664211555414715,0.8018756944381572
391,0.8587136256001,0.7832179866549464
392,0.8335992762567456,0.7974232635023566
393,0.8572662456114261,0.7874532442665942
394,0.8666759753987917,0.7924051786625745
395,0.8545263350752551,0.7979742466438334
396,0.857234665721912,0.8089642338270842
397,0.8686174315205196,0.8015466317812371
398,0.8687553416178938,0.8061074788204639
399,0.8721015886127773,0.7967060168335641
400,0.0513926032067145,0.02170441807125471
401,0.0134690011110613,0.020247655086920408
402,0.0076085140994789,0.02163247452661555
403,0.0338052060492833,0.027503991686377727
404,0.0026949065535436,0.025991589263008933
405,0.0023734367143565,0.02098325501114245
406,0.0068046573848942,0.02658125220761269
408,0.018460074347137,0.018528653220324504
409,0.0075689231999222,0.025616208806539663
410,0.0023943234704057,0.023821927978814213
411,0.0043433843126955,0.0275495507494821
412,0.0037626518631409,0.02041278558063816
413,0.007118674853374,0.019930592840208025
414,0.0025024244266694,0.026073213717638388
415,0.0023878042583535,0.023139658288856058
416,0.0085810576056761,0.021706369581388416
417,0.0067709943490166,0.020582148047036047
418,0.0071447680205654,0.020455158914732968
419,0.0034509569217331,0.019318019647631423
420,0.0071778962057048,0.02714438437740513
421,0.0075220638130771,0.025265043942710688
422,0.0116952187898357,0.03247553632935528
423,0.0136843053688153,0.018589710381801884
424,0.0450106609501654,0.0198070245406371
425,0.0133116331308338,0.023857906724787287
426,0.0132269238799984,0.028234432127286112
427,0.0074058434185273,0.020266385299392477
428,0.0029728986248585,0.023472013775398558
429,0.0070202971924287,0.026095075417123317
430,0.0137686648405853,0.02432053623586275
431,0.0027276646435987,0.018872999955633993
432,0.0044923762403018,0.020976594420452743
433,0.0029631966988036,0.020924689240072552
434,0.0152370576903204,0.019939423596669788
435,0.0070501763600106,0.020226029302869486
436,0.0083238714029068,0.02492595193491612
437,0.0024244040476052,0.020383695164605475
438,0.0369613521525448,0.024274511330817764
439,0.0082041608337713,0.023499021228787692
440,0.0075065191869372,0.025672668591075976
441,0.0028986577957693,0.02575277892579494
442,0.0075911751100753,0.021487927640939087
443,0.0073866440809351,0.026584175874681697
444,0.0143678706574095,0.02220415236368909
445,0.0075037546892951,0.02570806209990127
446,0.0172574993054905,0.019370292605254812
447,0.0028758908251085,0.018408176376280574
448,0.003399356889827,0.0210892633449789
449,0.0108962742847974,0.023690157027226915
450,0.5810507763327892,0.4088159974988565
451,0.5524378588133269,0.4294172560457204
452,0.5549428472072803,0.4066082151722513
453,0.5717620541437757,0.3891875339484781
454,0.5372464742606718,0.3884371836687291
455,0.5787616009292799,0.4305089269862356
456,0.5716120168720337,0.4222180953323052
457,0.5721174211131282,0.43456273106029597
458,0.5718889531740693,0.47523358101179314
459,0.592051308122907,0.43539151174819635
460,0.5202367715025914,0.5844031047653203
461,0.5443894937107895,0.5507610867124181
462,0.5627822057193107,0.5952269775689696
463,0.5207354081664562,0.46902795076929976
464,0.576255650000819,0.5931433681705152
465,0.524957268350937,0.45574621513789254
466,0.549332958543383,0.5112866116935556
467,0.5495648842824226,0.5079744655887932
468,0.5533820812851704,0.48252177603880875
469,0.5145248215064954,0.4309102042593336
470,0.5638040443617899,0.41955164022817065
471,0.5335201496202424,0.4500440430615967
472,0.5568449441715392,0.49924328220192177
473,0.5747471826672367,0.46654312692044675
474,0.5440501335815292,0.42852515516996265
475,0.5848942960807335,0.42944518979579105
476,0.5302221416290344,0.44459410704749
477,0.497140396730714,0.41721374605166933
478,0.5455745914699587,0.4724284541457129
479,0.5573773876216727,0.46120255409702465
480,0.4849461094526804,0.38181518038645
481,0.4877579464703783,0.37793145567359504
482,0.4698616221993936,0.3771979108480947
483,0.5017864701819845,0.3836370820663366
484,0.5345844062469697,0.36970375221582796
485,0.5474414168882012,0.393652804045752
486,0.5520915935905836,0.44025132638994674
487,0.53330271206644,0.4402479660009522
488,0.5473497604266633,0.4174102497963825
489,0.5803632715449251,0.4309045416364633
490,0.5844435479001407,0.5150245538201553
491,0.5397644055938953,0.5628019041404325
492,0.5528737447028996,0.48411647982879175
493,0.5721729184056068,0.5390320808980597
494,0.5557156571163016,0.5708616307424502
495,0.5743217653910451,0.5690241162472105
496,0.5517163857049081,0.5899881430336967
497,0.5749904101516742,0.578802997237014
498,0.5650039684336402,0.512775534223164
499,0.5658019259769386,0.5261483719587686
500,0.6957720839631462,0.7486411756609553
501,0.7953514206089074,0.7416401002976086
502,0.7262063043685139,0.7490065780527163
503,0.8728538047812867,0.6440061092439703
504,0.7464617030326174,0.7481289592705325
505,0.7198159670275984,0.7389205790477397
506,0.6990360885145611,0.7393691881700174
507,0.8130238895744265,0.6852050369858614
508,0.8136553582702898,0.7258072902139706
509,0.775009593607313,0.702509837057893
510,0.0160562018276833,0.11766584627691154
511,0.015827948161499,0.09353323493190205
512,0.0090455452224259,0.10544538945360807
513,0.011341847593779,0.08571295381843819
514,0.0111886804706382,0.10799474265986624
515,0.7206945972298553,0.7282664520190366
516,0.751139277227967,0.7357323036323431
517,0.6874235863421784,0.7442309568961959
518,0.7646876716568195,0.7407999315956124
519,0.7711073488608554,0.740678457701377
520,0.7957389927901529,0.6917121423790895
521,0.7913921914381664,0.7337791486896831
522,0.8355246139273088,0.7182376091215138
523,0.8296006363341127,0.6869856415179604
524,0.7085253458489883,0.7437026901967869
525,0.7194533773891965,0.6966161430786985
526,0.7581492492417102,0.741668972214346
527,0.733158697634336,0.6921284148216978
528,0.8436838966043033,0.7219317483737987
529,0.8138790710664167,0.7284254306515975
530,0.7990547930509525,0.7207452829278762
531,0.8183229008061889,0.682176457822171
532,0.7642084294053922,0.7254149526398163
533,0.7258471631126432,0.7408133761900365
534,0.7283400161917161,0.7432961026792441
535,0.8345246377502743,0.7257424919566335
536,0.7447291524317136,0.744617816126353
537,0.7499489444339602,0.7540755971734775
538,0.819611649899248,0.6501225240299633
539,0.7139116619650229,0.7393731300027666
540,0.8216236131519007,0.6987886351608191
541,0.8121936153178558,0.7348789541872056
542,0.7148629269572044,0.7407321381128636
543,0.8224255572685976,0.6851495684880513
544,0.6981055374814739,0.7405096312035483
545,0.7069943061110795,0.13819628890967628
546,0.011129739536684,0.09640310163625125
547,0.0106003263341779,0.09726685288008384
548,0.7181227217737497,0.12726878137951583
549,0.0121144118776688,0.09427501682745437
550,0.8828942671815154,0.6965810016321697
551,0.8569116072968557,0.7218832972067217
552,0.8534065912949877,0.7040924856501525
553,0.8844967238086827,0.6975252654335002
554,0.8955091870677561,0.6948139384269214
555,0.1153767418923942,0.13986206002417764
556,0.0962059528975155,0.1264186280891184
557,0.1947173446653276,0.10513757211478302
558,0.1408367853357826,0.09953582291846372
559,0.1374631440525827,0.11653232554639863
560,0.1160832497900973,0.1996355325792635
561,0.1014716429398648,0.19144305036642414
562,0.1147517129021243,0.19263696060694546
563,0.1069329192613508,0.18003426212395218
564,0.1112641976967404,0.19999563790696634
565,0.8658593242210862,0.6944952566378432
566,0.8690380719834212,0.7020343067541903
567,0.8650381837680676,0.6938777069629445
568,0.8566989535098655,0.704996426294104
569,0.8247687344534517,0.6916999464215862
570,0.8607505885989402,0.700889433185534
571,0.8570817948819572,0.7100759547420055
572,0.8698389935708457,0.6975296890981529
573,0.8541613208230397,0.7040468084108829
574,0.8859893544382317,0.6955159053492684
575,0.1085359429633624,0.1705822033714269
576,0.0981605728062656,0.18985600030387942
577,0.0535046965731319,0.11269143333245149
578,0.1111532775009663,0.18705176679465338
579,0.1079601235875564,0.18529826135498645
580,0.1156623381444212,0.17894151563354704
581,0.1149661598472701,0.19355845286114273
582,0.1130973746249624,0.1892543419822582
583,0.1105239909036068,0.18144206327443907
584,0.1057127784908107,0.18056510856771513
585,0.2301811651987909,0.16248051973830555
586,0.2937599794629555,0.14570361917170668
587,0.2819509798068523,0.1408730403786529
588,0.2440871059755479,0.1404206001496492
589,0.2126075317696535,0.16313074134569766
590,0.1097724495587402,0.1869084208947017
591,0.1035755505978949,0.18181219010637759
592,0.1064221544415657,0.1681210279467249
593,0.1091435259872113,0.19557957069529255
594,0.1002627963780987,0.1936926120563266
595,0.1164839682264136,0.19112862072220355
596,0.1098818363981425,0.20479853253886826
597,0.1035820889094032,0.18900052177944887
598,0.1027176605480229,0.1928125092886445
599,0.1029505071603386,0.18355631654965868
600,0.0267145680579154,0.05397716550794526
601,0.0135114964665189,0.06990560216897947
602,0.0147194268782703,0.06389542710032362
603,0.1630316343976645,0.08006200650796519
604,0.0137556745205067,0.06731948451499253
605,0.775155287665407,0.7437685840263715
606,0.7349704811988779,0.7409877252044208
607,0.759174958972331,0.7527144798898078
608,0.7528022618352376,0.751849717587478
609,0.7454422994944658,0.7555323220952466
610,0.0054692803310224,0.03958652472852833
611,0.0073478168083015,0.035359689334777705
612,0.1208852363380313,0.0703315108900768
613,0.1459425739306974,0.06922686322771672
614,0.0881032584533237,0.0858709455573916
615,0.7116161684534346,0.7544992206575407
616,0.7413169055927313,0.7509536123433344
617,0.7703795982756255,0.7502854134104336
618,0.74304940948876,0.7444214354410631
619,0.7463859729061566,0.7396362237640307
620,0.7206462332084881,0.7525114776515996
621,0.7482366111946197,0.7538273433799907
622,0.713358281460578,0.7577852346532277
623,0.7363978712646316,0.754634575760207
624,0.7703031102878617,0.7447810700718631
625,0.7461398874240892,0.7537292536364748
626,0.7378728697716311,0.7554684610449823
627,0.7298308393759786,0.7511498691461788
628,0.7403864588541142,0.7567050731787289
629,0.7529470030122515,0.7577405484516772
630,0.7520709275661267,0.7400247792566121
631,0.742530867198132,0.752525899647378
632,0.7434729979327453,0.7473379505043851
633,0.7631328025166583,0.7516586652509816
634,0.7640529160601353,0.7536029483117129
635,0.7425949022671491,0.7547149654340453
636,0.7410623098477789,0.754020028221242
637,0.7441428764696502,0.7466019268665596
638,0.7549844881784065,0.7509735124166517
639,0.7528858029164919,0.7472508421360216
640,0.7210426810407581,0.7439749973608911
641,0.760187820364921,0.7497118756767066
642,0.750998514540025,0.7440808458979192
643,0.7743752883415352,0.7445997785741603
644,0.7661101357438923,0.7459020475229491
645,0.7423644525166092,0.75101775951109
646,0.7285093687941168,0.7573946805383688
647,0.7618334165343686,0.754376265077149
648,0.7634710667977943,0.7522345282458809
649,0.771467563706323,0.7541352094314465
650,0.3815800134214474,0.09886947121239967
651,0.3263139485626014,0.08347929115195887
652,0.0139991765121299,0.11685347065548157
653,0.014339965933846,0.11512376475956426
654,0.0139180384066369,0.12238541758804744
655,0.7529117439549847,0.654988829985559
656,0.7722946394362049,0.650494965940958
657,0.7630153478201236,0.669297671067062
658,0.7362209006187014,0.6580139825141706
659,0.760757920711722,0.6552208659129639
660,0.7668590404562771,0.6854477209439404
661,0.771649303498149,0.6872059971436235
662,0.764221087736356,0.6639490424097562
663,0.7551590646322869,0.6760729641850668
664,0.7136196815503829,0.7007127650611688
665,0.746577729351332,0.7168844888211847
666,0.7538613739663323,0.7132466864883795
667,0.7473733676224338,0.7113323302823427
668,0.7167541499608875,0.7095005932907574
669,0.7492968077488408,0.7100281621917742
670,0.6112859400146403,0.27576206322059665
671,0.6892166270367824,0.3550541487927518
672,0.634011711988582,0.23189306220989025
673,0.6351800989205111,0.17839275794904352
674,0.7096069217919668,0.26871245750003814
675,0.7810639431717799,0.722460812834262
676,0.7409144196733134,0.7166701420994744
677,0.7752966567451303,0.7207703102204367
678,0.7609429959854465,0.7165149522433547
679,0.7323505804826221,0.7284552922838149
680,0.0142376738895673,0.11012322235435287
681,0.0140912552538033,0.1175309627074842
682,0.0140818139657538,0.11158828294761339
683,0.0141814401068149,0.11227748306683193
684,0.0140507836120561,0.11403337125135381
685,0.0166416514363174,0.042265629525762995
686,0.0136676866197832,0.1589232264592896
687,0.0138973977429745,0.13999467758421388
688,0.013579011745962,0.1501924704085277
689,0.1587725287461423,0.09728463493054205
690,0.5213143412580522,0.7241785363137946
691,0.5168897821379747,0.7115090531495847
692,0.4991928951626032,0.7207900652697156
693,0.5521531814068285,0.7072889842643414
694,0.5137324508712089,0.7250432100737814
695,0.7568926101347379,0.6950271687722003
696,0.7411297011498309,0.6871903860941219
697,0.7399309427090685,0.6804218503811571
698,0.704937669272771,0.7063979883858994
699,0.73482087169562,0.7003291838611646
700,0.0117262412992601,0.025409796722297644
701,0.1685411065424132,0.0360278466684205
702,0.0081181172155566,0.02839092877940011
703,0.0153771183603192,0.05599047706390655
704,0.0177565142667614,0.027870783808922356
705,0.0163353376822718,0.03949615309552106
706,0.4462355533545726,0.12408126470052468
707,0.0176648308226833,0.04722481413029733
708,0.4301935102572011,0.0427020437961545
709,0.3789914236094556,0.09392434069966399
710,0.0270507758537078,0.03295557808318733
711,0.0393224081204522,0.027240689670261296
712,0.3582894029428224,0.06902391124437039
713,0.4567721658784048,0.06357410846998353
714,0.4255447567455128,0.08673222035279575
715,0.0305750427090938,0.04617931655879986
716,0.4139433523614246,0.1394498653180115
717,0.4100321873793677,0.15651258077147245
718,0.4503374456267077,0.06793388232240799
719,0.3591629352898804,0.12913059299344862
720,0.050927608526394,0.03287543915186536
721,0.3384626233627952,0.03787109743208484
722,0.4192568238360783,0.06144540501768759
723,0.0621187083818281,0.037649327848970245
724,0.0296481917642298,0.03338445489960029
725,0.0447790811929361,0.052116637357309405
726,0.0392931043633701,0.043411255187535795
727,0.0824145448133386,0.07391652415745167
728,0.3472071010617668,0.13168320063155875
729,0.4799327310599509,0.12990386331078246
730,0.4388575745858031,0.04531523522421297
731,0.3478844573925992,0.06546013165151404
732,0.0472379248846832,0.029264754459103065
733,0.4399464057989864,0.0748783513746113
734,0.454338237863038,0.04702476501532038
735,0.0725835234242882,0.057111475879022565
736,0.0391895021181204,0.03795472091355199
737,0.0407374168449312,0.03185529219784034
738,0.0088649539235284,0.02763718739940924
739,0.4576560240074723,0.10272248438008473
740,0.0526986951440469,0.034571416189457145
741,0.0785497065878169,0.05454615597130459
742,0.0414724908336114,0.03154129162404449
743,0.4495633890796258,0.03890907963813663
744,0.027694482947557,0.029627429904517576
745,0.0088104303866467,0.04132385605131753
746,0.446895507552233,0.04369270391543236
747,0.06778299545695,0.03669763326168866
748,0.4655488816869805,0.06002007700556791
749,0.0258243096045884,0.029715413802166062
750,0.0202666065057043,0.08078419373962133
751,0.0313422170457616,0.04008241894898338
752,0.018041499789886,0.07178853428864147
753,0.0143935688150333,0.07470299391910883
754,0.0182354980696145,0.07717882335235071
755,0.0137379030284163,0.06073382760774742
756,0.0159062728405568,0.09136895594649957
757,0.0217686178371304,0.1302091916551191
758,0.0679910685717206,0.037891516527921304
759,0.014937967235258,0.07912375142004273
760,0.0683665303517066,0.059573190307194095
761,0.0696256587830254,0.12338316766886596
762,0.0764910609252095,0.10685097725133721
763,0.1039068344619418,0.06085148741646688
764,0.0498382983422298,0.05816766885557387
765,0.0145321333969487,0.08326391357166397
766,0.0138085882542751,0.11229495809029982
767,0.0122625396177739,0.07786235954487125
768,0.0292113709285651,0.11175267521019211
769,0.0152113653008959,0.08761723637026
770,0.0148428991525013,0.058426436959316666
771,0.0154623905601838,0.06378210541731055
772,0.1863005513252448,0.03375001845850164
773,0.0150908787641646,0.06077821697682352
774,0.0176978611585802,0.06120432864403369
775,0.0241639024740262,0.06074157630119417
776,0.0148292599799527,0.07405739445723618
777,0.0157726961802795,0.08353327786537147
778,0.0145107826894791,0.08472474509340391
779,0.0150810514784555,0.07433171444392844
780,0.1125257249125915,0.04429917935822956
781,0.0146990818530949,0.06267496904632451
782,0.0310806590825399,0.05787744756583129
783,0.0291285169959616,0.05556094929422773
784,0.0136233297629218,0.051710811444005654
785,0.0224179520348283,0.05554750711679624
786,0.0159823319282465,0.046147511690396756
787,0.0129838858577628,0.05369196230060995
788,0.3681967389785139,0.049725679474627714
789,0.0105949919696354,0.050765465031850525
790,0.0149510165437984,0.08231508237114284
791,0.0110394155464102,0.06712025013914548
792,0.0142795904874916,0.09240925701273917
793,0.0146938523739376,0.12342227943544015
794,0.0137424947503133,0.07871481551404967
795,0.3032865832671997,0.06269168269700931
796,0.0553208839474628,0.05221385394068626
797,0.0839842939417767,0.08297647026439961
798,0.1309646666034159,0.05733910580940373
799,0.0680656090971246,0.15578281101204491
800,0.0116947340114306,0.05726137167388542
801,0.0110596489964263,0.05292453146659101
802,0.0212352878813991,0.02486845236251825
803,0.0093090337033517,0.060912375687879786
804,0.0049974155401324,0.05852611725253681
805,0.0107772987968672,0.04075385293149882
806,0.0157499540034773,0.027224046495623058
807,0.0179972685129176,0.05703700651426633
808,0.0161851221500827,0.027783865880700052
809,0.0050951792859057,0.056724834172792934
810,0.0051519605305663,0.05848599791025711
811,0.0099352126530004,0.061714720771538556
812,0.0154038104715895,0.05211436267167084
813,0.0050316062273658,0.05272640761440647
814,0.0785911163254346,0.024366773680667288
815,0.0190841798202479,0.0330330878825992
816,0.0067154931947979,0.0649313464955164
817,0.017767400153725,0.04502773779413244
818,0.0165341799687475,0.04543791205909877
819,0.005116378538041,0.057553280950759025
820,0.005059288658524,0.054497208711319974
821,0.0096972655432518,0.06134303364410181
822,0.0096722009226452,0.05641532406601607
823,0.0103279392553077,0.058979401631156295
824,0.0051277844857579,0.06341113766975984
825,0.0054082439656953,0.05905285131206646
826,0.0051699135060573,0.0648424641301471
827,0.018484249853754,0.04867316864309302
828,0.0098040763914836,0.06228978585044571
829,0.0104837215909536,0.05703491669649131
830,0.0093028096579625,0.06194370864955492
831,0.0068696997096537,0.05814274770882552
832,0.0052552518857896,0.05424784526353932
833,0.0093999828206933,0.06476968033906248
834,0.0098106763285558,0.06616014553182578
835,0.0187898869339432,0.04424013051919321
836,0.1859815644741531,0.025573167328187808
837,0.0051594866157699,0.0529103332560719
838,0.018792094899195,0.042801517757660654
839,0.0197653122950253,0.04644512097936286
840,0.0119028903202354,0.05549686496230446
841,0.0098745088394104,0.06625041493624127
842,0.0057840544556689,0.05683577915544361
843,0.0099222405825854,0.06776566700214995
844,0.0094335969800023,0.06055290288801934
845,0.010746430538289,0.05506946385149606
846,0.0097666322722783,0.05993579934598535
847,0.0160934807472718,0.04191818118653978
848,0.0112444436189304,0.05554140034232585
849,0.0192415402328375,0.02536614679415442
850,0.0041719593635659,0.006668309337668814
851,0.0024214156202509,0.007311570142404564
852,0.0016183528899909,0.005793155126529844
853,0.0063524479597737,0.006615567761454875
854,0.0013112659897335,0.006773396462552132
855,0.0108020339523747,0.007815912884547362
856,0.0050276606719825,0.008203849371312444
857,0.002183911946402,0.005920957010837685
858,0.0045094944780276,0.006171171961731585
859,0.0033439285372889,0.010537121429393184
860,0.036510059198177,0.020571069972709414
861,0.0065981130952559,0.009632830696209056
862,0.0364787310064655,0.020928993463735543
863,0.0376189901720119,0.020951772118281486
864,0.0044606226681019,0.008689828994489217
865,0.004467858105242,0.007100032741842028
866,0.0017357344171349,0.008370424532326141
867,0.0023876627733241,0.010608524059789995
868,0.0018403716881618,0.007018819946117684
869,0.0035769525513676,0.00781859246275754
870,0.0010019074985946,0.005368110608215337
871,0.0043804027950764,0.005915046834175639
872,0.0035960458616406,0.007159269547445766
873,0.0017552875922678,0.006665737041795381
874,0.2399224175000132,0.00873757016404381
875,0.0040886706373307,0.010031585939229771
876,0.0013209171730142,0.006208146359700556
877,0.0041412217145636,0.009346086015021288
878,0.0042664733684036,0.005796709483654396
879,0.0013869990478959,0.005246250954428049
880,0.0044293328807968,0.0101705649490412
881,0.0032998977440766,0.008785565214432032
882,0.168347784688639,0.007859459059512778
883,0.0030285870395226,0.009680464266687679
884,0.0033311927466453,0.008655117918283975
885,0.000980541453544,0.008904823740821943
886,0.0015938350077232,0.00621889141620417
887,0.0032680878091561,0.007254522216831667
888,0.0029751513962013,0.005204667114096477
889,0.0012779637828068,0.007183541796425521
890,0.0016679803973834,0.006340325434535252
891,0.0018262536564101,0.007042786043973226
892,0.0012937239189847,0.0063969679042824665
893,0.0039345232716851,0.007007351018732779
894,0.0012178414259253,0.007502387852527757
895,0.0012551075962958,0.005697459367824796
896,0.0039615169829928,0.006830818516922966
897,0.0034842757891408,0.0056029280938999365
898,0.0028484418372749,0.0064082596555695695
899,0.0044544785600467,0.005927844815281837
900,0.0152683892265123,0.04485393414981393
901,0.0136860374987047,0.04343498260997482
902,0.0153031398373819,0.039340802964242624
903,0.1822750526072634,0.025493597574206394
904,0.0151116365828742,0.03782298045982085
905,0.0062857328460449,0.024563072234685002
906,0.0147089702469353,0.04720309110216606
907,0.0130936859001545,0.08288486280715571
908,0.2460980465485997,0.026977433609830515
909,0.0150322287396796,0.05137935375322261
910,0.0424565595617176,0.021290196416215785
911,0.1597500460909645,0.025904589799659972
912,0.0347679301148072,0.024475617822094245
913,0.0430141419981229,0.02469418715716497
914,0.0135862878173586,0.02326943403582235
915,0.0938781854618426,0.022088299645413065
916,0.0107866646887192,0.02057144491856575
917,0.2330294483259389,0.022047153798210796
918,0.0948560339168137,0.026682189622275185
919,0.1149955456834387,0.023012335876047514
920,0.0723208761433853,0.029991314131553252
921,0.1708082283813322,0.025007282994301563
922,0.0142813378202247,0.027430602470468034
923,0.1216261955485759,0.02342600682606258
924,0.1515882059600121,0.02458050575661252
925,0.0143919126328464,0.03554977825648665
926,0.0499023293511677,0.02115054481996209
927,0.010038374028043,0.02344782973647709
928,0.0115979021794153,0.02107212693872941
929,0.0135815003160036,0.06704903122259025
930,0.0244921660319759,0.021416802353562442
931,0.1651752049158764,0.02282964786226037
932,0.0145804621088296,0.053097241436607386
933,0.0522526361550716,0.022136823110985828
934,0.0145183595426194,0.03505812676333326
935,0.0138134392094628,0.04733784529596317
936,0.1140769291933738,0.022054515173768875
937,0.0380070599640185,0.025927021621911628
938,0.0229086420463211,0.020881665381291856
939,0.0141507454924878,0.060300279871619726
940,0.0137341609351222,0.019755282620004654
941,0.0369628575273304,0.023160249701134755
942,0.0143499245132658,0.03740876177408176
943,0.0142030124079686,0.05162802351198983
944,0.014717399450636,0.039527647043455905
945,0.011753544974409,0.02150735813685712
946,0.0151194132558747,0.04191769333027906
947,0.0136521619942327,0.0317602226373667
948,0.014377995260843,0.0385475676950891
949,0.0146650961919738,0.0387999327631405
950,0.8987906700061795,0.7884443137258351
951,0.8914300039359707,0.7842401216576691
952,0.90920357282801,0.7811464500014003
953,0.9121054244739488,0.7859807535494169
954,0.9079274865783136,0.7898024226935975
955,0.8831020691616382,0.7867113533435525
956,0.8975636819293044,0.7732947502114966
957,0.8783044150709106,0.7705556657115277
958,0.8999098189549398,0.7801148885803906
959,0.913922599731679,0.7652327899580873
960,0.9127096763476836,0.7842736014341183
961,0.906864415689,0.7875873606276694
962,0.898852343031192,0.77913346483053
963,0.8957230811377045,0.7888182109583775
964,0.901475328405126,0.786632850262384
965,0.89045255279198,0.7719548024221816
966,0.903823234576096,0.781305249445862
967,0.9063227316629272,0.777998883897444
968,0.9049500401658106,0.7761069174645457
969,0.8986361078925537,0.7836181869719973
970,0.8837315394700935,0.7696913332881593
971,0.9084402094288048,0.780903157724031
972,0.9081008307727146,0.7843388843359727
973,0.9005990961083311,0.7900779246504129
974,0.9164047549259208,0.775849995123843
975,0.8969072037023534,0.7695531135370908
976,0.8965451744458166,0.7851304750219327
977,0.916338153168125,0.773814958494096
978,0.90697394003489,0.7732443196717632
979,0.9280906982503954,0.7710462890764578
980,0.8945614396363627,0.7801506212058363
981,0.9212986283486022,0.7810335045473604
982,0.887794569462513,0.7836729088855672
983,0.9060480645401104,0.7823215644084043
984,0.9056326125711504,0.7802537859548376
985,0.893648087487092,0.7860125102088602
986,0.9079182394081516,0.7779596895021996
987,0.9110142886122996,0.7808348253935095
988,0.8962777240981437,0.785455096593542
989,0.9008948826984532,0.7846923964741155
990,0.8897283731266855,0.7879360065754138
991,0.909538501370602,0.7878141876013149
992,0.9112007459130248,0.782839259340511
993,0.8895883188363509,0.7859233464351505
994,0.9035928983916084,0.7877857364464858
995,0.8903950632976968,0.777613658065782
996,0.8997284071921375,0.7866256390161754
997,0.906789572714984,0.7778653926134016
998,0.8955771694606915,0.7794925366377802
999,0.915318488884474,0.7870515632406301
1000,0.0112313664998418,0.029729524274074937
1001,0.0023881285646183,0.01905226234581797
1002,0.0148866184312477,0.017003621934126887
1003,0.0107142339902994,0.02863565243516682
1004,0.0060934610718185,0.01935680267556366
1005,0.002401386829033,0.021291777894270402
1006,0.0103285095614754,0.026597804791525143
1007,0.0056800451714824,0.020358872985087616
1008,0.0023431236853623,0.01974466625287601
1009,0.0105153842563683,0.028775643004057463
1010,0.0105749939533843,0.03476181769786406
1011,0.0793929736607918,0.018506598805329028
1012,0.0136798028874788,0.015902344150622836
1013,0.0105975577663976,0.06633070277182168
1014,0.0357463423280308,0.017260456808694195
1015,0.0113267515871034,0.02861296221225009
1016,0.0058633899872357,0.017018849860214236
1017,0.0107533934481109,0.029508044771110215
1018,0.1105422167283199,0.02001999614531383
1019,0.0316286090639774,0.01518830785791176
1020,0.0050775669982694,0.016343062850073087
1021,0.0046961835425407,0.02065755433024548
1022,0.0045275441075046,0.01749029882926131
1023,0.0058150352418715,0.01838978279549774
1024,0.0106767950672681,0.02719095244607666
1025,0.0036451578356968,0.0203208482378901
1026,0.0064318676631776,0.017907903508448064
1027,0.0136397906651492,0.016245546337321844
1028,0.0062905175830067,0.018052858254139385
1029,0.002610739062297,0.024136474235621062
1030,0.0112742691873246,0.03371056776426257
1031,0.0102351525021128,0.040165709858982004
1032,0.0107556998441014,0.05033580479211351
1033,0.0054078779928748,0.01686987950655978
1034,0.0023251644390394,0.016447176581348588
1035,0.0106717935608063,0.035293721363719006
1036,0.0107293676623428,0.033291831791592515
1037,0.0056194038668649,0.018070225905591538
1038,0.0094878529689423,0.014297937474522392
1039,0.0022683451554786,0.018569118830647546
1040,0.0111443267343844,0.02700121353404328
1041,0.005842954777389,0.018223848160034258
1042,0.0045977597736221,0.020419274477529514
1043,0.0161928965992379,0.015592651541640313
1044,0.0101540928886182,0.032073803756459275
1045,0.0106630153444753,0.03544980691385071
1046,0.126151416977849,0.018862663962160298
1047,0.0106252743785701,0.042520530540927234
1048,0.0315375156863007,0.01715659001050889
1049,0.0098956444496064,0.039467145560115525
1050,0.903931997488544,0.44376216553955095
1051,0.8826711774793137,0.45050141228501084
1052,0.8968977652688706,0.44793798258546796
1053,0.9177883129440382,0.4471514492114512
1054,0.8804817631054623,0.4345766676723485
1055,0.9037962682347144,0.4397136133218875
1056,0.8931371289466593,0.4452388288803324
1057,0.8653772508454728,0.43829859723678466
1058,0.901715136038912,0.45043115108695003
1059,0.8923924986339197,0.4994008216059068
1060,0.9117919316912884,0.47592550102365366
1061,0.8611598149136525,0.45007004094733594
1062,0.8720664116612812,0.45767368771817246
1063,0.9078522913343032,0.4699304246287961
1064,0.864342922261964,0.4607449453253761
1065,0.9013158694700208,0.44999573860052555
1066,0.87569104996861,0.46542026668605857
1067,0.8733962010212829,0.45544199341589303
1068,0.9056038038971292,0.4551059282740631
1069,0.8668897874945093,0.46117513938986304
1070,0.9072833572376812,0.4544290777214687
1071,0.8608656352597482,0.4479742567769856
1072,0.90280124312023,0.4502809950372965
1073,0.8913180300690392,0.44042206962714214
1074,0.8827253415161441,0.44412746327238256
1075,0.8781576866881077,0.4644629911311901
1076,0.8254728568981641,0.4619998639614645
1077,0.8839299396197345,0.4711027628608893
1078,0.903209572922152,0.46662543033344894
1079,0.859344223945115,0.45384264206317965
1080,0.8719923118424883,0.45263755464423383
1081,0.8882569836711314,0.4547832433686358
1082,0.8960016838500384,0.45457387444727587
1083,0.8915242772336449,0.4443465721585235
1084,0.8323256544830987,0.45008502064411854
1085,0.9049024979561796,0.45474427672646206
1086,0.888833668244192,0.4556617491848199
1087,0.8809576632491084,0.4468252217331447
1088,0.8778439218751695,0.44351996049577713
1089,0.9141018721132818,0.44383318531000415
1090,0.8930624167354232,0.45835346227567714
1091,0.8996995172369444,0.43457727638369803
1092,0.8788291779699877,0.42437285640786016
1093,0.8868127276207137,0.44243547227425956
1094,0.8166715378101731,0.44858728052219776
1095,0.8912254287516084,0.4583598897794175
1096,0.8902027415031836,0.45278413879099044
1097,0.8909897658746341,0.45733716823861853
1098,0.8966649757608653,0.528735904941669
1099,0.883688449965598,0.48724705937897345
1100,0.0093825172544723,0.02235530534690602
1101,0.0015987216335303,0.009981389190168145
1102,0.0079539151927022,0.01256115658657579
1103,0.014315733496216,0.012376242214088529
1104,0.0012483918033658,0.010588377929081752
1105,0.0083489811678236,0.021265069537233526
1106,0.0095485639659563,0.02064634044618286
1107,0.0105702768594889,0.023432574594007976
1108,0.0012809326240157,0.009556335396242554
1109,0.0081167362382083,0.01441282482245162
1110,0.0054195189309071,0.00961953899175926
1111,0.0057964335570891,0.01330512748574622
1112,0.008600068334007,0.023682449552172476
1113,0.0089910096334092,0.012098923407965529
1114,0.0130985402294164,0.018534119272997637
1115,0.0109993479403322,0.019438364709402068
1116,0.0233317559439048,0.01775114928551013
1117,0.0012791006823468,0.009927888603065184
1118,0.0082058825015599,0.020971716850952955
1119,0.0131095145869612,0.01645968356112008
1120,0.0149412997369922,0.014714622686822929
1121,0.0085443081290096,0.019610746535002877
1122,0.1770500643767422,0.01127384166256987
1123,0.0078200927815033,0.019489828617635697
1124,0.0053448688226931,0.011135401502905767
1125,0.0040610474402808,0.011558385478468668
1126,0.0016133156218721,0.011116162557486818
1127,0.0018210934917851,0.010929724344052611
1128,0.0047582114749121,0.011773191776340532
1129,0.0016076192534648,0.010022416880228743
1130,0.0517589218714542,0.010544326173467969
1131,0.0050996289696752,0.01442942544775856
1132,0.0094709341079272,0.01980825437494816
1133,0.0054497975301071,0.01276146992168415
1134,0.0046000235484672,0.010952214642290735
1135,0.0045667861343158,0.013691901857270853
1136,0.0041237189721168,0.010904641217908592
1137,0.0084864805202925,0.021118557423082617
1138,0.0044913610640298,0.01341746090166277
1139,0.0090813130059467,0.021048434252446412
1140,0.0080518432533852,0.020973659223359413
1141,0.0080736067964471,0.019503188877053518
1142,0.0042293502068029,0.012622012491419794
1143,0.0080778794567408,0.019686867972464227
1144,0.0081146033152651,0.020310227623906572
1145,0.0015941151413872,0.010957035047621041
1146,0.0054096853663003,0.01558658871326979
1147,0.0099264670035686,0.020551964694099353
1148,0.0242255232380339,0.018551094412491847
1149,0.0108520191147756,0.020413561700899557
1150,0.7750286788582047,0.08657293216977459
1151,0.0069206099667412,0.027299381006009867
1152,0.7625070526357907,0.1857122666794322
1153,0.870358311086652,0.16737280328569107
1154,0.881377341415858,0.1705262443243881
1155,0.9427635448477868,0.08805216654128561
1156,0.9389925935542786,0.14093612400535074
1157,0.9269064779937052,0.13490881925442227
1158,0.0063470868493741,0.048899827271538375
1159,0.9544321324182096,0.10697660528499277
1160,0.8630785198819287,0.0795254895678176
1161,0.9244554269765258,0.08432973669157044
1162,0.0115634624132924,0.0242154133510768
1163,0.9307638220696384,0.09842347340502637
1164,0.936297534265273,0.08132012009400556
1165,0.926059633230353,0.06549570033018026
1166,0.856141952843882,0.06337231886737983
1167,0.0062993107005283,0.07182580857411364
1168,0.9235902915578302,0.06786930055906608
1169,0.0063862834701338,0.06169922537124377
1170,0.0109366291306204,0.05868368451457077
1171,0.0064346283440948,0.04580440424048545
1172,0.0119597911819031,0.04317010610453308
1173,0.8282523825326594,0.07276075956060964
1174,0.0063842383893354,0.059776858227758065
1175,0.0063813197455706,0.03589895469077467
1176,0.0062958257684955,0.030756561924921832
1177,0.7480295344621375,0.06199264085304507
1178,0.0161184906015033,0.03014418810932282
1179,0.006379823695216,0.036308876420718464
1180,0.908562865774984,0.17766985297188603
1181,0.905328161692315,0.16063650379160718
1182,0.8147898736282007,0.17043920062103937
1183,0.9097836946076412,0.1958837948747394
1184,0.8643582115298941,0.1681883737066167
1185,0.8914175209294806,0.09269213572308196
1186,0.0063736753428892,0.0423935363526084
1187,0.0063624649689111,0.0413480674357152
1188,0.0063316145493806,0.040054363733884754
1189,0.8409253984193313,0.09393174505785953
1190,0.9159935958355218,0.09573941395963864
1191,0.8271681668813679,0.09195216053971508
1192,0.9187898979668266,0.08269148714477777
1193,0.881891983467271,0.08853573088632376
1194,0.9059407558900672,0.08975809336116547
1195,0.8349796631988747,0.0821837395441272
1196,0.8150578209918784,0.09925054013923626
1197,0.0064391451049884,0.04548424729094121
1198,0.7725071118876015,0.0961884340378604
1199,0.8081730219210282,0.08848722789357036
1200,0.0088497320565375,0.050022567638816025
1201,0.0088363904427519,0.05190062011689337
1202,0.0091499299741877,0.021738514324720317
1203,0.0088732259929026,0.04388227671524968
1204,0.0087120055095551,0.0558267732595271
1205,0.0091622809328971,0.04477876941194202
1206,0.0089562250269039,0.04589090711798184
1207,0.0091576579198358,0.04554612748413248
1208,0.0090100856656832,0.04481396531625041
1209,0.0083226518528113,0.031847832673831074
1210,0.0089271358894396,0.05848255003239763
1211,0.0089939961639387,0.056073379672538996
1212,0.0088903739608242,0.06186492360824646
1213,0.0089589898576121,0.06392966268300511
1214,0.0088876978295648,0.054790865544822355
1215,0.0087599461274318,0.08073393487067526
1216,0.0089278964863578,0.07572685510497315
1217,0.008830381584586,0.0742845158443484
1218,0.0091021455749518,0.05508162638874354
1219,0.0112658751891031,0.02132286262314727
1220,0.0082744421130846,0.04962662516102136
1221,0.0080357487345231,0.030806936916632784
1222,0.0091536443559144,0.051115244877979533
1223,0.0067966913898702,0.028203106230765822
1224,0.0080243387995433,0.03210227869782805
1225,0.0091635765626043,0.04998505866432596
1226,0.0091011915108096,0.04552203046024463
1227,0.0084339355654392,0.040035327165013415
1228,0.0092241063486925,0.049876639731098696
1229,0.0089954452076158,0.047635308155944356
1230,0.0089151529914129,0.05210124519910498
1231,0.0090908923538203,0.043365853217939225
1232,0.008872859541991,0.0342281193008376
1233,0.0080077219276642,0.044649849167469974
1234,0.0088586784351297,0.05158052615338811
1235,0.0091810220032803,0.06106496621266841
1236,0.0086110937456642,0.053241488009136556
1237,0.0090792602479718,0.07196629126147984
1238,0.0090336352017656,0.07146354219711146
1239,0.0090953717669131,0.048144998250261854
1240,0.0082203881476281,0.03163188093631683
1241,0.0094064780362571,0.04416821392012107
1242,0.0150698931791833,0.020810297952143442
1243,0.0094677305123457,0.04906808253663256
1244,0.0111541208505225,0.021227244333365744
1245,0.0049081545886478,0.02039213044213822
1246,0.0049098866414665,0.01946568336821148
1247,0.0091109246207182,0.06634132261182366
1248,0.0084718049885708,0.04674501835083494
1249,0.0080758305806858,0.04186458339997022
1250,0.0422942351397978,0.04582278897326024
1251,0.049865294817572,0.03772492939346545
1252,0.0422967300330738,0.03752440637429649
1253,0.0584388265012105,0.045580902139956386
1254,0.0734882603698798,0.04655251891718537
1255,0.0065539502250834,0.027891695550299505
1256,0.0396428310312927,0.04041124036394418
1257,0.0705129583795748,0.041320038957327866
1258,0.006023729125612,0.02465947509093811
1259,0.0098313162123132,0.024678557855900975
1260,0.0481481482019819,0.034666436520111095
1261,0.0469123804333504,0.042583816962121275
1262,0.0779797001443544,0.03497156413694865
1263,0.0107705980347725,0.025704884779689977
1264,0.0680744028687785,0.040011651097139535
1265,0.0070012899760088,0.023377779543487576
1266,0.036709730566859,0.026713682893600238
1267,0.0843294286854064,0.026465536111607253
1268,0.063097224880295,0.05358985231861098
1269,0.0328265635654531,0.03985263555412609
1270,0.0338595762715168,0.035496584089613696
1271,0.024770729009128,0.03782300616062815
1272,0.0483002362553934,0.03348564041065795
1273,0.0691213477510434,0.03633024707693876
1274,0.070575500695865,0.03528927537812423
1275,0.0399934910045826,0.0398670952292119
1276,0.0580587187490127,0.04141152615111968
1277,0.0319960158903906,0.030281584584804143
1278,0.3231109677179697,0.026343695435664782
1279,0.0621671715012201,0.03477883727031918
1280,0.0060895985684751,0.02567277160733164
1281,0.0151829492036582,0.0246500936574202
1282,0.0457987612965517,0.03769037348460157
1283,0.0066062184706087,0.025769184068479892
1284,0.0068671822132071,0.026696688812052866
1285,0.0095352629501158,0.023956108629620214
1286,0.0394871495445133,0.040044604786190624
1287,0.0258461708882996,0.028350777197651937
1288,0.0095821545384436,0.02701946466186494
1289,0.0446528561316015,0.050214915241798955
1290,0.0398556224493709,0.03176340560850821
1291,0.0625817041949288,0.03801812153000512
1292,0.0358003474436072,0.034360738409926664
1293,0.0481686934635924,0.040984638115250285
1294,0.0234081391847588,0.03094551316330221
1295,0.0586916953455239,0.035703718517231794
1296,0.2160753968633105,0.02400116478765353
1297,0.036347611782436,0.03257201995951479
1298,0.0443777242077636,0.03126823541201931
1299,0.0199424951398777,0.030460947097434774
1300,0.0043402374580491,0.019045687935738045
1301,0.0133925144476733,0.021213924021335633
1302,0.003136144200289,0.01622349628000944
1303,0.0073692274226257,0.01973765118281052
1304,0.0140721672839035,0.017648526980016486
1305,0.0044610307666638,0.019875016792061235
1306,0.0047217451212621,0.013733829054644625
1307,0.013391370042568,0.019163124948156186
1308,0.3220332913010416,0.016660964163485167
1309,0.0046279886612107,0.014017037460167326
1310,0.026135327171115,0.01941304774532072
1311,0.0132966601203244,0.02081019867028256
1312,0.0128744077495297,0.02055801033721614
1313,0.0059452884124067,0.021532786568096648
1314,0.0043192779048247,0.021889822946016782
1315,0.3626275798366554,0.35540607835059945
1316,0.3420754525664904,0.34835992836937996
1317,0.3460245289362398,0.36600447462682334
1318,0.344414159762113,0.3605789227537693
1319,0.3158177844858582,0.3652374030826236
1320,0.1305850930670614,0.01901685889883949
1321,0.0110438477330191,0.01836536112606781
1322,0.2966305603122646,0.02091927704205027
1323,0.3388287762680288,0.015456651969598228
1324,0.0059116665082996,0.02044207066309721
1325,0.0191631277327867,0.023358262318177968
1326,0.2825358975763669,0.022634752405421177
1327,0.0076175756785178,0.020823425631326532
1328,0.0191118075852915,0.020629545468320798
1329,0.1094847676827217,0.024223831501348013
1330,0.3491479060097278,0.03161185306471224
1331,0.2815376183548893,0.03687236517682479
1332,0.3070554279271604,0.035185716930323484
1333,0.2700996984741954,0.040759204046259406
1334,0.0053378160419845,0.023507341293394317
1335,0.0100053775101858,0.02191022334571895
1336,0.3078768584765911,0.020820113858560276
1337,0.0113098955501546,0.021919821963038044
1338,0.0063272136654736,0.023036447730578204
1339,0.0111947592936676,0.019636940955231223
1340,0.012132055398095,0.01859668024608476
1341,0.014116923346962,0.019844555538795286
1342,0.011131058399491,0.019859204746396762
1343,0.0071119121462232,0.020573056495129582
1344,0.3354454617095657,0.02161555893011273
1345,0.0150914996162764,0.022722153379920063
1346,0.3357460682902508,0.019826820086729906
1347,0.0063125947806192,0.023186319068953805
1348,0.0677980796854541,0.021130225255772333
1349,0.2751935659038289,0.021633372107443774
1350,0.139812162139616,0.20660012145991938
1351,0.1081499122316997,0.18142071254622485
1352,0.1140814726921297,0.19879769911326384
1353,0.1498022639486699,0.2135977679845821
1354,0.1288911267229208,0.20995616632122557
1355,0.1011558771772401,0.19311298040603306
1356,0.1048132808827467,0.2014882701083513
1357,0.1059691784295847,0.20495441273434772
1358,0.1067519716218149,0.19502547120255748
1359,0.1006127580423764,0.19588362444312613
1360,0.1148522593980843,0.21152746050222512
1361,0.0887036104310052,0.20479715437417106
1362,0.1102868890837391,0.19110549164704133
1363,0.0995251067988875,0.19675535809613745
1364,0.1069799687389878,0.20967391971426824
1365,0.1084482381914611,0.18524859165390037
1366,0.0957469116400347,0.1970107341762683
1367,0.0907201257369134,0.1497005803104371
1368,0.1095743033917023,0.20028061262332894
1369,0.1006457103909158,0.20615241723056535
1370,0.108687980587333,0.20577482870682104
1371,0.1076348540256987,0.20177007350024675
1372,0.1071315920556197,0.1942529096410129
1373,0.1068763708975167,0.20300758994567608
1374,0.1152996065653539,0.1992908927892793
1375,0.1296522283534405,0.1776716797387165
1376,0.1280479632420201,0.11636006503252946
1377,0.1314080255458034,0.15940766581852855
1378,0.2031490898057512,0.14330167909100583
1379,0.1351716761752399,0.17878890950151463
1380,0.0989281903001936,0.18432009381277736
1381,0.1027324000998914,0.19747704959572104
1382,0.1072048493983639,0.19503323188891972
1383,0.1038494435552246,0.18728887715502668
1384,0.1021560410475584,0.20007922754120144
1385,0.1341618183381042,0.12923982784693128
1386,0.1151756168368266,0.16164465274131037
1387,0.1456539044906382,0.14220872689706524
1388,0.1017520489676398,0.15722347111498744
1389,0.1005173635820976,0.16146557898238315
1390,0.0928926973552383,0.20240468112676718
1391,0.1069589853175389,0.19906688553701604
1392,0.1025666588655761,0.20057888458004167
1393,0.1039836228079296,0.192481452481498
1394,0.0974611407399456,0.19959178489483262
1395,0.7864186779223997,0.691280006472424
1396,0.771897789024314,0.7042910408733177
1397,0.8002422898206292,0.6930465716700951
1398,0.7677687490511156,0.7045082770921551
1399,0.7863784442048076,0.6982542130454706
1400,0.871704222610422,0.760891764903647
1401,0.8591306201196723,0.7653056075748037
1402,0.8425457233384672,0.7584131458788846
1403,0.8698065355904353,0.763367224437477
1404,0.8554334340734284,0.7603182430969133
1405,0.8720141653024078,0.7681163868243688
1406,0.8419473996231309,0.7619299811942943
1407,0.8618337639015984,0.7674569071019639
1408,0.8369128814784982,0.7599717053831279
1409,0.8417225262520391,0.7598286976358473
1410,0.8680509881426864,0.7599398307384655
1411,0.8599417893001888,0.7593668875688772
1412,0.8720460214708462,0.7516677581316227
1413,0.8449563904504437,0.754160698197875
1414,0.8529791348036039,0.7586632916380168
1415,0.8532351467446322,0.7591300173662348
1416,0.8316151275357564,0.7640802876866373
1417,0.8649110633184082,0.7590635450246623
1418,0.8598237976898191,0.7561849798705318
1419,0.8840204460373995,0.7635317367449843
1420,0.8375637893072431,0.7508751537422995
1421,0.861831425197846,0.7610524992874474
1422,0.8644297743307444,0.764272306200749
1423,0.8694248082273593,0.7603490653289472
1424,0.85936300001382,0.7673275954966784
1425,0.8495652802189824,0.7119103083024632
1426,0.8399196564965538,0.7535838079071212
1427,0.8611044397152033,0.7436988959891099
1428,0.8724219145510932,0.7493434098455707
1429,0.8574422520347796,0.7623369453342693
1430,0.8489394925200194,0.7617369024371561
1431,0.850478079980566,0.7527433331382795
1432,0.849757147731849,0.759736254498812
1433,0.8511360211908275,0.745412043090275
1434,0.8461292068435928,0.7406181191973662
1435,0.852103004563105,0.7633712224829916
1436,0.7573902968504713,0.7620773462527396
1437,0.8374651733836621,0.7585016203480862
1438,0.8383435236596447,0.7630467872154092
1439,0.8423006419240555,0.753019415946397
1440,0.850906684887914,0.7607437984552996
1441,0.8864796245434481,0.7579109478583905
1442,0.7496019960885166,0.7704382584577216
1443,0.8712640134483798,0.7688968022480722
1444,0.8683962912335513,0.7597850737838717
1445,0.8502703460427204,0.757313937116216
1446,0.7659182332617993,0.7658095538015847
1447,0.8615684232676495,0.7553942600037171
1448,0.8652605139803451,0.7622318671192658
1449,0.7884791286018583,0.7666036604047113
1450,0.0062224476215613,0.1297155535692458
1451,0.0114296301479922,0.05735242087812065
1452,0.0062638205642337,0.13018958206638906
1453,0.0060250220280965,0.14143940027800825
1454,0.0060155247092565,0.12918748268514277
1455,0.0178182907892119,0.06240267618834616
1456,0.0059986675167982,0.12620859431493425
1457,0.006020610795046,0.1354732688806459
1458,0.0062394141713956,0.12473860446739574
1459,0.0061020945422408,0.1288788004388365
1460,0.0060649408992253,0.15727021634439897
1461,0.0057634429190168,0.15692960029474082
1462,0.0060668688899561,0.16024249176535946
1463,0.0061264310017095,0.15201954858041544
1464,0.0062807595329817,0.12259090551181248
1465,0.0059961100111682,0.1530755553996103
1466,0.0062212365542704,0.1512993124683569
1467,0.0060655372957728,0.14297973386927598
1468,0.0062235916591659,0.15237394678003682
1469,0.0060799026889418,0.1529389875402236
1470,0.0060353920355086,0.15165799771985874
1471,0.0095156251966801,0.09569766201485791
1472,0.0061900160403527,0.15069598106210563
1473,0.0058397724824453,0.1282152103732673
1474,0.0059339383941053,0.12573881175184726
1475,0.0072537107795345,0.08761937304679916
1476,0.0059804355326968,0.15622405226796884
1477,0.0058951638041417,0.15746373473983646
1478,0.0073113567270316,0.08468125191676437
1479,0.0060034379178382,0.11979503956899178
1480,0.0062997218819389,0.1456702180936908
1481,0.0092013568594285,0.07194373119492567
1482,0.0082915894889363,0.08803729371867872
1483,0.0061091573068605,0.1461808914314127
1484,0.0060139396150424,0.15078765549142606
1485,0.0062352371278598,0.14808868835509476
1486,0.0062597865029145,0.14780183505978003
1487,0.0060654443434761,0.15134226533696407
1488,0.0060496260042875,0.1574644891424575
1489,0.0061004199736484,0.14583637801669588
1490,0.0060699914326094,0.1431985157980768
1491,0.0063637863824272,0.14445186093020773
1492,0.008302614162294,0.08569250693241826
1493,0.0061724911403423,0.14494945898609427
1494,0.0060826109116871,0.14415281039827252
1495,0.0060672646441559,0.1527129502511959
1496,0.0060182595924547,0.15217810890844743
1497,0.0061076284466781,0.15229671001512077
1498,0.0062887793792713,0.1475670821534825
1499,0.006218646501159,0.15280694160784647
1500,0.0091139841853121,0.036772501217728515
1501,0.0015317731576458,0.012695971075278574
1502,0.0021089534587573,0.013026403872904966
1503,0.0021558008819896,0.009260102357834378
1504,0.0085877527932529,0.022051624552666578
1505,0.0087349898331249,0.021285105981411378
1506,0.0094211934239267,0.02310267741600572
1507,0.0091841620366649,0.025686433849661554
1508,0.008300409637148,0.023927879127754903
1509,0.0090447696794804,0.01993302618295232
1510,0.0139282202711082,0.02004094223525275
1511,0.0084171038597242,0.020726596416979035
1512,0.0085317334298118,0.022100269318625586
1513,0.00675348866288,0.009221429288496655
1514,0.0091356284157323,0.025081374024071526
1515,0.0091977054401128,0.027103725610325414
1516,0.0093223187969996,0.03962640559007422
1517,0.0094425479375604,0.04967546450111664
1518,0.0092808376057044,0.0421108632045133
1519,0.0083722671329937,0.02660646087206394
1520,0.0089583202018291,0.04143608337109303
1521,0.0093931829614059,0.04417237002980436
1522,0.0090245604256563,0.02677960084045843
1523,0.0092599322511336,0.02382397996603969
1524,0.0092219242204307,0.043802375685108634
1525,0.0096540651623656,0.05049175596628599
1526,0.0146884429146189,0.020342434934834036
1527,0.0086269568375709,0.021684587365687836
1528,0.0089851959575224,0.04982078549471449
1529,0.0052401265051263,0.008935933536852896
1530,0.008937909305063,0.0274000832923808
1531,0.00895092524654,0.020686250876528648
1532,0.010565097112334,0.020258363601937144
1533,0.0089553510366956,0.037100598744163944
1534,0.0089476589066741,0.028391481149442253
1535,0.0102425303947307,0.023336064282362602
1536,0.0086978581394572,0.04009215495557541
1537,0.0085416780842333,0.024448508489144007
1538,0.009889802429946,0.025082174565088503
1539,0.0091722080427306,0.048532602819255755
1540,0.0085796762678194,0.01889289246374272
1541,0.0092508128930859,0.01855533020225546
1542,0.0187334586874436,0.00979659382960756
1543,0.0093425745476394,0.039136335970461636
1544,0.0156910673921178,0.010078739020539648
1545,0.0086794922852739,0.02327195719788173
1546,0.0082313265399478,0.023002916210707967
1547,0.0090876114559976,0.031135494193495122
1548,0.0121501735532462,0.01909171806964798
1549,0.0133852284753614,0.01866905500442041
1550,0.0087240522365355,0.02235530534690602
1551,0.0016122860659192,0.009981389190168145
1552,0.0073697936347862,0.01256115658657579
1553,0.0130372493058664,0.012376242214088529
1554,0.0012570746943444,0.010588377929081752
1555,0.0078913400080505,0.021265069537233526
1556,0.0089116328109992,0.02064634044618286
1557,0.0098457353896489,0.023432574594007976
1558,0.0012842700940384,0.009556335396242554
1559,0.0076412508046112,0.01441282482245162
1560,0.0056590058293061,0.00961953899175926
1561,0.0053977094100841,0.01330512748574622
1562,0.0081089228531319,0.023682449552172476
1563,0.0084693678861951,0.012098923407965529
1564,0.0124082659450867,0.018534119272997637
1565,0.0101909890468857,0.019438364709402068
1566,0.0218952148737714,0.01775114928551013
1567,0.0012848536971971,0.009927888603065184
1568,0.007807461394321,0.020971716850952955
1569,0.0125534341149983,0.01645968356112008
1570,0.0145474743592464,0.014714622686822929
1571,0.0080232180518983,0.019610746535002877
1572,0.1673879975341355,0.01127384166256987
1573,0.0074216060257999,0.019489828617635697
1574,0.0050319825559575,0.011135401502905767
1575,0.004246779301003,0.011558385478468668
1576,0.0016143120525089,0.011116162557486818
1577,0.0018188173377205,0.010929724344052611
1578,0.0044861159352626,0.011773191776340532
1579,0.0016256093071229,0.010022416880228743
1580,0.0537109759724871,0.010544326173467969
1581,0.0047850398041354,0.01442942544775856
1582,0.0087250826208951,0.01980825437494816
1583,0.0051292879423826,0.01276146992168415
1584,0.0048330160618318,0.010952214642290735
1585,0.0042881704242797,0.013691901857270853
1586,0.0041658169603021,0.010904641217908592
1587,0.0080374210984851,0.021118557423082617
1588,0.0042606289109481,0.01341746090166277
1589,0.0084766736576385,0.021048434252446412
1590,0.0076857453892871,0.020973659223359413
1591,0.0076469237656237,0.019503188877053518
1592,0.0040117966446124,0.012622012491419794
1593,0.0077141543770336,0.019686867972464227
1594,0.0076626414297018,0.020310227623906572
1595,0.0016178278389192,0.010957035047621041
1596,0.0050735388678227,0.01558658871326979
1597,0.0092384364899311,0.020551964694099353
1598,0.0245344309943255,0.018551094412491847
1599,0.0101519640191377,0.020413561700899557
1600,0.0048274201610678,0.005583863778948142
1601,0.0015957491619934,0.018286609417324146
1602,0.002039148472202,0.011744787047076473
1603,0.0011530944070029,0.016699993377553856
1604,0.0015600952467418,0.019367498285546597
1605,0.001132863697974,0.016568028435760482
1606,0.0011016865686104,0.01773753658856176
1607,0.0020885615704968,0.008266800988796638
1608,0.020680834517802,0.007755673238756734
1609,0.0019475779881729,0.012630359165344971
1610,0.0023617670578228,0.007785325387581887
1611,0.0022809104176494,0.009155626404785672
1612,0.0011670260296799,0.016733952786758956
1613,0.0062416245491476,0.005737577575041913
1614,0.0129936542019057,0.009712813180051577
1615,0.095220795284678,0.03648649945017779
1616,0.0778216313687243,0.027341068383015928
1617,0.0942481361954235,0.03738810328934776
1618,0.0900530291673509,0.03657783340298355
1619,0.0892652281571714,0.03551902660761915
1620,0.0011413826550605,0.017566872336431165
1621,0.0022859154232235,0.008707391990705474
1622,0.0016208824944531,0.01386542982540109
1623,0.001165826507986,0.018389367519927174
1624,0.0016655806605618,0.013063476067886947
1625,0.0057521167707516,0.0056559187573810895
1626,0.0017089366898766,0.011598939937172486
1627,0.0021215095294217,0.007282241518984467
1628,0.0087196731059315,0.00729651030763256
1629,0.0011459444349045,0.01629121592737128
1630,0.0011563583436639,0.01535215779554596
1631,0.0023340242738579,0.0072054198662474265
1632,0.0022542458172236,0.007253481226733097
1633,0.0034656859675141,0.008016452598699564
1634,0.0016084861909044,0.014781948720536543
1635,0.0048392381268472,0.005951454382801555
1636,0.0011834527502974,0.018700383516797925
1637,0.0022272425929422,0.006658842200209374
1638,0.0023209555504877,0.007361073677531509
1639,0.0011334895063439,0.01921964307804455
1640,0.0015494348385548,0.01579757205471187
1641,0.0020989064595086,0.008393249622033597
1642,0.0016262158226988,0.01382721483341778
1643,0.0021734407343674,0.009648165016085357
1645,0.0015187966353481,0.01686098632083545
1646,0.0021615813564886,0.008165841146485171
1647,0.1423333904220522,0.010852259495469915
1648,0.002174711821113,0.007499147320462457
1649,0.0011071834703475,0.01673999231125924
