pdb,query,seed,sample,data_file,chain_iptm,chain_pair_iptm,chain_pair_pae_min,chain_ptm,fraction_disordered,has_clash,ipTM,pTM,ranking_confidence,format,iptm_A,iptm_H,iptm_L,ptm_A,ptm_H,ptm_L,chain_pair_iptm_AH,chain_pair_iptm_AL,chain_pair_iptm_HL,chain_pair_pae_min_AH,chain_pair_pae_min_AL,chain_pair_pae_min_HL,chain_plddt_A,chain_pae_A,chain_plddt_H,chain_pae_H,chain_plddt_L,chain_pae_L,chain_pair_pae_AH,chain_pair_pae_AL,chain_pair_pae_HL,avg_model_plddt,avg_internal_pae,avg_pair_pae,plddt_H3,plddt_L3,contacts_AH,interface_plddt_AH,interface_pae_AH,contacts_AL,interface_plddt_AL,interface_pae_AL,contacts_HL,interface_plddt_HL,interface_pae_HL,total_contacts,avg_interface_plddt,avg_interface_pae,pdockq_AH,pdockq_AL,pdockq_HL,pdockq,pdockq2_AH,pdockq2_AL,pdockq2_HL,pdockq2,LIS,LIS_AH,LIS_AL,LIS_HL,avg_LIS,piTM,pIS,piTM_A,piTM_H,piTM_L,model_avg_RMSD,query_avg_RMSD,scaled_RMSD_ratio,scaled_model_RMSD,scaled_query_RMSD,dG_separated,dSASA_int,nres_int,delta_unsatHbonds,packstat,dG_dSASA_norm,model_path,native_path,Fnat,Fnonnat,rRMS,iRMS,LRMS,DockQ
/home/cseomoon/project/ABAG/DB/AbNb_structure/AF3/native/7uvh_7uvh/seed-1_sample-0/model.cif,7uvh_7uvh,1,0,/home/cseomoon/project/ABAG/DB/AbNb_structure/AF3/native/7uvh_7uvh/seed-1_sample-0/confidences.json,"[0.16, 0.52, 0.51]","[[0.81, 0.16, 0.15], [0.16, 0.88, 0.88], [0.15, 0.88, 0.87]]","[[0.76, 17.97, 20.89], [10.65, 0.76, 1.0], [10.77, 1.01, 0.76]]","[0.81, 0.88, 0.87]",0.0,0.0,0.49,0.62,0.51,custom,0.16,0.52,0.51,0.81,0.88,0.87,0.16,0.15,0.88,14.309999999999999,15.83,1.005,76.84685442574981,6.091630546955625,87.49519396551723,3.3551957729304975,86.06880422039859,3.554709254709255,23.729148691400635,24.229850903535116,4.984164082114902,83.47028420388854,4.333845191531792,17.64772122568355,76.01142857142857,72.7325,2164.0,60.405314232902036,22.960444444444445,1723.0,65.96179048171794,24.414935064935065,3868.0,84.74018872802482,3.7588007736943903,7755.0,70.36909781421492,17.044726761024634,0.07842940577774203,0.05631669754233362,0.40847310835649114,0.45372864768851345,0.011700929683827448,0.01102939964205514,0.5351609479485046,0.011605131948919755,"[[0.5883451213020001, 0, 0], [0.04467592592592592, 0.7876384353258555, 0.6905284358933588], [0.04039215686274508, 0.6400302313354364, 0.7484779011722474]]",0.02233796296296296,0.02019607843137254,0.6652793336143976,0.23593779166957765,0.5427096976578547,0.5220641440009668,0.005307849676028996,0.2642757011768852,0.25248059314805266,28.669532287097365,37.58922199312461,0.6322228568628994,0.08079919459125501,0.04864665968882484,94.93767203358072,1699.3676351170272,79.0,29.0,0.7555003812554879,0.055866470604545096,/home/cseomoon/project/ABAG/DB/AbNb_structure/AF3/native/7uvh_7uvh/seed-1_sample-0/model.cif,/home/cseomoon/project/ABAG/DB/AbNb_structure/original_pdb/renum_fv_7uvh_1.pdb,0.30952380952380953,0.5666666666666667,3.1653718898062375,10.541874189432518,25.15445037774811,0.14395039380746386
/home/cseomoon/project/ABAG/DB/AbNb_structure/AF3/native/7uvh_7uvh/seed-1_sample-1/model.cif,7uvh_7uvh,1,1,/home/cseomoon/project/ABAG/DB/AbNb_structure/AF3/native/7uvh_7uvh/seed-1_sample-1/confidences.json,"[0.11, 0.49, 0.49]","[[0.82, 0.11, 0.11], [0.11, 0.89, 0.88], [0.11, 0.88, 0.87]]","[[0.76, 21.38, 25.46], [12.49, 0.76, 1.01], [13.13, 1.03, 0.76]]","[0.82, 0.89, 0.87]",0.0,0.0,0.46,0.59,0.48,custom,0.11,0.49,0.49,0.82,0.89,0.87,0.11,0.11,0.88,16.935,19.295,1.02,76.05720555961962,6.2068145854833165,87.18021551724136,3.296064218940523,85.80550996483001,3.5641031941031938,26.56072284536478,27.05900637479585,4.98093708462561,83.01431034723034,4.355660666175678,19.533555434928747,75.10142857142856,71.7125,2462.0,57.60134646628757,26.16797619047619,1430.0,64.63307342657343,27.750328947368416,4001.0,84.29175706073481,3.72776268115942,7893.0,68.84205898453195,19.215355939668008,0.06033534306580332,0.03901351254585625,0.41888609708091173,0.44393702556380976,0.00986263615384071,0.009721370081886126,0.5085132714153582,0.009900852891134045,"[[0.5887894304560972, 0, 0], [0, 0.7865832212071856, 0.6876311269652531], [0, 0.6388011372610962, 0.7475450185122855]]",0.0,0.0,0.6632161321131747,0.22107204403772487,0.5489660758861288,0.5253828317319409,0.00423667217674666,0.2746594691854493,0.24648669036974494,46.56562803036565,37.58922199312461,0.3945345881418146,0.03224571599615487,0.04864665968882484,125.36954273145994,1730.4742427673582,72.0,30.0,0.7369673744058332,0.0724480836715432,/home/cseomoon/project/ABAG/DB/AbNb_structure/AF3/native/7uvh_7uvh/seed-1_sample-1/model.cif,/home/cseomoon/project/ABAG/DB/AbNb_structure/original_pdb/renum_fv_7uvh_1.pdb,0.0,1.0,3.2668538287696265,12.173849613605517,57.51547571237122,0.012109614693328719
/home/cseomoon/project/ABAG/DB/AbNb_structure/AF3/native/7uvh_7uvh/seed-1_sample-2/model.cif,7uvh_7uvh,1,2,/home/cseomoon/project/ABAG/DB/AbNb_structure/AF3/native/7uvh_7uvh/seed-1_sample-2/confidences.json,"[0.14, 0.51, 0.51]","[[0.82, 0.14, 0.14], [0.14, 0.88, 0.87], [0.14, 0.87, 0.87]]","[[0.76, 19.75, 20.01], [10.67, 0.76, 1.01], [10.87, 1.02, 0.76]]","[0.82, 0.88, 0.87]",0.0,0.0,0.48,0.61,0.5,custom,0.14,0.51,0.51,0.82,0.88,0.87,0.14,0.14,0.87,15.21,15.440000000000001,1.0150000000000001,77.27645940014631,5.850285517715858,87.33633620689655,3.3467213114754095,85.93533411488862,3.555716625716626,24.907880356629278,24.702455086665616,5.015008861320337,83.51604324064384,4.250907818302631,18.208448101538412,74.88571428571429,72.86375,1780.0,59.934741573033705,24.74388111888112,1898.0,64.88877766069547,24.27514204545454,4010.0,84.52623566084789,4.0724716553287985,7688.0,69.78325163152569,17.697164939888154,0.07184695040485763,0.061354533275762735,0.4128315528928805,0.45110813543664185,0.010985672255722646,0.010962953596573064,0.5214508266513084,0.011250467592992865,"[[0.6061076487252125, 0, 0], [0.03382936507936505, 0.786877156904458, 0.6877602511125239], [0.03515151515151512, 0.6417498679344955, 0.7489018848872433]]",0.016914682539682525,0.01757575757575756,0.6647550595235097,0.23308183321298326,0.543372909753057,0.5229615019284202,0.004996522981393148,0.2467027581234932,0.2712622208235338,41.235734136466945,37.58922199312461,0.4538379061909103,0.04075851409070713,0.04864665968882484,120.65397440521645,1755.1576897045002,76.0,25.0,0.7313126114910036,0.06874252673304235,/home/cseomoon/project/ABAG/DB/AbNb_structure/AF3/native/7uvh_7uvh/seed-1_sample-2/model.cif,/home/cseomoon/project/ABAG/DB/AbNb_structure/original_pdb/renum_fv_7uvh_1.pdb,0.14285714285714285,0.7777777777777778,3.1226132873083854,4.756246987284942,18.53664392587787,0.1356860892717393
/home/cseomoon/project/ABAG/DB/AbNb_structure/AF3/native/7uvh_7uvh/seed-1_sample-3/model.cif,7uvh_7uvh,1,3,/home/cseomoon/project/ABAG/DB/AbNb_structure/AF3/native/7uvh_7uvh/seed-1_sample-3/confidences.json,"[0.1, 0.49, 0.49]","[[0.83, 0.11, 0.1], [0.11, 0.89, 0.88], [0.1, 0.88, 0.87]]","[[0.76, 21.71, 24.76], [13.19, 0.76, 0.97], [14.38, 1.0, 0.76]]","[0.83, 0.89, 0.87]",0.0,0.0,0.46,0.59,0.48,custom,0.1,0.49,0.49,0.83,0.89,0.87,0.11,0.1,0.88,17.45,19.57,0.985,76.28817849305048,5.891960784313725,87.09640086206896,3.3648828072076955,85.31726846424385,3.7385176085176086,26.839988975170165,27.1184131499921,5.122308373947718,82.90061593978777,4.331787066679676,19.693570166369994,75.07142857142857,71.22874999999999,2470.0,58.13884008097166,26.849313725490195,1370.0,64.82498905109489,27.704772727272722,3867.0,83.61512800620635,4.087009544008484,7707.0,68.8596523794243,19.5470319989238,0.07404145697197613,0.05607545745515999,0.36719507326293394,0.40962734965064085,0.009711206289841656,0.009869560038656725,0.49847783921017913,0.009913215077246452,"[[0.606519941941184, 0, 0], [0, 0.7906255928666287, 0.6948834832921943], [0, 0.6412239479622992, 0.7448149401940871]]",0.0,0.0,0.6680537156272468,0.22268457187574894,0.5399520788853084,0.5109394388411665,0.004375880872662162,0.2649659383713544,0.24159761959714993,53.448682761724505,37.58922199312461,0.33092392227441675,0.024667023444200794,0.04864665968882484,164.4115842883827,1970.2245836023258,80.0,37.0,0.701440884361801,0.083448143758198,/home/cseomoon/project/ABAG/DB/AbNb_structure/AF3/native/7uvh_7uvh/seed-1_sample-3/model.cif,/home/cseomoon/project/ABAG/DB/AbNb_structure/original_pdb/renum_fv_7uvh_1.pdb,0.0,1.0,3.077180332019222,14.02748840603166,64.12782357882388,0.009523648637581587
/home/cseomoon/project/ABAG/DB/AbNb_structure/AF3/native/7uvh_7uvh/seed-1_sample-4/model.cif,7uvh_7uvh,1,4,/home/cseomoon/project/ABAG/DB/AbNb_structure/AF3/native/7uvh_7uvh/seed-1_sample-4/confidences.json,"[0.12, 0.5, 0.5]","[[0.81, 0.12, 0.12], [0.12, 0.88, 0.87], [0.12, 0.87, 0.87]]","[[0.76, 21.84, 21.67], [12.42, 0.76, 1.01], [12.28, 1.03, 0.76]]","[0.81, 0.88, 0.87]",0.0,0.0,0.47,0.6,0.49,custom,0.12,0.5,0.5,0.81,0.88,0.87,0.12,0.12,0.87,17.13,16.975,1.02,76.01422823701536,6.3428001375989,87.25421336206897,3.3010296707763174,85.97445486518171,3.557067977067977,25.8997147924456,25.59571413518782,4.981343228474376,83.08096548808868,4.400299261814398,18.8255907187026,75.08428571428571,72.9625,2209.0,53.82760072430963,26.225686977299883,1957.0,65.46277976494635,26.063793103448276,3939.0,84.48246382330541,3.792315470171891,8105.0,67.92428143752046,18.693931850306686,0.06288413838099265,0.08616206564120239,0.3972701325515303,0.45869313002746664,0.009674291039977771,0.01032672063361983,0.529130274717666,0.009928314115648476,"[[0.5799154225007092, 0, 0], [0, 0.7861052122413347, 0.6889089825119237], [0, 0.6426963923366802, 0.7499494353615372]]",0.0,0.0,0.6658026874243019,0.221934229141434,0.5374966893543431,0.5141631919365903,0.004457585177057821,0.24469646499115186,0.26500914176838064,43.58622988093845,37.58922199312461,0.42652390859999184,0.036637755737424414,0.04864665968882484,166.4109901918912,2000.2709929377886,84.0,22.0,0.7519331174367399,0.0831942225725546,/home/cseomoon/project/ABAG/DB/AbNb_structure/AF3/native/7uvh_7uvh/seed-1_sample-4/model.cif,/home/cseomoon/project/ABAG/DB/AbNb_structure/original_pdb/renum_fv_7uvh_1.pdb,0.0,1.0,3.108476001014107,14.040898281242702,55.51642312959026,0.01139636766057991
/home/cseomoon/project/ABAG/DB/AbNb_structure/AF3/native/7uvh_7uvh/seed-2_sample-0/model.cif,7uvh_7uvh,2,0,/home/cseomoon/project/ABAG/DB/AbNb_structure/AF3/native/7uvh_7uvh/seed-2_sample-0/confidences.json,"[0.12, 0.5, 0.49]","[[0.72, 0.12, 0.12], [0.12, 0.89, 0.87], [0.12, 0.87, 0.86]]","[[0.76, 19.91, 21.67], [11.29, 0.76, 1.02], [11.43, 1.05, 0.76]]","[0.72, 0.89, 0.86]",0.0,0.0,0.47,0.6,0.49,custom,0.12,0.5,0.49,0.72,0.89,0.86,0.12,0.12,0.87,15.6,16.55,1.0350000000000001,67.07038771031456,9.967303061575507,87.02987068965517,3.315248611299282,85.13386869871043,3.6868468468468465,25.765314926660913,25.97036773615721,5.113465514695024,79.7447090328934,5.6564661732405455,18.94971605917105,74.88142857142859,72.13125,1434.0,56.02183054393305,24.37487684729064,2082.0,60.558225264169074,26.44516129032258,3881.0,84.23014171605257,3.5584057971014493,7397.0,66.93673250805156,18.126147978238226,0.03224353446948591,0.05611477310734324,0.38913922865885675,0.39685874357474515,0.010721841843079907,0.009625673810339862,0.5203292250556242,0.010232807279076616,"[[0.5403149719667327, 0, 0], [0.04537037037037032, 0.7842446535097028, 0.6827869503095729], [0.018181818181818157, 0.6382038197792779, 0.7401986037215326]]",0.02268518518518516,0.009090909090909078,0.6604953850444254,0.23075715977350653,0.5407991824453623,0.513513512775506,0.0037293268300637753,0.2322691182640576,0.2775150676813847,32.00065150217007,37.58922199312461,0.5797926345551432,0.06590399272975399,0.04864665968882484,57.06949107404131,1905.981131502574,85.0,20.0,0.6825022958249938,0.0299423169153048,/home/cseomoon/project/ABAG/DB/AbNb_structure/AF3/native/7uvh_7uvh/seed-2_sample-0/model.cif,/home/cseomoon/project/ABAG/DB/AbNb_structure/original_pdb/renum_fv_7uvh_1.pdb,0.07142857142857142,0.88,4.747793033668786,10.030201518369834,31.027167182673935,0.054371726661032405
/home/cseomoon/project/ABAG/DB/AbNb_structure/AF3/native/7uvh_7uvh/seed-2_sample-1/model.cif,7uvh_7uvh,2,1,/home/cseomoon/project/ABAG/DB/AbNb_structure/AF3/native/7uvh_7uvh/seed-2_sample-1/confidences.json,"[0.09, 0.48, 0.48]","[[0.74, 0.1, 0.09], [0.1, 0.88, 0.87], [0.09, 0.87, 0.86]]","[[0.76, 23.16, 24.55], [13.87, 0.76, 1.03], [14.1, 1.05, 0.76]]","[0.74, 0.88, 0.86]",0.0,0.0,0.44,0.58,0.47,custom,0.09,0.48,0.48,0.74,0.88,0.86,0.1,0.09,0.87,18.515,19.325,1.04,67.26569129480616,9.589432404540766,86.72182112068967,3.431662376371765,84.88206330597889,3.7380589680589678,27.585126066532453,27.57827827827828,5.157199822773594,79.62319190715823,5.5863845829905,20.10686805586144,73.28285714285714,69.82374999999999,1523.0,53.707399868680234,28.054086956521736,1346.0,60.36517087667162,28.568615984405458,4071.0,81.67082903463523,3.95527079303675,6940.0,65.24779992666237,20.192657911321316,0.0439249509781941,0.031466374577828006,0.3622065793587425,0.39087602618869255,0.009385125605372167,0.00957999161775534,0.4382975791459241,0.009415436384466607,"[[0.5716609002323289, 0, 0], [0, 0.7866683264570589, 0.6859723994894703], [0, 0.6272815559812687, 0.7366653983822329]]",0.0,0.0,0.6566269777353695,0.21887565924512317,0.5613810164641404,0.5315961323078042,0.0019111569132248694,0.2669727848778414,0.26271219051673794,58.68469320959945,37.58922199312461,0.29091936064906365,0.02054808224207962,0.04864665968882484,26.60186716773614,1545.3523972390572,61.0,16.0,0.657005971750636,0.01721411065544876,/home/cseomoon/project/ABAG/DB/AbNb_structure/AF3/native/7uvh_7uvh/seed-2_sample-1/model.cif,/home/cseomoon/project/ABAG/DB/AbNb_structure/original_pdb/renum_fv_7uvh_1.pdb,0.0,1.0,4.84710820074848,14.618167984691775,66.4871277558946,0.00883361622993199
/home/cseomoon/project/ABAG/DB/AbNb_structure/AF3/native/7uvh_7uvh/seed-2_sample-2/model.cif,7uvh_7uvh,2,2,/home/cseomoon/project/ABAG/DB/AbNb_structure/AF3/native/7uvh_7uvh/seed-2_sample-2/confidences.json,"[0.14, 0.51, 0.5]","[[0.73, 0.14, 0.14], [0.14, 0.88, 0.87], [0.14, 0.87, 0.86]]","[[0.76, 16.7, 20.01], [10.79, 0.76, 1.01], [11.21, 1.04, 0.76]]","[0.73, 0.88, 0.86]",0.01,0.0,0.48,0.61,0.51,custom,0.14,0.51,0.5,0.73,0.88,0.86,0.14,0.14,0.87,13.745,15.610000000000001,1.025,68.65566203365033,9.698300653594771,86.87468750000001,3.4500338707492206,84.82973036342322,3.8751351351351353,24.601478765219056,24.909741320267635,5.2510412051395665,80.12002663235785,5.674489886493042,18.25408709687542,74.89,70.1575,2063.0,48.62590644692196,24.675434027777776,2059.0,54.85005099562895,24.993087557603687,3846.0,83.01892745709829,4.642083333333334,7968.0,62.1649616332164,18.10353497290493,0.03226255814211683,0.03900020767586813,0.37790411542537494,0.3566229487371085,0.008868088702129715,0.009613999707374496,0.48654424655015854,0.00943698800690113,"[[0.5832384282384283, 0, 0], [0.03561827956989245, 0.7844077605426687, 0.6818531226726248], [0.026923076923076904, 0.6358431134493457, 0.7335794326241135]]",0.017809139784946224,0.013461538461538452,0.6588481180609853,0.23003959876915667,0.5132147200804291,0.4951677300807589,0.005290105174869729,0.2560232156577604,0.23385440924812884,48.13066793779769,37.58922199312461,0.37885655343978,0.030245169696454164,0.04864665968882484,177.95463039728156,2175.529090805896,85.0,15.0,0.6897038856952665,0.08179832260085321,/home/cseomoon/project/ABAG/DB/AbNb_structure/AF3/native/7uvh_7uvh/seed-2_sample-2/model.cif,/home/cseomoon/project/ABAG/DB/AbNb_structure/original_pdb/renum_fv_7uvh_1.pdb,0.0,1.0,3.8254020409105207,10.348818797603165,40.39381646159713,0.020992987557700526
/home/cseomoon/project/ABAG/DB/AbNb_structure/AF3/native/7uvh_7uvh/seed-2_sample-3/model.cif,7uvh_7uvh,2,3,/home/cseomoon/project/ABAG/DB/AbNb_structure/AF3/native/7uvh_7uvh/seed-2_sample-3/confidences.json,"[0.14, 0.51, 0.51]","[[0.73, 0.15, 0.14], [0.15, 0.88, 0.87], [0.14, 0.87, 0.86]]","[[0.76, 17.18, 23.97], [10.9, 0.76, 1.02], [11.3, 1.06, 0.76]]","[0.73, 0.88, 0.86]",0.04,0.0,0.48,0.61,0.53,custom,0.14,0.51,0.51,0.73,0.88,0.86,0.15,0.14,0.87,14.04,17.634999999999998,1.04,68.5582223847842,9.78109391124871,87.19354525862069,3.3237569435035903,85.2568815943728,3.6477559377559374,24.446366599559006,25.446738844107266,5.096318859843451,80.33621641259256,5.584202264169413,18.329808101169906,75.63142857142859,71.69375,3241.0,56.12655353286023,24.323684210526313,1737.0,63.409461715601616,26.712615384615386,3939.0,84.26563975628333,3.4929400386847194,8917.0,67.93388500158171,18.176413211275474,0.08389823846417017,0.05203814605201648,0.3912760926732409,0.43612058735317133,0.008732264463065381,0.009972875077098396,0.5559052173528807,0.009609716479576208,"[[0.5807408614006949, 0, 0], [0.03598484848484846, 0.7843877454794069, 0.6818596352101507], [0.023148148148148112, 0.6382224004276931, 0.7395216672272676]]",0.01799242424242423,0.011574074074074056,0.6600410178189219,0.22986917204514004,0.563072979003795,0.536696258719733,0.004589906542499565,0.28337538240093435,0.24873096977629916,45.694940538208606,37.58922199312461,0.40358720694035505,0.03344477594361592,0.04864665968882484,80.49816153058995,2437.6781262318614,94.0,37.0,0.6970409514130634,0.0330224735843297,/home/cseomoon/project/ABAG/DB/AbNb_structure/AF3/native/7uvh_7uvh/seed-2_sample-3/model.cif,/home/cseomoon/project/ABAG/DB/AbNb_structure/original_pdb/renum_fv_7uvh_1.pdb,0.09523809523809523,0.9272727272727272,3.9287489211023767,11.381708738893304,36.65318406787532,0.054448298356118564
/home/cseomoon/project/ABAG/DB/AbNb_structure/AF3/native/7uvh_7uvh/seed-2_sample-4/model.cif,7uvh_7uvh,2,4,/home/cseomoon/project/ABAG/DB/AbNb_structure/AF3/native/7uvh_7uvh/seed-2_sample-4/confidences.json,"[0.11, 0.49, 0.49]","[[0.72, 0.11, 0.11], [0.11, 0.88, 0.87], [0.11, 0.87, 0.86]]","[[0.76, 21.08, 21.27], [12.01, 0.76, 1.02], [12.64, 1.07, 0.76]]","[0.72, 0.88, 0.86]",0.05,0.0,0.46,0.59,0.51,custom,0.11,0.49,0.49,0.72,0.88,0.86,0.11,0.11,0.87,16.544999999999998,16.955,1.045,67.06043891733724,10.148004815961473,87.01162715517242,3.3775978864652485,84.98207502930832,3.7234643734643735,26.365906912088963,26.2695142510932,5.166493132476739,79.68471370060598,5.749689025297031,19.26730476521963,74.57142857142857,71.7475,1192.0,56.183091442953014,25.255844155844155,3036.0,63.37839756258234,26.812155388471176,4001.0,83.37190702324419,4.143513257575758,8229.0,67.64446534292652,18.737170933963693,0.02860675464358932,0.1380386014537263,0.38735636134570484,0.48074452960628344,0.010762985577904229,0.009949138219354448,0.5160271815567741,0.010247929001789557,"[[0.5483720262233036, 0, 0], [0, 0.7852181835392115, 0.6827408880053015], [0, 0.6356289510339654, 0.739419253870231]]",0.0,0.0,0.6591849195196335,0.2197283065065445,0.5540785702776306,0.5215153275486221,0.005508968637463561,0.20910601855273914,0.3069003403584194,34.61570435396783,37.58922199312461,0.5411119220770343,0.056867509869669264,0.04864665968882484,41.377839520051566,2112.0113543661428,93.0,33.0,0.7201187805975869,0.019591674748581023,/home/cseomoon/project/ABAG/DB/AbNb_structure/AF3/native/7uvh_7uvh/seed-2_sample-4/model.cif,/home/cseomoon/project/ABAG/DB/AbNb_structure/original_pdb/renum_fv_7uvh_1.pdb,0.0,1.0,3.5469084332586096,11.715880378882401,37.358810109489525,0.02178220229960266
/home/cseomoon/project/ABAG/DB/AbNb_structure/AF3/native/7uvh_7uvh/seed-3_sample-0/model.cif,7uvh_7uvh,3,0,/home/cseomoon/project/ABAG/DB/AbNb_structure/AF3/native/7uvh_7uvh/seed-3_sample-0/confidences.json,"[0.13, 0.5, 0.5]","[[0.78, 0.13, 0.12], [0.13, 0.88, 0.87], [0.12, 0.87, 0.86]]","[[0.76, 19.94, 22.58], [11.47, 0.76, 1.01], [12.2, 1.02, 0.76]]","[0.78, 0.88, 0.86]",0.0,0.0,0.47,0.6,0.49,custom,0.13,0.5,0.5,0.78,0.88,0.86,0.13,0.12,0.87,15.705000000000002,17.39,1.0150000000000001,73.54851499634236,7.345810113519091,87.03880387931034,3.5537393307139955,85.83041031652989,3.6662489762489763,25.27151998849583,25.49576155102471,5.167619258602865,82.13924306406086,4.855266140160688,18.6449669327078,75.21000000000001,72.15625,1384.0,58.256408959537566,24.15564263322884,1074.0,59.639837057728116,25.804250000000003,3970.0,82.43690554156171,4.072037037037037,6428.0,66.77771718627581,18.010643223421962,0.05167585278766816,0.04652715774490867,0.3788966547007877,0.4008644187628083,0.010765877535836417,0.009277680886455843,0.4164302356424819,0.009873489883275282,"[[0.5569253159655965, 0, 0], [0.024999999999999984, 0.786874583452347, 0.6891960470085471], [0, 0.6377482824070361, 0.7388725283971392]]",0.012499999999999992,0.0,0.6634721647077916,0.22532405490259722,0.5665921773878908,0.5365636077988435,0.003019622066830963,0.238939448760437,0.2946045369715755,32.34890448225076,37.58922199312461,0.5745095969274435,0.06458379842373363,0.04864665968882484,9.743065647469109,1418.187343358862,68.0,19.0,0.7029051019833206,0.006870083626887718,/home/cseomoon/project/ABAG/DB/AbNb_structure/AF3/native/7uvh_7uvh/seed-3_sample-0/model.cif,/home/cseomoon/project/ABAG/DB/AbNb_structure/original_pdb/renum_fv_7uvh_1.pdb,0.07142857142857142,0.8695652173913043,3.1525550565935463,10.233109046088433,23.679492443256393,0.06886930529350647
/home/cseomoon/project/ABAG/DB/AbNb_structure/AF3/native/7uvh_7uvh/seed-3_sample-1/model.cif,7uvh_7uvh,3,1,/home/cseomoon/project/ABAG/DB/AbNb_structure/AF3/native/7uvh_7uvh/seed-3_sample-1/confidences.json,"[0.12, 0.5, 0.49]","[[0.78, 0.12, 0.11], [0.12, 0.88, 0.87], [0.11, 0.87, 0.86]]","[[0.76, 20.56, 24.02], [11.87, 0.76, 1.02], [12.71, 1.04, 0.76]]","[0.78, 0.88, 0.86]",0.0,0.0,0.46,0.6,0.49,custom,0.12,0.5,0.49,0.78,0.88,0.86,0.12,0.11,0.87,16.215,18.365000000000002,1.03,73.3097000731529,7.3794220846233225,86.64761853448276,3.6719821162444117,85.57572098475967,3.747993447993448,25.614778065382033,26.29359359359359,5.303699601240584,81.84434653079845,4.933132549620394,19.07069042007207,73.39714285714285,70.47874999999999,2564.0,60.516248049922,25.285582386363636,365.0,56.209452054794525,26.823626373626375,4313.0,80.04204613957802,4.9635314995563435,7242.0,65.58924874809817,19.02424675318212,0.08926482181556823,0.019550991593615296,0.36289929522803427,0.35985490780601287,0.010698394202528562,0.00870410049055182,0.36779529038078906,0.010810104512461692,"[[0.5566907167907292, 0, 0], [0.008333333333333304, 0.7836270085714968, 0.6860551318078415], [0, 0.6260834531990837, 0.7353842905405406]]",0.004166666666666652,0.0,0.6560692925034626,0.22007865305670973,0.546542384999367,0.5179042130853722,0.004465103044280917,0.2833413207159602,0.230097789325131,34.21625087236458,37.58922199312461,0.5468703123198634,0.05812541753270653,0.04864665968882484,-1.5930812277936752,1666.426608852661,64.0,17.0,0.6576853661280503,-0.0009559864318840394,/home/cseomoon/project/ABAG/DB/AbNb_structure/AF3/native/7uvh_7uvh/seed-3_sample-1/model.cif,/home/cseomoon/project/ABAG/DB/AbNb_structure/original_pdb/renum_fv_7uvh_1.pdb,0.0,1.0,3.1340982298749167,8.741069862118858,35.63107719255337,0.02748336490926422
/home/cseomoon/project/ABAG/DB/AbNb_structure/AF3/native/7uvh_7uvh/seed-3_sample-2/model.cif,7uvh_7uvh,3,2,/home/cseomoon/project/ABAG/DB/AbNb_structure/AF3/native/7uvh_7uvh/seed-3_sample-2/confidences.json,"[0.14, 0.51, 0.51]","[[0.76, 0.15, 0.14], [0.15, 0.89, 0.88], [0.14, 0.88, 0.87]]","[[0.76, 20.04, 20.91], [10.86, 0.76, 1.01], [11.1, 1.03, 0.76]]","[0.76, 0.89, 0.87]",0.0,0.0,0.48,0.61,0.51,custom,0.14,0.51,0.51,0.76,0.89,0.87,0.15,0.14,0.88,15.45,16.005,1.02,72.75029261155817,7.8314929480564155,87.4460452586207,3.2830578512396693,86.0958264947245,3.6077477477477475,24.650853225961075,24.647871555766294,4.997552060256979,82.09738812163447,4.907432849014611,18.09875894732812,75.19857142857143,72.1725,2503.0,59.82576108669597,24.68060344827586,2767.0,61.70615829418143,25.008277027027027,3893.0,84.8030002568713,3.6525879917184265,9163.0,68.77830654591624,17.780489489007106,0.08026921546403509,0.08425596457457835,0.39304447489938144,0.45435698079624853,0.010608263967541571,0.010081061386693457,0.5037345365121448,0.010572691729625662,"[[0.541396519365296, 0, 0], [0.028494623655913955, 0.7859657177838997, 0.6883716020058063], [0.03031914893617017, 0.642629635532887, 0.7455675402376337]]",0.014247311827956978,0.015159574468085085,0.6655006187693466,0.23163583502179622,0.5361127642333814,0.517599497036275,0.008421432900354952,0.2537079590410422,0.25547010509487783,35.13422865535974,37.58922199312461,0.5337195058129874,0.05529347920873201,0.04864665968882484,190.5683369544048,2335.771919436607,90.0,35.0,0.726344271504024,0.08158687728396456,/home/cseomoon/project/ABAG/DB/AbNb_structure/AF3/native/7uvh_7uvh/seed-3_sample-2/model.cif,/home/cseomoon/project/ABAG/DB/AbNb_structure/original_pdb/renum_fv_7uvh_1.pdb,0.047619047619047616,0.9607843137254902,3.166088756842091,11.686052492661384,40.899142383000935,0.03507735346826408
/home/cseomoon/project/ABAG/DB/AbNb_structure/AF3/native/7uvh_7uvh/seed-3_sample-3/model.cif,7uvh_7uvh,3,3,/home/cseomoon/project/ABAG/DB/AbNb_structure/AF3/native/7uvh_7uvh/seed-3_sample-3/confidences.json,"[0.13, 0.51, 0.5]","[[0.78, 0.13, 0.13], [0.13, 0.89, 0.88], [0.13, 0.88, 0.87]]","[[0.76, 18.9, 21.9], [11.1, 0.76, 1.0], [11.49, 1.02, 0.76]]","[0.78, 0.89, 0.87]",0.0,0.0,0.48,0.61,0.5,custom,0.13,0.51,0.5,0.78,0.89,0.87,0.13,0.13,0.88,15.0,16.695,1.01,73.45029261155815,7.45359821121431,87.66877155172415,3.201381926568216,86.06899179366941,3.6068550368550367,24.92931166714601,25.479974711553655,4.940581154925417,82.39601865231724,4.753945058212522,18.449955844541694,76.01,72.6425,1882.0,56.50229277364506,23.715217391304346,1844.0,64.59337310195227,26.035343915343915,3852.0,85.07257268951196,3.510653409090909,7578.0,68.72274618836975,17.753738238579725,0.04474490309427737,0.0755473697263461,0.4099048253293345,0.45723558141516724,0.01089581240559382,0.010300618954744892,0.5611912930972514,0.010741868827016644,"[[0.5504634454774114, 0, 0], [0.02777777777777776, 0.7880116959064327, 0.6902650558012213], [0.024166666666666635, 0.6451676214725228, 0.7461992246755436]]",0.01388888888888888,0.012083333333333317,0.6677163386368721,0.23122952028636476,0.5294080723747367,0.5108615670872791,0.005121311000906123,0.2472360937955706,0.2585041622908024,30.019748349982304,37.58922199312461,0.610573570888437,0.07422167725813136,0.04864665968882484,56.34876624113616,1930.372821444934,83.0,17.0,0.6995483902072556,0.029190613137081805,/home/cseomoon/project/ABAG/DB/AbNb_structure/AF3/native/7uvh_7uvh/seed-3_sample-3/model.cif,/home/cseomoon/project/ABAG/DB/AbNb_structure/original_pdb/renum_fv_7uvh_1.pdb,0.35714285714285715,0.5454545454545454,3.173885311658298,6.412692277852491,20.723750565817515,0.18434080746816048
/home/cseomoon/project/ABAG/DB/AbNb_structure/AF3/native/7uvh_7uvh/seed-3_sample-4/model.cif,7uvh_7uvh,3,4,/home/cseomoon/project/ABAG/DB/AbNb_structure/AF3/native/7uvh_7uvh/seed-3_sample-4/confidences.json,"[0.13, 0.51, 0.5]","[[0.78, 0.13, 0.13], [0.13, 0.89, 0.88], [0.13, 0.88, 0.87]]","[[0.76, 18.4, 22.46], [11.07, 0.76, 1.0], [11.43, 1.01, 0.76]]","[0.78, 0.89, 0.87]",0.0,0.0,0.48,0.61,0.5,custom,0.13,0.51,0.5,0.78,0.89,0.87,0.13,0.13,0.88,14.735,16.945,1.005,73.47722750548647,7.456388028895769,87.7027478448276,3.213995393578106,86.22121922626026,3.583628173628174,24.901502732240438,25.48804857489068,4.930220794565057,82.46706485885811,4.751337198700683,18.439924033898723,75.90285714285714,73.1,2321.0,58.109243860404995,23.667157894736846,1606.0,64.34905354919054,26.30805288461539,3859.0,85.14865768333765,3.302325581395349,7786.0,69.20231836431105,17.759178786915864,0.06236874138679181,0.07288577060880862,0.4141712858897306,0.4604364932541325,0.01066488982925022,0.009988600328005484,0.5618274876156607,0.010536397807078626,"[[0.559093497798336, 0, 0], [0.02732558139534881, 0.7873376547124169, 0.6908695365982096], [0.023333333333333317, 0.645211161387632, 0.7464377875014024]]",0.013662790697674405,0.011666666666666659,0.6680403489929208,0.23112326878575395,0.5331540742315548,0.5150414854162174,0.00526701131544689,0.2488382325589629,0.2609362415418076,29.956779939475688,37.58922199312461,0.6115716448441787,0.0745107558534685,0.04864665968882484,120.6758791843281,1923.27423382526,84.0,26.0,0.6684608853999533,0.06274501943714604,/home/cseomoon/project/ABAG/DB/AbNb_structure/AF3/native/7uvh_7uvh/seed-3_sample-4/model.cif,/home/cseomoon/project/ABAG/DB/AbNb_structure/original_pdb/renum_fv_7uvh_1.pdb,0.30952380952380953,0.6176470588235294,3.0152895691410118,6.375628849517515,19.336559672136797,0.17463771667821293
/home/cseomoon/project/ABAG/DB/AbNb_structure/AF3/native/7uvh_7uvh/seed-4_sample-0/model.cif,7uvh_7uvh,4,0,/home/cseomoon/project/ABAG/DB/AbNb_structure/AF3/native/7uvh_7uvh/seed-4_sample-0/confidences.json,"[0.14, 0.51, 0.5]","[[0.77, 0.14, 0.14], [0.14, 0.88, 0.87], [0.14, 0.87, 0.86]]","[[0.76, 16.98, 21.8], [11.42, 0.76, 1.01], [11.94, 1.04, 0.76]]","[0.77, 0.88, 0.86]",0.04,0.0,0.48,0.61,0.52,custom,0.14,0.51,0.5,0.77,0.88,0.86,0.14,0.14,0.87,14.2,16.87,1.025,72.43888076079006,8.57046095631235,86.63033405172413,3.6821026961116377,85.18350527549823,3.7786404586404583,24.38734541271211,25.035135135135135,5.317888790429774,81.41757336267081,5.343734703688149,18.246789779425672,74.01428571428572,71.4425,3192.0,56.074050751879696,23.847204968944098,1657.0,64.57691611345807,25.373060344827582,4172.0,81.18966323106423,4.682883720930233,9021.0,67.280210032134,17.967716344900637,0.08450661514252777,0.05568039140482402,0.3862585505437523,0.4395274322466254,0.009249013077065112,0.0107258195231013,0.3637122308351495,0.009934489943618476,"[[0.6185823669342848, 0, 0], [0.020833333333333304, 0.783125029842907, 0.6847030127586577], [0.008333333333333304, 0.6262430350049322, 0.7380290444708142]]",0.010416666666666652,0.004166666666666652,0.655473023881795,0.2233521190717094,0.5465754200745165,0.5227870045488615,0.006281438973680127,0.2762079929772718,0.2402975725979096,50.35292335788105,37.58922199312461,0.35785675159235536,0.027706759731504955,0.04864665968882484,144.20198822619892,2553.3833017013503,95.0,29.0,0.6441121561077435,0.05647486929601027,/home/cseomoon/project/ABAG/DB/AbNb_structure/AF3/native/7uvh_7uvh/seed-4_sample-0/model.cif,/home/cseomoon/project/ABAG/DB/AbNb_structure/original_pdb/renum_fv_7uvh_1.pdb,0.0,1.0,6.085623076382759,12.325433249858879,52.28607634375286,0.013447418797508168
/home/cseomoon/project/ABAG/DB/AbNb_structure/AF3/native/7uvh_7uvh/seed-4_sample-1/model.cif,7uvh_7uvh,4,1,/home/cseomoon/project/ABAG/DB/AbNb_structure/AF3/native/7uvh_7uvh/seed-4_sample-1/confidences.json,"[0.14, 0.51, 0.5]","[[0.77, 0.14, 0.14], [0.14, 0.88, 0.87], [0.14, 0.87, 0.86]]","[[0.76, 20.69, 20.91], [11.44, 0.76, 1.03], [11.54, 1.04, 0.76]]","[0.77, 0.88, 0.86]",0.0,0.0,0.48,0.61,0.5,custom,0.14,0.51,0.5,0.77,0.88,0.86,0.14,0.14,0.87,16.065,16.225,1.0350000000000001,72.09978785662034,8.336074991400068,86.46480603448275,3.6371697601950963,85.0960140679953,3.7770925470925474,25.095197008915733,24.823489278752437,5.285663122138533,81.22020265303279,5.250112432895904,18.4014498032689,72.61142857142856,71.37,1545.0,58.74881229773463,24.529523809523806,1383.0,62.526290672451196,24.77183908045977,4004.0,82.03083666333666,4.46657196969697,6932.0,67.76864654450749,17.92264495322685,0.04752967040954771,0.03580799056519392,0.3619526200140377,0.38561676283558516,0.0112092138669577,0.010546521822130821,0.407767678445851,0.011275749262650894,"[[0.5927853685666187, 0, 0], [0.01999999999999998, 0.7827642712429984, 0.6840831793470983], [0.04166666666666663, 0.6269116704071818, 0.7353867185297931]]",0.00999999999999999,0.020833333333333315,0.65549742487714,0.22877691940349112,0.5440531482418344,0.5156832234174735,0.0036253808572684313,0.24680409921765925,0.2652537433425459,32.343144164769086,37.58922199312461,0.5745966594077344,0.06460531887291099,0.04864665968882484,13.012178796548483,1644.2729740026803,76.0,17.0,0.6716082133106202,0.007913636605528294,/home/cseomoon/project/ABAG/DB/AbNb_structure/AF3/native/7uvh_7uvh/seed-4_sample-1/model.cif,/home/cseomoon/project/ABAG/DB/AbNb_structure/original_pdb/renum_fv_7uvh_1.pdb,0.07142857142857142,0.8888888888888888,4.9722254213650405,10.350787192226983,33.44205258515282,0.05089334342438619
/home/cseomoon/project/ABAG/DB/AbNb_structure/AF3/native/7uvh_7uvh/seed-4_sample-2/model.cif,7uvh_7uvh,4,2,/home/cseomoon/project/ABAG/DB/AbNb_structure/AF3/native/7uvh_7uvh/seed-4_sample-2/confidences.json,"[0.18, 0.52, 0.52]","[[0.77, 0.18, 0.17], [0.18, 0.88, 0.87], [0.17, 0.87, 0.86]]","[[0.76, 18.16, 20.01], [9.93, 0.76, 1.03], [10.2, 1.04, 0.76]]","[0.77, 0.88, 0.86]",0.0,0.0,0.5,0.62,0.52,custom,0.18,0.52,0.52,0.77,0.88,0.86,0.18,0.17,0.87,14.045,15.105,1.0350000000000001,73.23403072421361,8.095211558307533,86.93344827586208,3.649227746917762,85.15294255568581,3.7904504504504506,23.479764643850064,23.84625941731205,5.308145030276178,81.77347385192049,5.178296585225248,17.54472303047943,73.61714285714287,70.4375,2322.0,60.905546942291124,22.659003831417625,2020.0,64.70732178217823,24.076478494623657,3893.0,82.37970202928331,4.444444444444445,8235.0,69.33085691791756,17.05997559016191,0.0806208941634533,0.06878597519782909,0.39642210222355817,0.4535545734910051,0.01153929874835349,0.01129768418604744,0.3023829846456645,0.011749067270430246,"[[0.6095005731981479, 0, 0], [0.054516711833784995, 0.7830590536157221, 0.6877846707487377], [0.05372652582159624, 0.6286228091365381, 0.7345145357042053]]",0.027258355916892497,0.02686326291079812,0.6582037399426379,0.23744178625677617,0.55052468736024,0.5252996030882294,0.005551436142910286,0.264275205386938,0.2554729615583812,28.840379387577965,37.58922199312461,0.6294555399814086,0.07992102071156822,0.04864665968882484,25.944147333165176,2043.67139731543,84.0,37.0,0.7116922505549509,0.012694872261384804,/home/cseomoon/project/ABAG/DB/AbNb_structure/AF3/native/7uvh_7uvh/seed-4_sample-2/model.cif,/home/cseomoon/project/ABAG/DB/AbNb_structure/original_pdb/renum_fv_7uvh_1.pdb,0.14285714285714285,0.8604651162790697,4.881786877173499,10.519796807947433,23.483292198463296,0.09287386622458661
/home/cseomoon/project/ABAG/DB/AbNb_structure/AF3/native/7uvh_7uvh/seed-4_sample-3/model.cif,7uvh_7uvh,4,3,/home/cseomoon/project/ABAG/DB/AbNb_structure/AF3/native/7uvh_7uvh/seed-4_sample-3/confidences.json,"[0.14, 0.51, 0.5]","[[0.76, 0.14, 0.14], [0.14, 0.88, 0.87], [0.14, 0.87, 0.86]]","[[0.76, 17.74, 20.04], [11.15, 0.76, 1.03], [11.5, 1.03, 0.76]]","[0.76, 0.88, 0.86]",0.05,0.0,0.48,0.61,0.53,custom,0.14,0.51,0.5,0.76,0.88,0.86,0.14,0.14,0.87,14.445,15.77,1.03,71.7149378200439,9.432961816305468,86.66661637931034,3.6397981303346434,85.11042203985933,3.763112203112203,24.36955229604065,25.14909646488594,5.272312066164525,81.16399207973785,5.611957383250772,18.26365360903037,72.32428571428571,70.97625000000001,3453.0,55.940257746886765,24.00690217391304,2575.0,62.81060000000001,25.348582600195503,3871.0,81.77335959700336,4.20906007751938,9899.0,66.84140578129671,17.854848283875977,0.09754877624565951,0.07810874239114966,0.3574122540458272,0.43232637802652624,0.009127107122386749,0.010799102590830601,0.4029967012294559,0.010236268744338872,"[[0.62031547374351, 0, 0], [0.025757575757575726, 0.7834896429935091, 0.684501206757844], [0.01820987654320984, 0.6299156591133531, 0.737786297269056]]",0.012878787878787863,0.00910493827160492,0.6572084329355985,0.2263973863619971,0.5159157550720739,0.49587259490993907,0.007220820508934104,0.25074462096353206,0.23790715343747296,47.393761512700934,37.58922199312461,0.38614483523906995,0.031163483184200126,0.04864665968882484,613.7981295656484,2562.430312841797,102.0,41.0,0.7115644575000983,0.2395374916108183,/home/cseomoon/project/ABAG/DB/AbNb_structure/AF3/native/7uvh_7uvh/seed-4_sample-3/model.cif,/home/cseomoon/project/ABAG/DB/AbNb_structure/original_pdb/renum_fv_7uvh_1.pdb,0.0,1.0,10.484566819451059,10.233338298568562,42.54352548948314,0.019806531935464944
/home/cseomoon/project/ABAG/DB/AbNb_structure/AF3/native/7uvh_7uvh/seed-4_sample-4/model.cif,7uvh_7uvh,4,4,/home/cseomoon/project/ABAG/DB/AbNb_structure/AF3/native/7uvh_7uvh/seed-4_sample-4/confidences.json,"[0.18, 0.53, 0.52]","[[0.77, 0.18, 0.17], [0.18, 0.88, 0.87], [0.17, 0.87, 0.87]]","[[0.76, 19.13, 20.0], [10.03, 0.76, 1.02], [10.17, 1.04, 0.76]]","[0.77, 0.88, 0.87]",0.04,0.0,0.5,0.62,0.55,custom,0.18,0.53,0.52,0.77,0.88,0.87,0.18,0.17,0.87,14.579999999999998,15.085,1.03,73.37016825164594,8.185118679050568,87.5511099137931,3.3448990651673216,85.70037514654162,3.686257166257166,23.473159332758126,23.774790580053736,5.0536848323733565,82.20721777066022,5.072091636825019,17.43387824839507,75.32142857142857,72.57875,2040.0,61.85254166666667,23.06315789473684,1791.0,66.33723338916808,23.584398496240603,3890.0,84.51718508997429,3.553953488372093,7721.0,70.90232004860302,16.733836626449847,0.07702062069918203,0.04783558431031423,0.40713672817065,0.43251178279515273,0.011392073248869532,0.011424713285912182,0.5061900266931549,0.01169380766354537,"[[0.6094899485948774, 0, 0], [0.05545722713864306, 0.7853134377732096, 0.6886159293443667], [0.04999999999999999, 0.6349792845191619, 0.7414625907785847]]",0.02772861356932153,0.024999999999999994,0.6617976069317643,0.23817540683369529,0.5633780497337152,0.5366875789292838,0.004806559371336581,0.2748190063352649,0.2570620132226823,28.561115142118947,37.58922199312461,0.633982999067093,0.08136377642968247,0.04864665968882484,24.374929291631133,1782.207384228325,77.0,15.0,0.6427828494158251,0.013676819828790683,/home/cseomoon/project/ABAG/DB/AbNb_structure/AF3/native/7uvh_7uvh/seed-4_sample-4/model.cif,/home/cseomoon/project/ABAG/DB/AbNb_structure/original_pdb/renum_fv_7uvh_1.pdb,0.11904761904761904,0.84375,3.856796274751796,10.651230678214088,24.26111378707002,0.08260776775216658
/home/cseomoon/project/ABAG/DB/AbNb_structure/AF3/native/7uvh_7uvh/seed-5_sample-0/model.cif,7uvh_7uvh,5,0,/home/cseomoon/project/ABAG/DB/AbNb_structure/AF3/native/7uvh_7uvh/seed-5_sample-0/confidences.json,"[0.16, 0.52, 0.52]","[[0.72, 0.16, 0.15], [0.16, 0.88, 0.88], [0.15, 0.88, 0.87]]","[[0.76, 18.33, 21.24], [10.15, 0.76, 0.97], [10.69, 0.99, 0.76]]","[0.72, 0.88, 0.87]",0.03,0.0,0.49,0.62,0.53,custom,0.16,0.52,0.52,0.72,0.88,0.87,0.16,0.15,0.88,14.239999999999998,15.965,0.98,68.22575713240673,9.806611627106982,87.34495689655172,3.388592331662376,85.96425556858149,3.5539230139230136,24.15840523439747,24.53890732838101,4.946156402303942,80.51165653251331,5.583042324230791,17.88115632169414,74.8157142857143,73.22999999999999,1952.0,56.59129354508197,23.64634634634635,1794.0,57.281426978818274,24.957241379310346,3837.0,84.22284467031537,3.8378743961352657,7583.0,66.03185506473854,17.480487373930654,0.06102174270219807,0.04414096701124426,0.4067975956762229,0.3990847432904337,0.010293869487386129,0.009532375474964378,0.5026273994900652,0.01007310262866941,"[[0.5566876942768331, 0, 0], [0.047095238095238086, 0.7876546281814305, 0.6933695248700816], [0.03946540880503143, 0.645746260810136, 0.7506948542843492]]",0.023547619047619043,0.019732704402515715,0.6695578928401088,0.23761273876341452,0.5497896433810218,0.52505300964508,0.004641172782965033,0.2650616168693595,0.2553502199927554,28.567065595602568,37.58922199312461,0.633886313250106,0.08133264073368167,0.04864665968882484,11.49787165961527,1778.9250327098168,78.0,31.0,0.6739624422477447,0.006463381788551646,/home/cseomoon/project/ABAG/DB/AbNb_structure/AF3/native/7uvh_7uvh/seed-5_sample-0/model.cif,/home/cseomoon/project/ABAG/DB/AbNb_structure/original_pdb/renum_fv_7uvh_1.pdb,0.16666666666666666,0.75,3.2261324039229162,10.625966068344013,24.84040123827415,0.09700722147367508
/home/cseomoon/project/ABAG/DB/AbNb_structure/AF3/native/7uvh_7uvh/seed-5_sample-1/model.cif,7uvh_7uvh,5,1,/home/cseomoon/project/ABAG/DB/AbNb_structure/AF3/native/7uvh_7uvh/seed-5_sample-1/confidences.json,"[0.14, 0.51, 0.51]","[[0.73, 0.15, 0.14], [0.15, 0.88, 0.88], [0.14, 0.88, 0.87]]","[[0.76, 17.57, 24.23], [11.3, 0.76, 0.99], [11.43, 1.0, 0.76]]","[0.73, 0.88, 0.87]",0.0,0.0,0.48,0.61,0.51,custom,0.14,0.51,0.51,0.73,0.88,0.87,0.15,0.14,0.88,14.435,17.83,0.995,68.94357717629846,9.388541451668388,86.86810344827587,3.4768053109334773,85.27301289566238,3.7044881244881243,24.62818042373694,25.608258258258257,5.120602569782897,80.36156450674558,5.523278295696663,18.452347083926032,74.53999999999999,70.655,3261.0,57.03158080343454,24.269240121580545,1287.0,62.16720668220669,26.902272727272724,3951.0,82.19856745127817,4.248639287481445,8499.0,67.13245164563979,18.473384045444906,0.08466746809894349,0.03746379627001213,0.3646066749877962,0.38600771035515813,0.009830967944407661,0.009969816109362335,0.4950145452130872,0.00994052651076149,"[[0.5814487458028836, 0, 0], [0.024404761904761856, 0.7867194731221075, 0.6892603101023017], [0.02333333333333331, 0.6372633482237822, 0.7416723092114544]]",0.012202380952380928,0.011666666666666655,0.6632618291630419,0.22904362559402983,0.5485668445097236,0.5279190248209652,0.0046421424493766445,0.2879257050944713,0.23535117727711727,45.69445334031909,37.58922199312461,0.40359233974608855,0.03344546527630959,0.04864665968882484,95.93657477965823,2274.035458274419,91.0,31.0,0.6943918382689697,0.04218780953066436,/home/cseomoon/project/ABAG/DB/AbNb_structure/AF3/native/7uvh_7uvh/seed-5_sample-1/model.cif,/home/cseomoon/project/ABAG/DB/AbNb_structure/original_pdb/renum_fv_7uvh_1.pdb,0.09523809523809523,0.9259259259259259,3.8439772137632655,11.4857664234393,37.00589839662816,0.054040809371106203
/home/cseomoon/project/ABAG/DB/AbNb_structure/AF3/native/7uvh_7uvh/seed-5_sample-2/model.cif,7uvh_7uvh,5,2,/home/cseomoon/project/ABAG/DB/AbNb_structure/AF3/native/7uvh_7uvh/seed-5_sample-2/confidences.json,"[0.16, 0.52, 0.52]","[[0.72, 0.17, 0.16], [0.17, 0.89, 0.88], [0.16, 0.88, 0.87]]","[[0.76, 19.31, 21.42], [9.83, 0.76, 0.98], [10.35, 1.0, 0.76]]","[0.72, 0.89, 0.87]",0.04,0.0,0.49,0.62,0.54,custom,0.16,0.52,0.52,0.72,0.89,0.87,0.17,0.16,0.88,14.57,15.885000000000002,0.99,68.0307461594733,9.87329205366357,87.48299568965517,3.265506028993361,85.99351699882767,3.5499754299754303,23.963893682293165,24.36978820926189,4.908850243686309,80.50241961598537,5.5629245042107875,17.747510711747122,75.58142857142857,73.725,2063.0,56.49026660203587,23.05429292929293,1955.0,58.67098976982097,25.014245014245013,4030.0,84.51234615384615,3.6270380434782608,8048.0,66.55786750856767,17.231858662338734,0.0649833918814422,0.051055167762494566,0.4156174085426849,0.43420010131139153,0.01038738872138563,0.009789214401456268,0.5279769662751665,0.010281027933635356,"[[0.5507359556177529, 0, 0], [0.05103668261562997, 0.7871801215891419, 0.6914515873644208], [0.04502237136465322, 0.6474771671418013, 0.7502415866059892]]",0.025518341307814985,0.02251118568232661,0.669464377253111,0.23916463474775088,0.5795209675236094,0.5563004019056813,0.004597089949164029,0.28541354816571574,0.26628976379080155,28.65225320168521,37.58922199312461,0.632503172088715,0.08088879252488253,0.04864665968882484,0.7832735150265648,1862.0349587893238,80.0,29.0,0.6924428211244937,0.00042065457006018906,/home/cseomoon/project/ABAG/DB/AbNb_structure/AF3/native/7uvh_7uvh/seed-5_sample-2/model.cif,/home/cseomoon/project/ABAG/DB/AbNb_structure/original_pdb/renum_fv_7uvh_1.pdb,0.11904761904761904,0.8484848484848485,3.141465638147028,10.560324898019108,24.24333023601764,0.08276526422848697
/home/cseomoon/project/ABAG/DB/AbNb_structure/AF3/native/7uvh_7uvh/seed-5_sample-3/model.cif,7uvh_7uvh,5,3,/home/cseomoon/project/ABAG/DB/AbNb_structure/AF3/native/7uvh_7uvh/seed-5_sample-3/confidences.json,"[0.12, 0.5, 0.5]","[[0.73, 0.12, 0.12], [0.12, 0.88, 0.88], [0.12, 0.88, 0.87]]","[[0.76, 20.2, 21.95], [12.2, 0.76, 0.99], [12.52, 1.0, 0.76]]","[0.73, 0.88, 0.87]",0.0,0.0,0.46,0.6,0.49,custom,0.12,0.5,0.5,0.73,0.88,0.87,0.12,0.12,0.88,16.2,17.235,0.995,68.14514996342355,9.443443412452702,86.70211206896552,3.4215959897032926,85.67430246189917,3.573013923013923,25.99642891381459,25.921129023760603,5.011456948752031,80.17385483142941,5.479351108389973,18.976338295442407,73.02571428571429,72.43,1558.0,54.22839537869063,25.74344827586207,2227.0,56.852741356084415,25.453240740740736,3877.0,84.19342145989167,3.8096726190476193,7662.0,65.09151939822225,18.33545387855014,0.03781704485849922,0.04957325157578081,0.40477894026840916,0.40900127704551187,0.009651515176597953,0.00946981729640857,0.4728418021781276,0.009700695274347804,"[[0.5696157503032688, 0, 0], [0, 0.785440074906367, 0.6892936773371555], [0, 0.6434168246944796, 0.7505500225073148]]",0.0,0.0,0.6663552510158175,0.2221184170052725,0.5312065885643925,0.5124351671841225,0.004271383526520705,0.23433661231245045,0.2738271713451514,40.59254986449313,37.58922199312461,0.46164192296356515,0.042005689291803386,0.04864665968882484,95.4213531399993,1798.4766764117915,74.0,20.0,0.7412983696204009,0.0530567643114383,/home/cseomoon/project/ABAG/DB/AbNb_structure/AF3/native/7uvh_7uvh/seed-5_sample-3/model.cif,/home/cseomoon/project/ABAG/DB/AbNb_structure/original_pdb/renum_fv_7uvh_1.pdb,0.16666666666666666,0.7307692307692307,5.128300955804472,4.209779683847182,16.80818612908373,0.16099295913380124
/home/cseomoon/project/ABAG/DB/AbNb_structure/AF3/native/7uvh_7uvh/seed-5_sample-4/model.cif,7uvh_7uvh,5,4,/home/cseomoon/project/ABAG/DB/AbNb_structure/AF3/native/7uvh_7uvh/seed-5_sample-4/confidences.json,"[0.13, 0.5, 0.5]","[[0.72, 0.13, 0.13], [0.13, 0.88, 0.88], [0.13, 0.88, 0.87]]","[[0.76, 19.79, 23.0], [11.68, 0.76, 0.99], [12.12, 1.01, 0.76]]","[0.72, 0.88, 0.87]",0.04,0.0,0.47,0.6,0.52,custom,0.13,0.5,0.5,0.72,0.88,0.87,0.13,0.13,0.88,15.735,17.56,1.0,67.33635698610095,9.984864121087032,87.17159482758619,3.4018222463080883,85.8714654161782,3.6010565110565107,25.399940082446555,25.95139613297508,5.022046226554424,80.12647240995511,5.6625809594838765,18.791127480658687,74.57428571428572,73.72625,1632.0,56.71983455882352,24.57927272727273,1443.0,59.916510741510734,26.895215311004787,3923.0,84.33705072648483,3.834650455927052,6998.0,66.9911320089397,18.436379498068188,0.046765360440427436,0.047032682805830686,0.4045774115253739,0.4230203807158935,0.010837658907300991,0.009081996442880231,0.500567324008122,0.009874698378429404,"[[0.551978983504982, 0, 0], [0.015476190476190452, 0.7858029516973445, 0.6898033909098146], [0, 0.6449464285714286, 0.7500894391391307]]",0.007738095238095226,0.0,0.6673749097406216,0.22503766832623895,0.5815813988232826,0.5557260552018977,0.0025871790967179936,0.2813081049393866,0.2718307711657931,31.19804928862509,37.58922199312461,0.5921169271425962,0.06910117820367598,0.04864665968882484,100.91592331779367,1556.1393154752911,67.0,27.0,0.6965057513196968,0.06485018552916064,/home/cseomoon/project/ABAG/DB/AbNb_structure/AF3/native/7uvh_7uvh/seed-5_sample-4/model.cif,/home/cseomoon/project/ABAG/DB/AbNb_structure/original_pdb/renum_fv_7uvh_1.pdb,0.23809523809523808,0.6875,3.5177157491614177,10.065520995948388,31.9774242148738,0.10860474413444972
/home/cseomoon/project/ABAG/DB/AbNb_structure/AF3/native/7uvh_7uvh/seed-6_sample-0/model.cif,7uvh_7uvh,6,0,/home/cseomoon/project/ABAG/DB/AbNb_structure/AF3/native/7uvh_7uvh/seed-6_sample-0/confidences.json,"[0.13, 0.51, 0.5]","[[0.7, 0.13, 0.13], [0.13, 0.88, 0.88], [0.13, 0.88, 0.87]]","[[0.76, 19.14, 21.75], [11.11, 0.76, 1.0], [11.22, 1.02, 0.76]]","[0.7, 0.88, 0.87]",0.05,0.0,0.47,0.61,0.53,custom,0.13,0.51,0.5,0.7,0.88,0.87,0.13,0.13,0.88,15.125,16.485,1.01,66.43521580102414,10.466271069831441,87.00380387931034,3.5133518493429077,85.8870222743259,3.616642096642097,25.29692263445499,25.439070649596964,5.10343745384729,79.77534731822011,5.865421671938815,18.61314357929975,74.25428571428571,72.89375,2644.0,57.2609114977307,24.724017094017093,1590.0,61.04174528301887,25.72386363636364,3984.0,83.02833709839358,4.311880687563196,8218.0,67.11033129304771,18.25325380598131,0.07905827016462064,0.05187208112452281,0.3827903147136409,0.40843577181690893,0.01021883951910905,0.009723700559678777,0.341175730020868,0.010468724663151192,"[[0.5314619988338992, 0, 0], [0.028455284552845503, 0.7857458484783693, 0.689396061794605], [0.0218253968253968, 0.63765625, 0.746311210434587]]",0.014227642276422751,0.0109126984126984,0.6635261558973025,0.22955549886214122,0.5473405001083615,0.5260171203641858,0.006327124995718503,0.27003005220100534,0.2496599431674619,38.14738184679674,37.58922199312461,0.49263065002174944,0.047300353076350055,0.04864665968882484,325.05655839744554,2006.0077428057352,82.0,46.0,0.6404176999594396,0.16204152728882287,/home/cseomoon/project/ABAG/DB/AbNb_structure/AF3/native/7uvh_7uvh/seed-6_sample-0/model.cif,/home/cseomoon/project/ABAG/DB/AbNb_structure/original_pdb/renum_fv_7uvh_1.pdb,0.023809523809523808,0.9761904761904762,3.3228012069318487,12.602102137604891,46.4599664854542,0.02338900374522179
/home/cseomoon/project/ABAG/DB/AbNb_structure/AF3/native/7uvh_7uvh/seed-6_sample-1/model.cif,7uvh_7uvh,6,1,/home/cseomoon/project/ABAG/DB/AbNb_structure/AF3/native/7uvh_7uvh/seed-6_sample-1/confidences.json,"[0.13, 0.51, 0.5]","[[0.71, 0.13, 0.13], [0.13, 0.89, 0.88], [0.13, 0.88, 0.87]]","[[0.76, 20.32, 22.23], [11.03, 0.76, 0.99], [11.58, 1.01, 0.76]]","[0.71, 0.89, 0.87]",0.02,0.0,0.47,0.61,0.51,custom,0.13,0.51,0.5,0.71,0.89,0.87,0.13,0.13,0.88,15.675,16.905,1.0,67.62754206291149,10.096983144134846,87.4005172413793,3.3165086031703024,86.058898007034,3.5447092547092547,25.104460262678554,25.4495126705653,4.950103382070594,80.36231910377494,5.652733667338134,18.501358771771482,74.96428571428571,73.57875,2421.0,58.5992750929368,24.248351648351647,1053.0,53.69590218423552,25.51974789915967,3851.0,84.70218644507922,3.7324591786244437,7325.0,65.66578790741717,17.833519575378585,0.07115707175906906,0.02528808472924171,0.3983457187755904,0.3611548235074067,0.010646541394192955,0.009012785646086444,0.5310213707311816,0.010028512196085805,"[[0.5374770425786449, 0, 0], [0.033908045977011476, 0.7862212857378946, 0.6902709424776419], [0.01749999999999998, 0.6416220261540886, 0.7479856326667789]]",0.016954022988505738,0.00874999999999999,0.6659464843158652,0.23055016910145698,0.5630442112465303,0.5394494141790833,0.004513639881833415,0.27226263084340024,0.26267314345384973,29.89415117947081,37.58922199312461,0.6125654881503176,0.07479990832416498,0.04864665968882484,39.476232663707606,1579.5582597338341,63.0,20.0,0.6683318600944642,0.02499194469114397,/home/cseomoon/project/ABAG/DB/AbNb_structure/AF3/native/7uvh_7uvh/seed-6_sample-1/model.cif,/home/cseomoon/project/ABAG/DB/AbNb_structure/original_pdb/renum_fv_7uvh_1.pdb,0.11904761904761904,0.8913043478260869,5.021597791465092,9.928913373805349,22.564368232187995,0.08854350823626811
/home/cseomoon/project/ABAG/DB/AbNb_structure/AF3/native/7uvh_7uvh/seed-6_sample-2/model.cif,7uvh_7uvh,6,2,/home/cseomoon/project/ABAG/DB/AbNb_structure/AF3/native/7uvh_7uvh/seed-6_sample-2/confidences.json,"[0.12, 0.5, 0.5]","[[0.71, 0.12, 0.12], [0.12, 0.89, 0.88], [0.12, 0.88, 0.87]]","[[0.76, 21.4, 21.97], [11.67, 0.76, 1.0], [11.65, 1.03, 0.76]]","[0.71, 0.89, 0.87]",0.05,0.0,0.47,0.6,0.52,custom,0.12,0.5,0.5,0.71,0.89,0.87,0.12,0.12,0.88,16.535,16.81,1.0150000000000001,66.48652523774687,10.465988992088063,87.26443965517241,3.293808427042406,85.88838218053928,3.6017199017199015,25.911554501006613,26.071534692587324,5.004020824102792,79.87978235781952,5.787172440283456,18.995703339232247,74.8557142857143,73.59375,1341.0,59.65146905294556,24.928185907046476,1732.0,62.642644341801386,26.21915393654524,3919.0,84.57119163051799,3.4203063241106717,6992.0,68.95510167508832,18.18921538923413,0.03676509146620825,0.061414400639834665,0.3917000547730787,0.42530396685392746,0.010738764018104148,0.009631603350460764,0.5210887217534494,0.010339969101014083,"[[0.528465312856098, 0, 0], [0.014999999999999968, 0.7845320562663461, 0.6862232622088258], [0.016666666666666663, 0.6414422797708614, 0.7499739473313617]]",0.007499999999999984,0.008333333333333331,0.6638327709898436,0.2265553681077256,0.5706203774525651,0.5438396283966339,0.003099263397031488,0.25626778019064117,0.28447258480896126,32.64909310542546,37.58922199312461,0.569987600360971,0.06347667983761897,0.04864665968882484,139.9297687116062,1618.3438506718064,74.0,20.0,0.6881536680572745,0.08646479464393095,/home/cseomoon/project/ABAG/DB/AbNb_structure/AF3/native/7uvh_7uvh/seed-6_sample-2/model.cif,/home/cseomoon/project/ABAG/DB/AbNb_structure/original_pdb/renum_fv_7uvh_1.pdb,0.11904761904761904,0.782608695652174,2.7763623485445645,9.000075645948924,32.16089111978644,0.07045529322029855
/home/cseomoon/project/ABAG/DB/AbNb_structure/AF3/native/7uvh_7uvh/seed-6_sample-3/model.cif,7uvh_7uvh,6,3,/home/cseomoon/project/ABAG/DB/AbNb_structure/AF3/native/7uvh_7uvh/seed-6_sample-3/confidences.json,"[0.13, 0.5, 0.5]","[[0.73, 0.13, 0.12], [0.13, 0.88, 0.87], [0.12, 0.87, 0.87]]","[[0.76, 17.81, 21.67], [11.42, 0.76, 1.0], [12.22, 1.01, 0.76]]","[0.73, 0.88, 0.87]",0.0,0.0,0.47,0.6,0.5,custom,0.13,0.5,0.5,0.73,0.88,0.87,0.13,0.12,0.87,14.614999999999998,16.945,1.005,68.21663496708119,9.783907808737531,86.94449353448275,3.465282482048503,85.38792497069167,3.707264537264537,25.044350973061068,25.507734049839314,5.159887756609068,80.18301782408521,5.652151609350191,18.570657593169816,73.93000000000002,71.87375,2885.0,49.532639514731365,24.86979905437352,2249.0,54.62725433526012,26.139705882352942,3803.0,83.822693925848,4.2124515503875966,8937.0,62.66086259194649,18.40731882903802,0.055156764735102864,0.04000618215451443,0.38053807057987094,0.3494854832621087,0.008935529864249149,0.008738630191685389,0.4644501031175616,0.009006600653818832,"[[0.569269767596613, 0, 0], [0.026041666666666644, 0.7863327633703809, 0.6878276182881446], [0, 0.6365217043728515, 0.7429774408492857]]",0.013020833333333322,0.0,0.6621746613304981,0.2250651648879438,0.5252689830548806,0.5057665086622743,0.006062022300002931,0.25962864323159124,0.24007584313068017,51.59451345476067,37.58922199312461,0.3467409142672314,0.02642412483759736,0.04864665968882484,72.42739255014823,2668.0127260330764,101.0,36.0,0.6830055863158208,0.027146569371067655,/home/cseomoon/project/ABAG/DB/AbNb_structure/AF3/native/7uvh_7uvh/seed-6_sample-3/model.cif,/home/cseomoon/project/ABAG/DB/AbNb_structure/original_pdb/renum_fv_7uvh_1.pdb,0.0,1.0,3.8396009387000434,12.539011490636128,53.71868784424617,0.012844785310786035
/home/cseomoon/project/ABAG/DB/AbNb_structure/AF3/native/7uvh_7uvh/seed-6_sample-4/model.cif,7uvh_7uvh,6,4,/home/cseomoon/project/ABAG/DB/AbNb_structure/AF3/native/7uvh_7uvh/seed-6_sample-4/confidences.json,"[0.12, 0.5, 0.5]","[[0.71, 0.12, 0.12], [0.12, 0.88, 0.88], [0.12, 0.88, 0.87]]","[[0.76, 20.75, 21.63], [11.78, 0.76, 1.0], [11.92, 1.02, 0.76]]","[0.71, 0.88, 0.87]",0.04,0.0,0.47,0.6,0.51,custom,0.12,0.5,0.5,0.71,0.88,0.87,0.12,0.12,0.88,16.265,16.775,1.01,66.68303584491588,10.251331269349846,87.10689655172413,3.385537190082645,85.81947245017587,3.614873054873055,26.00004553734062,26.171798113903378,5.062952296558854,79.8698016156053,5.750580504768515,19.078265315934285,73.82142857142856,73.44125,1261.0,51.823973037272005,25.042399999999997,2016.0,63.30606646825397,26.848704268292682,3938.0,84.31520822752667,4.098691860465117,7215.0,66.48174924435088,18.6632653762526,0.03366084107518438,0.09433845417212745,0.4051415271480942,0.4564677991058126,0.009167663295871074,0.009683887667084626,0.5188747193464174,0.009803874832141147,"[[0.5339801135392087, 0, 0], [0.012499999999999956, 0.7858208425090574, 0.687677439040569], [0.008333333333333304, 0.6432237715803454, 0.7481601182931982]]",0.006249999999999978,0.004166666666666652,0.6654506053104572,0.22528909065904126,0.5472953227518602,0.5229843325978996,0.004848811232646245,0.23694648224753506,0.28118903911771825,31.178205467020963,37.58922199312461,0.5924242240716401,0.06918307974993113,0.04864665968882484,107.2511659763104,1723.9652661541027,82.0,15.0,0.7357921866482618,0.062211906516870266,/home/cseomoon/project/ABAG/DB/AbNb_structure/AF3/native/7uvh_7uvh/seed-6_sample-4/model.cif,/home/cseomoon/project/ABAG/DB/AbNb_structure/original_pdb/renum_fv_7uvh_1.pdb,0.21428571428571427,0.47058823529411764,2.9012332581723026,6.895951998932525,25.333928056568062,0.12021497945828023
/home/cseomoon/project/ABAG/DB/AbNb_structure/AF3/native/7uvh_7uvh/seed-7_sample-0/model.cif,7uvh_7uvh,7,0,/home/cseomoon/project/ABAG/DB/AbNb_structure/AF3/native/7uvh_7uvh/seed-7_sample-0/confidences.json,"[0.13, 0.5, 0.5]","[[0.75, 0.13, 0.13], [0.13, 0.89, 0.88], [0.13, 0.88, 0.87]]","[[0.76, 20.38, 23.02], [11.81, 0.76, 1.01], [12.69, 1.01, 0.76]]","[0.75, 0.89, 0.87]",0.0,0.0,0.47,0.6,0.5,custom,0.13,0.5,0.5,0.75,0.89,0.87,0.13,0.13,0.88,16.095,17.855,1.01,71.200475493782,8.671117991056072,87.22275862068966,3.365668608589622,85.67697538100822,3.6065929565929564,25.357374652478192,25.644805331647436,5.029150051691035,81.3667364984933,5.214459852079551,18.67711001193889,75.11571428571428,71.925,1905.0,60.01318635170603,24.71370808678501,1418.0,63.68253878702397,26.02777777777778,3942.0,84.03156900050736,4.068070652173913,7265.0,69.24243137974578,18.269852172245567,0.064893370955458,0.04376170318722164,0.403747723331724,0.4350716412729472,0.010371113520000835,0.010137068988461034,0.531628977525664,0.010468605315191738,"[[0.5675557502266895, 0, 0], [0.016666666666666607, 0.7853936104805145, 0.6886469106337842], [0, 0.6404732592004235, 0.7439012761183564]]",0.008333333333333304,0.0,0.6645600849171038,0.22429780608347905,0.5653312443330857,0.5425013351489524,0.003484892782679789,0.27711078333003997,0.26190565903623264,28.662575594936232,37.58922199312461,0.6323357043568478,0.08083525001977668,0.04864665968882484,25.94949050910907,1724.5318931135278,74.0,23.0,0.7173560055047009,0.01504726622495742,/home/cseomoon/project/ABAG/DB/AbNb_structure/AF3/native/7uvh_7uvh/seed-7_sample-0/model.cif,/home/cseomoon/project/ABAG/DB/AbNb_structure/original_pdb/renum_fv_7uvh_1.pdb,0.11904761904761904,0.8076923076923077,4.720490890607423,10.450731269195202,24.20837218675011,0.08299533406642681
/home/cseomoon/project/ABAG/DB/AbNb_structure/AF3/native/7uvh_7uvh/seed-7_sample-1/model.cif,7uvh_7uvh,7,1,/home/cseomoon/project/ABAG/DB/AbNb_structure/AF3/native/7uvh_7uvh/seed-7_sample-1/confidences.json,"[0.13, 0.5, 0.5]","[[0.75, 0.13, 0.12], [0.13, 0.88, 0.88], [0.12, 0.88, 0.87]]","[[0.76, 20.05, 22.11], [11.53, 0.76, 1.0], [12.37, 1.02, 0.76]]","[0.75, 0.88, 0.87]",0.0,0.0,0.47,0.6,0.5,custom,0.13,0.5,0.5,0.75,0.88,0.87,0.13,0.12,0.88,15.79,17.24,1.01,71.29117044623263,8.874778121775027,87.19651939655172,3.3615025064354422,85.87172332942554,3.55029484029484,25.33576598600326,25.535440703861752,5.024985231132772,81.45313772406996,5.262191822835103,18.63206397366593,74.9057142857143,72.55250000000001,2019.0,59.94702080237741,24.16551724137931,2163.0,54.95901063337956,26.354654377880184,3909.0,84.34674980813507,3.8490277777777786,8091.0,66.41759374796402,18.12306646567909,0.045532252133480486,0.04256378122001046,0.40009282106908084,0.36263387007872727,0.010878193112538945,0.008307542952823488,0.5204220374525466,0.009237947015462421,"[[0.5813515509601183, 0, 0], [0.019444444444444414, 0.7849995271532261, 0.6857521537442014], [0, 0.6380466261222125, 0.7480872708928872]]",0.009722222222222207,0.0,0.661899389933207,0.2238738707184764,0.5437971584455311,0.521692749933536,0.004501033137840988,0.2374012689229428,0.27979044787275215,51.52962905272734,37.58922199312461,0.34731120704327156,0.026488947687944697,0.04864665968882484,261.9159457751874,2156.185637734119,88.0,32.0,0.6379173389689886,0.12147189054205382,/home/cseomoon/project/ABAG/DB/AbNb_structure/AF3/native/7uvh_7uvh/seed-7_sample-1/model.cif,/home/cseomoon/project/ABAG/DB/AbNb_structure/original_pdb/renum_fv_7uvh_1.pdb,0.0,1.0,5.676790420889519,13.333171353720298,60.229377054707136,0.010675435569762892
/home/cseomoon/project/ABAG/DB/AbNb_structure/AF3/native/7uvh_7uvh/seed-7_sample-2/model.cif,7uvh_7uvh,7,2,/home/cseomoon/project/ABAG/DB/AbNb_structure/AF3/native/7uvh_7uvh/seed-7_sample-2/confidences.json,"[0.11, 0.49, 0.49]","[[0.75, 0.11, 0.11], [0.11, 0.88, 0.88], [0.11, 0.88, 0.87]]","[[0.76, 20.68, 22.77], [12.49, 0.76, 1.01], [13.03, 1.03, 0.76]]","[0.75, 0.88, 0.87]",0.04,0.0,0.46,0.6,0.51,custom,0.11,0.49,0.49,0.75,0.88,0.87,0.11,0.11,0.88,16.585,17.9,1.02,70.74632772494515,8.916260749914,86.98909482758621,3.4760398320010837,85.86256740914419,3.536977886977887,26.1417002204966,26.24940203361256,5.066814355338945,81.19932998722518,5.3097594896309905,19.152638869816034,74.00571428571429,72.40625,1322.0,57.727923600605145,25.41653846153846,1558.0,63.97301668806162,26.413111888111885,3958.0,83.37844871147044,4.238775510204081,6838.0,68.35979633337907,18.689475286618144,0.05271516361517385,0.05654244890218023,0.3908135386094139,0.4269195208639693,0.010363527847189413,0.00967454009862214,0.489441053062489,0.010075773349176732,"[[0.5742759468387493, 0, 0], [0, 0.7840055294508519, 0.686666267910785], [0, 0.6385607375841751, 0.7486594385611026]]",0.0,0.0,0.66261350274748,0.22087116758249334,0.5607451899769001,0.5356504095962046,0.003716988858672694,0.24620109820039474,0.28573232253713715,37.93607212852044,37.58922199312461,0.49540759391752404,0.04780350128310784,0.04864665968882484,3.946121273449535,1475.9884438806716,73.0,16.0,0.671845845344991,0.002673544830116952,/home/cseomoon/project/ABAG/DB/AbNb_structure/AF3/native/7uvh_7uvh/seed-7_sample-2/model.cif,/home/cseomoon/project/ABAG/DB/AbNb_structure/original_pdb/renum_fv_7uvh_1.pdb,0.30952380952380953,0.3157894736842105,3.121507916865451,3.380937161683652,10.604293862106893,0.2883871007377632
/home/cseomoon/project/ABAG/DB/AbNb_structure/AF3/native/7uvh_7uvh/seed-7_sample-3/model.cif,7uvh_7uvh,7,3,/home/cseomoon/project/ABAG/DB/AbNb_structure/AF3/native/7uvh_7uvh/seed-7_sample-3/confidences.json,"[0.12, 0.5, 0.5]","[[0.74, 0.12, 0.12], [0.12, 0.88, 0.88], [0.12, 0.88, 0.87]]","[[0.76, 20.3, 23.56], [12.07, 0.76, 1.01], [12.43, 1.02, 0.76]]","[0.74, 0.88, 0.87]",0.05,0.0,0.47,0.6,0.52,custom,0.12,0.5,0.5,0.74,0.88,0.87,0.12,0.12,0.88,16.185000000000002,17.994999999999997,1.0150000000000001,70.37016825164595,9.097764017887856,87.06126077586208,3.470241159734453,85.59058616647127,3.6134070434070433,25.606353657367464,25.915246825773142,5.091570669029685,81.00733839799311,5.39380407367645,18.87105705072343,74.60571428571428,71.6575,2041.0,59.555105340519354,25.037393162393162,1220.0,63.105881147540984,26.42309782608696,3863.0,83.88322547243077,3.932706580900544,7124.0,68.84807065349703,18.464399189793554,0.06605537755820584,0.037351038944356915,0.3919268400573331,0.42500582602441594,0.010607053924125429,0.010039931680014689,0.5028823098584785,0.010581053097557865,"[[0.5684963514982146, 0, 0], [0, 0.7846005980350278, 0.6864388077955917], [0, 0.6375313581029338, 0.7451429253362537]]",0.0,0.0,0.6619850829492628,0.22066169431642094,0.5393808662241772,0.5196190305830144,0.0038074907095689975,0.2590692596191496,0.2567422802542958,29.02846672015774,37.58922199312461,0.626418104529999,0.07897021699229927,0.04864665968882484,95.67162141093735,1553.6980264877898,71.0,18.0,0.735268207091338,0.061576715539252966,/home/cseomoon/project/ABAG/DB/AbNb_structure/AF3/native/7uvh_7uvh/seed-7_sample-3/model.cif,/home/cseomoon/project/ABAG/DB/AbNb_structure/original_pdb/renum_fv_7uvh_1.pdb,0.30952380952380953,0.5517241379310345,3.6308529742457933,10.409985288267398,24.643561277893593,0.14539455892127853
/home/cseomoon/project/ABAG/DB/AbNb_structure/AF3/native/7uvh_7uvh/seed-7_sample-4/model.cif,7uvh_7uvh,7,4,/home/cseomoon/project/ABAG/DB/AbNb_structure/AF3/native/7uvh_7uvh/seed-7_sample-4/confidences.json,"[0.13, 0.5, 0.5]","[[0.74, 0.13, 0.13], [0.13, 0.88, 0.88], [0.13, 0.88, 0.87]]","[[0.76, 19.5, 23.02], [11.67, 0.76, 1.0], [12.24, 1.02, 0.76]]","[0.74, 0.88, 0.87]",0.05,0.0,0.47,0.6,0.52,custom,0.13,0.5,0.5,0.74,0.88,0.87,0.13,0.13,0.88,15.585,17.63,1.01,70.79176298463788,9.117578259373925,87.29762931034485,3.43940522964368,86.15662368112545,3.5149795249795246,25.106974403221166,25.47284916495443,5.008023187121548,81.41533865870274,5.357321004665709,18.529282251765718,74.76714285714286,73.29625,2367.0,62.67354034643007,24.26314516129032,579.0,58.88075129533679,25.55865384615385,3922.0,84.04130928097909,4.140491651205938,6868.0,68.53186697424866,17.987430219550035,0.09835741317073525,0.02361767372876282,0.3974152493638737,0.37339538557352675,0.01090304150299867,0.009651719304663443,0.5204347208777845,0.011210020954523638,"[[0.570346805234796, 0, 0], [0.016666666666666635, 0.7849688196519182, 0.6894946596524788], [0, 0.6403369491170151, 0.7478478855929837]]",0.008333333333333318,0.0,0.664915804384747,0.2244163792393601,0.5556159222507998,0.5315645783100564,0.004104682218280118,0.2770416409596021,0.25041825513217425,29.54232856830274,37.58922199312461,0.6181696459340299,0.07645509302050707,0.04864665968882484,8.807980508839705,1541.6624841906419,65.0,20.0,0.7055563709051454,0.005713300154322566,/home/cseomoon/project/ABAG/DB/AbNb_structure/AF3/native/7uvh_7uvh/seed-7_sample-4/model.cif,/home/cseomoon/project/ABAG/DB/AbNb_structure/original_pdb/renum_fv_7uvh_1.pdb,0.09523809523809523,0.9047619047619048,3.044576142896736,10.12980011132982,24.225505543518512,0.07543656438643997
/home/cseomoon/project/ABAG/DB/AbNb_structure/AF3/native/7uvh_7uvh/seed-8_sample-0/model.cif,7uvh_7uvh,8,0,/home/cseomoon/project/ABAG/DB/AbNb_structure/AF3/native/7uvh_7uvh/seed-8_sample-0/confidences.json,"[0.13, 0.51, 0.5]","[[0.72, 0.14, 0.13], [0.14, 0.89, 0.88], [0.13, 0.88, 0.87]]","[[0.76, 18.28, 21.22], [10.72, 0.76, 0.99], [11.19, 1.0, 0.76]]","[0.72, 0.89, 0.87]",0.05,0.0,0.48,0.61,0.53,custom,0.13,0.51,0.5,0.72,0.89,0.87,0.14,0.13,0.88,14.5,16.205,0.995,67.8641916605706,9.848950808393532,87.46010775862068,3.2838165560222197,86.0603165298945,3.57993447993448,24.986058383664076,25.497940045308468,4.945720720720722,80.46153864969526,5.570900614783411,18.476573049897755,75.33571428571427,73.44,2270.0,54.10412334801763,23.90929487179487,1816.0,63.551062775330394,26.04386574074074,3927.0,84.93999490705373,3.9029069767441857,8013.0,67.53172701013392,17.952022529759933,0.044614237015151686,0.06665680125129714,0.4045785081444287,0.45077892314377915,0.009893732635861349,0.010054419169994505,0.5478182969963983,0.010170357295673522,"[[0.5549321783507923, 0, 0], [0.03299999999999998, 0.7877197017953618, 0.690856059404894], [0.0218390804597701, 0.6450061977477122, 0.7495916617469286]]",0.01649999999999999,0.01091954022988505,0.6679311285763031,0.23178355626872937,0.5304824825325563,0.5129149077071762,0.006312989511084363,0.25110939742233007,0.25549252077376167,30.145172834160395,37.58922199312461,0.6085890251175671,0.07365073045307866,0.04864665968882484,178.69174865381885,1984.0086432862354,89.0,21.0,0.6780073702136292,0.09006601319933805,/home/cseomoon/project/ABAG/DB/AbNb_structure/AF3/native/7uvh_7uvh/seed-8_sample-0/model.cif,/home/cseomoon/project/ABAG/DB/AbNb_structure/original_pdb/renum_fv_7uvh_1.pdb,0.35714285714285715,0.5588235294117647,3.674169712691608,5.885881313025492,18.680134640981752,0.19655460204572842
/home/cseomoon/project/ABAG/DB/AbNb_structure/AF3/native/7uvh_7uvh/seed-8_sample-1/model.cif,7uvh_7uvh,8,1,/home/cseomoon/project/ABAG/DB/AbNb_structure/AF3/native/7uvh_7uvh/seed-8_sample-1/confidences.json,"[0.15, 0.52, 0.51]","[[0.73, 0.15, 0.15], [0.15, 0.89, 0.88], [0.15, 0.88, 0.87]]","[[0.76, 18.82, 20.86], [10.27, 0.76, 0.98], [10.76, 0.99, 0.76]]","[0.73, 0.89, 0.87]",0.05,0.0,0.49,0.62,0.54,custom,0.15,0.52,0.51,0.73,0.89,0.87,0.15,0.15,0.88,14.545,15.809999999999999,0.985,68.55555961960496,9.71405916752666,87.76959051724137,3.2563202818046335,86.07675263774912,3.559213759213759,24.323672227015628,24.582914493440807,4.909632993649387,80.80063425819849,5.5098644028483506,17.93873990470194,75.96000000000001,73.09625,2030.0,57.79988177339902,24.240854700854705,1931.0,58.04415328845158,24.728035714285717,3929.0,84.615612115042,3.936335403726708,7890.0,66.81988239229753,17.63507527295571,0.05663259232208896,0.04106688694812574,0.4136786991675371,0.4026153595263599,0.01030810041720322,0.009655671828377722,0.5178523222436615,0.010087347356929826,"[[0.5748093587521664, 0, 0], [0.04540740740740738, 0.7889040111236802, 0.6944585180493983], [0.04034482758620689, 0.6485690368847057, 0.7520914205344584]]",0.02270370370370369,0.020172413793103444,0.671513777467052,0.23812996498795305,0.5683462161514404,0.5460759945756796,0.004906212902124397,0.27688760990500816,0.264282171768547,28.808728863680635,37.58922199312461,0.6299676108908594,0.0800826556095986,0.04864665968882484,101.10770697777843,1760.3793192185035,78.0,33.0,0.7659301828309125,0.057435182221218,/home/cseomoon/project/ABAG/DB/AbNb_structure/AF3/native/7uvh_7uvh/seed-8_sample-1/model.cif,/home/cseomoon/project/ABAG/DB/AbNb_structure/original_pdb/renum_fv_7uvh_1.pdb,0.16666666666666666,0.78125,3.530060790607893,10.712777650020715,26.29840412976201,0.09349369436685177
/home/cseomoon/project/ABAG/DB/AbNb_structure/AF3/native/7uvh_7uvh/seed-8_sample-2/model.cif,7uvh_7uvh,8,2,/home/cseomoon/project/ABAG/DB/AbNb_structure/AF3/native/7uvh_7uvh/seed-8_sample-2/confidences.json,"[0.15, 0.52, 0.51]","[[0.74, 0.16, 0.15], [0.16, 0.88, 0.88], [0.15, 0.88, 0.87]]","[[0.76, 17.23, 21.2], [10.15, 0.76, 0.99], [10.57, 0.98, 0.76]]","[0.74, 0.88, 0.87]",0.02,0.0,0.49,0.61,0.52,custom,0.15,0.52,0.51,0.74,0.88,0.87,0.16,0.15,0.88,13.690000000000001,15.885,0.985,69.17882223847843,9.349855521155831,87.01144396551723,3.594553583525268,85.81841735052755,3.5715479115479116,24.03893682293165,24.53996101364522,5.095045045045046,80.66956118484107,5.50531900540967,17.89131429387397,74.64571428571428,72.045,2655.0,55.51808662900189,23.4605658709107,2091.0,59.28642515542802,25.79881093935791,3958.0,82.84643127842345,4.706027527289985,8704.0,65.88364768761778,17.98846811251953,0.07214591050701846,0.06265087989382993,0.39403811048480686,0.41212752302439476,0.01026128483624145,0.00985398820924498,0.3929907897274078,0.010268230943160536,"[[0.5855533915158687, 0, 0], [0.047463768115942016, 0.7868047612239063, 0.6934110701501309], [0.04953051643192487, 0.6390466972187105, 0.7478643991693327]]",0.023731884057971008,0.024765258215962434,0.6662288836844208,0.2382420086527847,0.5299560955609895,0.5105300345812739,0.008215726275455528,0.24252627643392036,0.259788031871898,30.219945998851408,37.58922199312461,0.6074081339678257,0.07331340089666408,0.04864665968882484,479.912388932207,2116.4776674360346,87.0,40.0,0.7164517320929017,0.22675050926173365,/home/cseomoon/project/ABAG/DB/AbNb_structure/AF3/native/7uvh_7uvh/seed-8_sample-2/model.cif,/home/cseomoon/project/ABAG/DB/AbNb_structure/original_pdb/renum_fv_7uvh_1.pdb,0.14285714285714285,0.8536585365853658,3.831784667558222,9.870728215279852,21.456283407487362,0.10035957768184188
/home/cseomoon/project/ABAG/DB/AbNb_structure/AF3/native/7uvh_7uvh/seed-8_sample-3/model.cif,7uvh_7uvh,8,3,/home/cseomoon/project/ABAG/DB/AbNb_structure/AF3/native/7uvh_7uvh/seed-8_sample-3/confidences.json,"[0.15, 0.52, 0.51]","[[0.72, 0.16, 0.15], [0.16, 0.88, 0.88], [0.15, 0.88, 0.87]]","[[0.76, 17.97, 21.28], [10.41, 0.76, 0.99], [10.58, 1.0, 0.76]]","[0.72, 0.88, 0.87]",0.0,0.0,0.48,0.61,0.51,custom,0.15,0.52,0.51,0.72,0.88,0.87,0.16,0.15,0.88,14.19,15.93,0.995,68.16487198244332,9.727750257997934,87.0737823275862,3.4855168676331116,85.76787807737398,3.57004095004095,24.19895983127217,24.604754754754758,5.059839757790578,80.33551079580117,5.594436025223999,17.954518114605836,73.99857142857142,72.10374999999999,2981.0,56.730201274740025,23.633180076628353,1269.0,56.64226162332545,24.78152173913043,4114.0,82.371652892562,4.591136363636363,8364.0,65.24803859687582,17.66861272646505,0.08577671918449074,0.02782270973765407,0.3703398008571008,0.3628776115180182,0.010356189239526067,0.009440044790654934,0.49992407945535405,0.010254211811361356,"[[0.5623474154819912, 0, 0], [0.04705882352941174, 0.7866524064171122, 0.6913246839654026], [0.04468390804597701, 0.6388601887635723, 0.7481399623922989]]",0.02352941176470587,0.022341954022988504,0.6650924363644874,0.23698793405072727,0.5399023008662585,0.5205847074054901,0.0068993873946509125,0.2716662344897835,0.24201908552105575,28.401276565547796,37.58922199312461,0.636583614967005,0.08220666486418252,0.04864665968882484,187.8667298007241,1807.0383774219208,75.0,30.0,0.7219498682267459,0.10396388485603235,/home/cseomoon/project/ABAG/DB/AbNb_structure/AF3/native/7uvh_7uvh/seed-8_sample-3/model.cif,/home/cseomoon/project/ABAG/DB/AbNb_structure/original_pdb/renum_fv_7uvh_1.pdb,0.30952380952380953,0.7291666666666666,5.645822562483527,10.56078649992291,25.396207040530992,0.1433451092251018
/home/cseomoon/project/ABAG/DB/AbNb_structure/AF3/native/7uvh_7uvh/seed-8_sample-4/model.cif,7uvh_7uvh,8,4,/home/cseomoon/project/ABAG/DB/AbNb_structure/AF3/native/7uvh_7uvh/seed-8_sample-4/confidences.json,"[0.13, 0.51, 0.5]","[[0.72, 0.13, 0.13], [0.13, 0.89, 0.88], [0.13, 0.88, 0.87]]","[[0.76, 19.48, 21.56], [11.13, 0.76, 0.99], [11.44, 1.0, 0.76]]","[0.72, 0.89, 0.87]",0.05,0.0,0.47,0.61,0.52,custom,0.13,0.51,0.5,0.72,0.89,0.87,0.13,0.13,0.88,15.305,16.5,0.995,67.96930504754937,9.833656690746475,87.5847198275862,3.2310323804362553,86.21301289566236,3.5172563472563474,25.20494918991468,25.667491175385912,4.90266947275144,80.58901259026597,5.527315139479692,18.59170327935068,75.58,73.435,1916.0,54.901205636743214,24.573437500000004,1465.0,62.828307167235494,25.928512396694213,3957.0,84.56867071013393,3.9420289855072466,7338.0,67.43272783803754,18.14799296073382,0.044404264764452646,0.03905409703483715,0.4043642714463992,0.41296638778588785,0.009838709264194927,0.009961742287664884,0.563526323814758,0.010175239761419213,"[[0.5607896051974013, 0, 0], [0.031884057971014464, 0.787587589352897, 0.6924888484176631], [0.019444444444444414, 0.6442672187171399, 0.7496242653232578]]",0.015942028985507232,0.009722222222222207,0.6683780335674014,0.23134742825837695,0.5422241380128112,0.5226813686593681,0.004995455199252278,0.25622849383339025,0.2614574196267256,30.979886513993236,37.58922199312461,0.5955021015569896,0.07000946141350484,0.04864665968882484,128.16747588696074,1784.5063629471274,81.0,14.0,0.739861556141935,0.07182236978706596,/home/cseomoon/project/ABAG/DB/AbNb_structure/AF3/native/7uvh_7uvh/seed-8_sample-4/model.cif,/home/cseomoon/project/ABAG/DB/AbNb_structure/original_pdb/renum_fv_7uvh_1.pdb,0.19047619047619047,0.7241379310344828,3.112551785725008,6.197411233720748,24.748802628618872,0.11710948131981909
/home/cseomoon/project/ABAG/DB/AbNb_structure/AF3/native/7uvh_7uvh/seed-9_sample-0/model.cif,7uvh_7uvh,9,0,/home/cseomoon/project/ABAG/DB/AbNb_structure/AF3/native/7uvh_7uvh/seed-9_sample-0/confidences.json,"[0.13, 0.51, 0.5]","[[0.83, 0.14, 0.13], [0.14, 0.88, 0.87], [0.13, 0.87, 0.87]]","[[0.76, 18.87, 20.26], [11.43, 0.76, 1.0], [11.71, 1.03, 0.76]]","[0.83, 0.88, 0.87]",0.0,0.0,0.48,0.61,0.5,custom,0.13,0.51,0.5,0.83,0.88,0.87,0.14,0.13,0.87,15.15,15.985000000000001,1.0150000000000001,77.94593269934163,5.7962985896112835,87.36681034482758,3.374508874136296,85.48388042203986,3.705880425880426,24.72195618828492,25.06692745376956,5.1225631369074,83.59887448873637,4.2922292965426685,18.303815592987295,75.30714285714285,72.125,2104.0,57.75653517110266,23.60267094017094,2389.0,65.15551276684806,25.450398724082934,3790.0,84.88107915567284,3.4983766233766236,8283.0,69.26437569787451,17.517148762543496,0.057052299510496465,0.10044822225076809,0.38356173190559456,0.4597992823198997,0.010871791394093036,0.0107512077670604,0.5595402462494429,0.010860532360233637,"[[0.6309607386775536, 0, 0], [0.02291666666666664, 0.786287384062086, 0.6868306293409682], [0.016666666666666646, 0.6426298596547829, 0.7418676993397663]]",0.01145833333333332,0.008333333333333323,0.6647302444978755,0.22817397038818074,0.5342218325977263,0.5124984511897707,0.0064344687725123835,0.2258883653158914,0.2801756171013669,30.17841569538593,37.58922199312461,0.60806381610652,0.07350048029085857,0.04864665968882484,41.159956321321374,2307.8991353945594,90.0,25.0,0.678097979390758,0.01783438266000505,/home/cseomoon/project/ABAG/DB/AbNb_structure/AF3/native/7uvh_7uvh/seed-9_sample-0/model.cif,/home/cseomoon/project/ABAG/DB/AbNb_structure/original_pdb/renum_fv_7uvh_1.pdb,0.35714285714285715,0.5588235294117647,2.4771225104459558,6.40623868316441,22.311508546833565,0.17862018182223482
/home/cseomoon/project/ABAG/DB/AbNb_structure/AF3/native/7uvh_7uvh/seed-9_sample-1/model.cif,7uvh_7uvh,9,1,/home/cseomoon/project/ABAG/DB/AbNb_structure/AF3/native/7uvh_7uvh/seed-9_sample-1/confidences.json,"[0.13, 0.51, 0.5]","[[0.84, 0.13, 0.13], [0.13, 0.89, 0.88], [0.13, 0.88, 0.87]]","[[0.76, 20.84, 20.57], [11.0, 0.76, 0.98], [11.19, 1.01, 0.76]]","[0.84, 0.89, 0.87]",0.0,0.0,0.47,0.6,0.5,custom,0.13,0.51,0.5,0.84,0.89,0.87,0.13,0.13,0.88,15.92,15.879999999999999,0.995,78.20982443306511,5.685868593051256,87.35372844827587,3.3990787156211892,86.10699882766704,3.5425389025389022,25.35839325088678,25.146836309994203,5.027041795894255,83.89018390300267,4.209162070403782,18.51075711892508,74.9057142857143,73.43375,2009.0,56.67224240915878,25.44334239130435,2290.0,61.8885327510917,24.872089761570827,3847.0,84.43447491551859,4.323924349881796,8146.0,67.66508335858968,18.213118834252324,0.04657189950464416,0.06331879340789312,0.38644905511210625,0.425125296711899,0.01046059964245371,0.010104432130840186,0.5114867549991255,0.010376602917283411,"[[0.638657697715958, 0, 0], [0.026754385964912267, 0.787938144329897, 0.6912631411277477], [0.025617283950617263, 0.6417192553443244, 0.749635333389436]]",0.013377192982456133,0.012808641975308632,0.666491198236036,0.2308923443979336,0.5499939719239056,0.5292378504354474,0.005233207524092051,0.2460748431451534,0.27792979976620197,39.7439216406751,37.58922199312461,0.47215904976535633,0.04373938619274884,0.04864665968882484,407.28597544742786,2014.8803528903054,72.0,37.0,0.7663108404746554,0.20213903761738722,/home/cseomoon/project/ABAG/DB/AbNb_structure/AF3/native/7uvh_7uvh/seed-9_sample-1/model.cif,/home/cseomoon/project/ABAG/DB/AbNb_structure/original_pdb/renum_fv_7uvh_1.pdb,0.11904761904761904,0.84375,2.5168159056101502,4.432293169157977,16.55824989909792,0.14345607586118295
/home/cseomoon/project/ABAG/DB/AbNb_structure/AF3/native/7uvh_7uvh/seed-9_sample-2/model.cif,7uvh_7uvh,9,2,/home/cseomoon/project/ABAG/DB/AbNb_structure/AF3/native/7uvh_7uvh/seed-9_sample-2/confidences.json,"[0.11, 0.49, 0.49]","[[0.83, 0.11, 0.11], [0.11, 0.88, 0.87], [0.11, 0.87, 0.87]]","[[0.76, 21.7, 22.79], [13.43, 0.76, 1.01], [13.43, 1.03, 0.76]]","[0.83, 0.88, 0.87]",0.0,0.0,0.46,0.59,0.49,custom,0.11,0.49,0.49,0.83,0.88,0.87,0.11,0.11,0.87,17.564999999999998,18.11,1.02,77.59404535479152,5.819250085999312,87.284375,3.3783430429481105,85.81470105509965,3.6044226044226044,26.582113411945166,26.616885306358988,5.076111357258898,83.56437380329704,4.267338577790009,19.42503669185435,74.92571428571429,73.34125,2087.0,52.00135601341639,26.6858501783591,1510.0,64.77989072847683,27.216690042075736,3824.0,84.30147620292887,3.9075141776937614,7421.0,67.0275743149407,19.270018132709534,0.048060076036741416,0.05621143020906334,0.39586176679845264,0.4321167378687911,0.009183077683387768,0.01009317040187995,0.5001388600261611,0.009492436260421353,"[[0.6298745210727971, 0, 0], [0, 0.7855819542107632, 0.6858479927830401], [0, 0.6362552483561753, 0.7451138533243487]]",0.0,0.0,0.6610516205696078,0.22035054018986924,0.5719296432541588,0.5431175566197721,0.0024931970536083018,0.2829251171792365,0.2576992423869274,47.481584195035055,37.58922199312461,0.3852675394502877,0.031051885242832707,0.04864665968882484,134.09042665807857,1844.4775515617346,83.0,17.0,0.7580227754834208,0.07269832400212357,/home/cseomoon/project/ABAG/DB/AbNb_structure/AF3/native/7uvh_7uvh/seed-9_sample-2/model.cif,/home/cseomoon/project/ABAG/DB/AbNb_structure/original_pdb/renum_fv_7uvh_1.pdb,0.0,1.0,2.4504959872702217,10.348024985219011,37.40364043129801,0.023228804448845963
/home/cseomoon/project/ABAG/DB/AbNb_structure/AF3/native/7uvh_7uvh/seed-9_sample-3/model.cif,7uvh_7uvh,9,3,/home/cseomoon/project/ABAG/DB/AbNb_structure/AF3/native/7uvh_7uvh/seed-9_sample-3/confidences.json,"[0.14, 0.51, 0.51]","[[0.84, 0.14, 0.14], [0.14, 0.88, 0.87], [0.14, 0.87, 0.87]]","[[0.76, 20.99, 20.17], [12.1, 0.76, 1.01], [11.98, 1.02, 0.76]]","[0.84, 0.88, 0.87]",0.0,0.0,0.48,0.61,0.51,custom,0.14,0.51,0.51,0.84,0.88,0.87,0.14,0.14,0.87,16.544999999999998,16.075000000000003,1.0150000000000001,78.26371616678858,5.694702442380461,87.38911637931035,3.3730727543693266,85.73577960140679,3.6727846027846027,24.936635988879303,24.76090564248459,5.095030276177817,83.79620404916857,4.246853266511463,18.264190635847235,75.14428571428572,71.36875,1621.0,61.9492843923504,24.8612426035503,2218.0,64.98667718665465,24.955787476280836,3880.0,83.99221907216494,3.795767195767196,7719.0,70.30939355039,17.870932425199445,0.049763637175285105,0.09146744207416534,0.38824672455229453,0.4647571024609978,0.010947349042734929,0.010572341085896247,0.5063791475398186,0.01060780344986978,"[[0.6382458347630485, 0, 0], [0, 0.7866328197117093, 0.6874137610783846], [0, 0.6337198528049136, 0.7416455660589691]]",0.0,0.0,0.660566806941649,0.22018893564721634,0.5357519771500446,0.511157101894936,0.004051602661211741,0.2388764383582558,0.26822906087546844,44.8305901530396,37.58922199312461,0.41281346247028544,0.03470167916387008,0.04864665968882484,391.5726643402622,1855.419392979395,76.0,32.0,0.6655237682733426,0.21104267090335985,/home/cseomoon/project/ABAG/DB/AbNb_structure/AF3/native/7uvh_7uvh/seed-9_sample-3/model.cif,/home/cseomoon/project/ABAG/DB/AbNb_structure/original_pdb/renum_fv_7uvh_1.pdb,0.0,1.0,2.454647074592274,14.516701595172327,57.83723779080456,0.010568656938343727
/home/cseomoon/project/ABAG/DB/AbNb_structure/AF3/native/7uvh_7uvh/seed-9_sample-4/model.cif,7uvh_7uvh,9,4,/home/cseomoon/project/ABAG/DB/AbNb_structure/AF3/native/7uvh_7uvh/seed-9_sample-4/confidences.json,"[0.14, 0.51, 0.51]","[[0.85, 0.15, 0.14], [0.15, 0.89, 0.88], [0.14, 0.88, 0.87]]","[[0.76, 21.22, 20.89], [11.38, 0.76, 0.98], [11.54, 1.01, 0.76]]","[0.85, 0.89, 0.87]",0.0,0.0,0.48,0.61,0.51,custom,0.14,0.51,0.51,0.85,0.89,0.87,0.15,0.14,0.88,16.3,16.215,0.995,78.6838551572787,5.560808393532851,87.62120689655173,3.2691776182089147,86.19752637749122,3.5814823914823912,24.86542277825712,24.754891733839102,4.9536294491212525,84.16752947710721,4.137156134408053,18.19131465373916,75.64142857142858,73.90125,1467.0,63.714171779141104,24.839478260869562,1845.0,65.08689701897019,25.219285714285714,3891.0,85.15574916473915,3.6240812379110254,7203.0,71.31893932095015,17.894281737688768,0.045389330349564314,0.07015863087514712,0.4142039579009857,0.4692437478129583,0.010838331925563004,0.01029340471729909,0.5346684784392252,0.010501244756701392,"[[0.6448930741344246, 0, 0], [0.029166666666666646, 0.7884781890674027, 0.6926890722958496], [0.015476190476190437, 0.644655617962714, 0.7512345157657658]]",0.014583333333333323,0.007738095238095218,0.6686723451292818,0.23033125790023679,0.5585784141982586,0.5387996039775048,0.003650517334220469,0.26567578739978154,0.26947329924350283,46.418629964881916,37.58922199312461,0.3960461476573874,0.03244363373117686,0.04864665968882484,68.74024640468491,1632.3115267500443,70.0,19.0,0.6639447055212309,0.04211221037049694,/home/cseomoon/project/ABAG/DB/AbNb_structure/AF3/native/7uvh_7uvh/seed-9_sample-4/model.cif,/home/cseomoon/project/ABAG/DB/AbNb_structure/original_pdb/renum_fv_7uvh_1.pdb,0.0,1.0,2.461062382350204,14.593220622875348,59.6023910702599,0.010129171511128817
/home/cseomoon/project/ABAG/DB/AbNb_structure/AF3/native/7uvh_7uvh/seed-10_sample-0/model.cif,7uvh_7uvh,10,0,/home/cseomoon/project/ABAG/DB/AbNb_structure/AF3/native/7uvh_7uvh/seed-10_sample-0/confidences.json,"[0.13, 0.51, 0.5]","[[0.72, 0.14, 0.13], [0.14, 0.88, 0.87], [0.13, 0.87, 0.87]]","[[0.76, 16.02, 21.25], [10.89, 0.76, 1.01], [11.53, 1.02, 0.76]]","[0.72, 0.88, 0.87]",0.01,0.0,0.47,0.6,0.5,custom,0.13,0.51,0.5,0.72,0.88,0.87,0.14,0.13,0.87,13.455,16.39,1.0150000000000001,67.7173811265545,9.982844857241142,87.0693426724138,3.3575938219753416,85.51385697538102,3.7148157248157245,24.914933851020994,25.469595911701177,5.078647910205287,80.10019359144978,5.685084801344069,18.48772589097582,74.31142857142858,72.13250000000001,2550.0,49.74157254901961,24.432275541795665,1340.0,49.48117537313433,26.086833333333335,3859.0,84.16909173360975,3.832736943907157,7749.0,61.13061321858789,18.11728193967872,0.04121759156096779,0.024646895785054433,0.40013850639571286,0.3693894293616052,0.008966085561301525,0.008467049195396578,0.5203370895287761,0.008782223011963188,"[[0.6090731660668024, 0, 0], [0.03276515151515149, 0.785743000378358, 0.6866323992484982], [0.019696969696969668, 0.6344290037429322, 0.7393330799121474]]",0.016382575757575745,0.009848484848484834,0.6605307014957151,0.2289205873672586,0.5512657538078483,0.5279596071833439,0.003769291784005185,0.26939338782479694,0.2547969275745418,54.30764182445778,37.58922199312461,0.32390240611835736,0.023911410605644542,0.04864665968882484,310.6817739977776,2123.9511052369226,77.0,26.0,0.7396183667382136,0.14627538893515238,/home/cseomoon/project/ABAG/DB/AbNb_structure/AF3/native/7uvh_7uvh/seed-10_sample-0/model.cif,/home/cseomoon/project/ABAG/DB/AbNb_structure/original_pdb/renum_fv_7uvh_1.pdb,0.0,1.0,5.053264594856914,14.68469188760623,58.86430882310698,0.010250578433350208
/home/cseomoon/project/ABAG/DB/AbNb_structure/AF3/native/7uvh_7uvh/seed-10_sample-1/model.cif,7uvh_7uvh,10,1,/home/cseomoon/project/ABAG/DB/AbNb_structure/AF3/native/7uvh_7uvh/seed-10_sample-1/confidences.json,"[0.12, 0.5, 0.5]","[[0.74, 0.13, 0.12], [0.13, 0.88, 0.88], [0.12, 0.88, 0.87]]","[[0.76, 19.17, 22.34], [11.0, 0.76, 1.01], [11.03, 1.02, 0.76]]","[0.74, 0.88, 0.87]",0.0,0.0,0.47,0.6,0.5,custom,0.12,0.5,0.5,0.74,0.88,0.87,0.13,0.12,0.88,15.085,16.685,1.0150000000000001,69.12198975859546,9.185331957344342,87.08939655172414,3.4052906110283154,85.71173505275496,3.6515970515970517,25.518478573482888,25.945940677519623,5.068904150051692,80.64104045435819,5.41407320665657,18.844441133684736,74.10000000000001,71.95875,1769.0,54.44960146975693,24.463571428571427,1619.0,63.185281037677576,26.829890109890112,3903.0,83.91965026902383,4.134753787878788,7291.0,67.18484425881944,18.476071775446776,0.0366050853240367,0.06067912078348314,0.39401272606949034,0.44003945484124163,0.010164119045485176,0.00975361909893915,0.5079757475264011,0.01025179367896413,"[[0.5732681078091706, 0, 0], [0.030158730158730135, 0.7858739187107477, 0.6880076933280275], [0.02619047619047617, 0.6362319416832339, 0.7419897457508076]]",0.015079365079365067,0.013095238095238085,0.6621198175056306,0.2300981402267446,0.5359571383029562,0.5143924916859495,0.004188526968672864,0.25262016572862644,0.25758379898865014,30.330782934681775,37.58922199312461,0.6056607544158216,0.07281751103233564,0.04864665968882484,29.61255925840436,1766.1984098420492,77.0,11.0,0.6634256010314012,0.01676626991247977,/home/cseomoon/project/ABAG/DB/AbNb_structure/AF3/native/7uvh_7uvh/seed-10_sample-1/model.cif,/home/cseomoon/project/ABAG/DB/AbNb_structure/original_pdb/renum_fv_7uvh_1.pdb,0.23809523809523808,0.6551724137931034,4.742693320609855,7.135397293657853,24.96406518801176,0.12810202736550957
/home/cseomoon/project/ABAG/DB/AbNb_structure/AF3/native/7uvh_7uvh/seed-10_sample-2/model.cif,7uvh_7uvh,10,2,/home/cseomoon/project/ABAG/DB/AbNb_structure/AF3/native/7uvh_7uvh/seed-10_sample-2/confidences.json,"[0.13, 0.5, 0.5]","[[0.74, 0.13, 0.13], [0.13, 0.88, 0.87], [0.13, 0.87, 0.86]]","[[0.76, 16.26, 22.07], [11.65, 0.76, 1.02], [12.31, 1.03, 0.76]]","[0.74, 0.88, 0.86]",0.0,0.0,0.47,0.6,0.5,custom,0.13,0.5,0.5,0.74,0.88,0.86,0.13,0.13,0.87,13.955000000000002,17.19,1.025,69.23791514264813,9.49983488132095,86.94368534482757,3.447872916948923,85.29663540445486,3.764668304668305,24.922308503499185,25.471658500605873,5.176325505833701,80.49274529731018,5.570792034312727,18.523430836646252,74.87142857142858,71.16125,2768.0,48.477749277456645,24.38296296296296,1145.0,61.48840174672489,25.59696,3945.0,83.16274651457542,4.294468085106383,7858.0,64.37629917958564,18.09146368268978,0.0509198191559674,0.02954900652216167,0.3917313686659493,0.39049360844008013,0.008819003558635123,0.010325373963540689,0.48444721149488695,0.00898657948633168,"[[0.5912510320042736, 0, 0], [0.024999999999999994, 0.7851826159136727, 0.6865228716476625], [0, 0.6280443715147148, 0.7334620361774553]]",0.012499999999999997,0.0,0.6572836215811886,0.22326120719372955,0.5818943961923755,0.5495290820911842,0.0028576901752241637,0.295068014221162,0.2516033776947981,52.89033302905998,37.58922199312461,0.3355906263237337,0.025177397609420664,0.04864665968882484,50.55041670721101,2064.444220745459,85.0,26.0,0.6444287047057639,0.02448621096139742,/home/cseomoon/project/ABAG/DB/AbNb_structure/AF3/native/7uvh_7uvh/seed-10_sample-2/model.cif,/home/cseomoon/project/ABAG/DB/AbNb_structure/original_pdb/renum_fv_7uvh_1.pdb,0.0,1.0,6.492786456415659,12.873650273660724,56.07610566605443,0.011951577797759823
/home/cseomoon/project/ABAG/DB/AbNb_structure/AF3/native/7uvh_7uvh/seed-10_sample-3/model.cif,7uvh_7uvh,10,3,/home/cseomoon/project/ABAG/DB/AbNb_structure/AF3/native/7uvh_7uvh/seed-10_sample-3/confidences.json,"[0.13, 0.5, 0.5]","[[0.73, 0.13, 0.13], [0.13, 0.88, 0.88], [0.13, 0.88, 0.87]]","[[0.76, 20.45, 21.64], [11.17, 0.76, 1.0], [10.87, 1.01, 0.76]]","[0.73, 0.88, 0.87]",0.04,0.0,0.47,0.6,0.52,custom,0.13,0.5,0.5,0.73,0.88,0.87,0.13,0.13,0.88,15.809999999999999,16.255,1.005,67.6535405998537,9.914286205710356,86.57231681034483,3.6030280449803556,85.63621336459555,3.671588861588862,25.3506519029815,25.371935092987723,5.187767685718505,79.95402359159802,5.729634370759857,18.63678489389591,72.55428571428571,71.75999999999999,2821.0,60.191658986175106,25.68894817073171,1014.0,56.45968441814596,26.006547619047616,4213.0,79.90007951578447,4.788571428571428,8048.0,65.51714097336851,18.82802240611692,0.08941414159471574,0.02909675514651367,0.33881318321652526,0.33885709501939926,0.010451948299654814,0.008588686132450066,0.2893296410623412,0.0104351133762804,"[[0.6023033678621622, 0, 0], [0.03039215686274507, 0.7836050336050336, 0.6879773086082791], [0.02438271604938269, 0.6301786987875426, 0.7400240080869345]]",0.015196078431372535,0.012191358024691346,0.6590780036979109,0.22882181338465823,0.5366362542594297,0.5108530948320353,0.0052265083855457285,0.26904102030482807,0.23658556614166149,39.089313038716675,37.58922199312461,0.4804441081037204,0.04514991789787627,0.04864665968882484,98.6643784986624,1756.341659012902,80.0,24.0,0.7041591529688238,0.056176073711144386,/home/cseomoon/project/ABAG/DB/AbNb_structure/AF3/native/7uvh_7uvh/seed-10_sample-3/model.cif,/home/cseomoon/project/ABAG/DB/AbNb_structure/original_pdb/renum_fv_7uvh_1.pdb,0.0,1.0,5.035360487269022,13.608813011180564,49.71101864342549,0.013469892025110659
/home/cseomoon/project/ABAG/DB/AbNb_structure/AF3/native/7uvh_7uvh/seed-10_sample-4/model.cif,7uvh_7uvh,10,4,/home/cseomoon/project/ABAG/DB/AbNb_structure/AF3/native/7uvh_7uvh/seed-10_sample-4/confidences.json,"[0.15, 0.51, 0.51]","[[0.74, 0.16, 0.15], [0.16, 0.88, 0.87], [0.15, 0.87, 0.86]]","[[0.76, 17.74, 21.31], [10.33, 0.76, 1.01], [10.46, 1.02, 0.76]]","[0.74, 0.88, 0.86]",0.0,0.0,0.49,0.61,0.51,custom,0.15,0.51,0.51,0.74,0.88,0.86,0.16,0.15,0.87,14.035,15.885,1.0150000000000001,69.39667885881494,9.227647058823528,87.04266163793103,3.4907600596125183,85.47678780773741,3.7025061425061425,24.360324992809893,24.541833939202363,5.144864126421504,80.63870943482779,5.473637753647396,18.015674352811253,73.95142857142856,71.745,2608.0,56.90950920245399,24.160852713178294,1617.0,56.352782931354355,24.897855750487327,3926.0,83.54876082526746,4.355705996131527,8151.0,65.60368431969194,17.804804819932382,0.07927052656427132,0.03690184516770433,0.38960055658394227,0.40169338773686175,0.010493332617638022,0.009516961525904795,0.4923352758443997,0.010281691750338402,"[[0.574259656129755, 0, 0], [0.04174311926605503, 0.7858799762329175, 0.6885010239634033], [0.039880952380952364, 0.6329974777645028, 0.7399152804751049]]",0.020871559633027514,0.019940476190476182,0.660749250863953,0.23385376222915225,0.5524592222071889,0.5291055122229256,0.004541384309318049,0.27239365316065056,0.25217047475295695,28.968387492401234,37.58922199312461,0.6273872793349664,0.07927212508890492,0.04864665968882484,94.59538068131394,1897.5113356523455,74.0,22.0,0.6690751315200522,0.04985234022267013,/home/cseomoon/project/ABAG/DB/AbNb_structure/AF3/native/7uvh_7uvh/seed-10_sample-4/model.cif,/home/cseomoon/project/ABAG/DB/AbNb_structure/original_pdb/renum_fv_7uvh_1.pdb,0.2857142857142857,0.7,5.437999582756591,10.400120620539608,24.396074098106364,0.13811511348092423
