precision,recall,thresholds
0.22303030303030302,1.0,1.9592577030812324
0.22316555488174653,1.0,1.9825350140056024
0.22330097087378642,1.0,1.989180672268908
0.22343655130540377,1.0,1.99562324929972
0.2235722964763062,1.0,2.0012885154061624
0.2237082066869301,1.0,2.003620448179272
0.22384428223844283,1.0,2.0125630252100843
0.22398052343274497,1.0,2.0201540616246496
0.2241169305724726,1.0,2.023781512605042
0.22425350396099938,1.0,2.0251960784313723
0.22439024390243903,1.0,2.0264145658263306
0.22452715070164733,1.0,2.02671568627451
0.22466422466422467,1.0,2.0276330532212885
0.22480146609651802,1.0,2.0320098039215684
0.22493887530562348,1.0,2.034922969187675
0.22507645259938838,1.0,2.0372619047619045
0.2252141982864137,1.0,2.038319327731092
0.22535211267605634,1.0,2.039516806722689
0.22549019607843138,1.0,2.040812324929972
0.22562844880441446,1.0,2.0412254901960782
0.22576687116564417,1.0,2.045574229691877
0.22590546347452425,1.0,2.048179271708684
0.22604422604422605,1.0,2.048760504201681
0.22618315918869084,1.0,2.050329131652661
0.22632226322263221,1.0,2.0509173669467784
0.22646153846153846,1.0,2.0538515406162463
0.22660098522167488,1.0,2.055518207282913
0.22674060382008626,1.0,2.056785714285714
0.22688039457459927,1.0,2.058228291316526
0.2270203578038248,1.0,2.058550420168068
0.2271604938271605,1.0,2.0589215686274507
0.22730080296479308,1.0,2.059495798319328
0.22744128553770088,1.0,2.060091036414566
0.22758194186765615,1.0,2.0673475300593944
0.2271039603960396,0.9972826086956522,2.0686274509803924
0.22724458204334366,0.9972826086956522,2.0732983193277312
0.22738537794299876,0.9972826086956522,2.0743417366946777
0.22752634841909486,0.9972826086956522,2.075112044817927
0.22766749379652607,0.9972826086956522,2.084460784313725
0.22780881440099318,0.9972826086956522,2.0869187675070027
0.22795031055900622,0.9972826086956522,2.097350804728672
0.22747047855811062,0.9945652173913043,2.098091439965817
0.2269900497512438,0.9918478260869565,2.09986962190352
0.2271313005600498,0.9918478260869565,2.103760148127048
0.2266500622665006,0.9891304347826086,2.1092294544936614
0.2261682242990654,0.9864130434782609,2.1095000712149266
0.2256857855361596,0.9836956521739131,2.111223472439824
0.2252027448533999,0.9809782608695652,2.112832929782082
0.2247191011235955,0.9782608695652174,2.1143711721976928
0.22423485321673953,0.9755434782608695,2.1163262349703027
0.22375,0.9728260869565217,2.118594217347956
0.22326454033771106,0.970108695652174,2.119933362306244
0.22340425531914893,0.970108695652174,2.1211719542228016
0.2229179711959925,0.967391304347826,2.125364145658263
0.22305764411027568,0.967391304347826,2.126014812704743
0.2225705329153605,0.9646739130434783,2.127047429141148
0.22208281053952322,0.9619565217391305,2.128820680814699
0.22159447583176398,0.9592391304347826,2.129030356616564
0.22110552763819097,0.9565217391304348,2.130008691873099
0.22061596480201132,0.9538043478260869,2.1306651474148985
0.2196349905601007,0.9483695652173914,2.132431277595784
0.21914357682619648,0.9456521739130435,2.13287993163367
0.21865154379332072,0.9429347826086957,2.134396809571286
0.21815889029003782,0.9402173913043478,2.1349268434014195
0.21766561514195584,0.9375,2.136426191510937
0.21717171717171718,0.9347826086956522,2.1425081897165645
0.21667719519898926,0.9320652173913043,2.143633385557613
0.21618204804045513,0.9293478260869565,2.1442743198974505
0.21568627450980393,0.9266304347826086,2.1474358974358974
0.21518987341772153,0.9239130434782609,2.149038598490244
0.21469284357188093,0.9211956521739131,2.1538384845463607
0.21419518377693283,0.9184782608695652,2.153888334995014
0.2136968928344959,0.9157608695652174,2.1548070075487824
0.2131979695431472,0.9130434782608695,2.156274035037744
0.2126984126984127,0.9103260869565217,2.156979062811565
0.2121982210927573,0.907608695652174,2.1579119783506626
0.21169739351557534,0.904891304347826,2.160169491525424
0.21119592875318066,0.9021739130434783,2.160654787773432
0.21069382558879696,0.8994565217391305,2.1610966246559467
0.21019108280254778,0.8967391304347826,2.16370887337986
0.20968769917144678,0.8940217391304348,2.164203969288715
0.20918367346938777,0.8913043478260869,2.165971316818774
0.20867900446713467,0.8885869565217391,2.166007532956685
0.2081736909323116,0.8858695652173914,2.1661373023785786
0.20766773162939298,0.8831521739130435,2.16684350132626
0.2078005115089514,0.8831521739130435,2.1697194131890045
0.2072936660268714,0.8804347826086957,2.173807149978636
0.20678617157490398,0.8777173913043478,2.174894973200058
0.2062780269058296,0.875,2.175583079820368
0.20576923076923076,0.8722826086956522,2.176930320150659
0.20525978191148173,0.8695652173913043,2.177350427350427
0.20474967907573813,0.8668478260869565,2.1776598775103264
0.20423892100192678,0.8641304347826086,2.1782936903574988
0.2037275064267352,0.8614130434782609,2.179081933392278
0.2032154340836013,0.8586956521739131,2.179951370468612
0.20334620334620335,0.8586956521739131,2.179966106690245
0.20283322601416612,0.8559782608695652,2.180363610024627
0.20231958762886598,0.8532608695652174,2.1807506053268764
0.20180528691166988,0.8505434782608695,2.18163367041732
0.20129032258064516,0.8478260869565217,2.183217441692018
0.20077469335054873,0.845108695652174,2.184224250325945
0.20025839793281655,0.842391304347826,2.1842387367811096
0.20038784744667099,0.842391304347826,2.184485006518905
0.1998706338939198,0.8396739130434783,2.1849095570431563
0.19935275080906148,0.8369565217391305,2.1853083606323884
0.19883419689119172,0.8342391304347826,2.185329725110383
0.1983149708360337,0.8315217391304348,2.1859119223526005
0.19779507133592736,0.8288043478260869,2.186447921193684
0.1972744970798183,0.8260869565217391,2.186469163936761
0.19675324675324676,0.8233695652173914,2.1876720266550773
0.19623131903833657,0.8206521739130435,2.188019701579024
0.19570871261378414,0.8179347826086957,2.188142836447921
0.1951854261548471,0.8152173913043478,2.1923004490801103
0.19466145833333334,0.8125,2.1924403183023875
0.19478827361563517,0.8125,2.193597778094289
0.19426336375488917,0.8097826086956522,2.193619142572284
0.19373776908023482,0.8070652173913043,2.1957989280023176
0.19321148825065274,0.8043478260869565,2.1965033471015527
0.19268451992161986,0.8016304347826086,2.1979074565281462
0.19215686274509805,0.7989130434782609,2.1999565406345067
0.19162851536952255,0.7961956521739131,2.2002172968274665
0.19109947643979058,0.7934782608695652,2.2015935100680863
0.1905697445972495,0.7907608695652174,2.204671881790526
0.19003931847968544,0.7880434782608695,2.204925394755903
0.18950819672131147,0.7853260869565217,2.2049366342469794
0.1889763779527559,0.782608695652174,2.205917716934666
0.18844386080105055,0.779891304347826,2.206316094451688
0.18791064388961892,0.7771739130434783,2.206634796465305
0.1873767258382643,0.7744565217391305,2.207294429708223
0.1875,0.7744565217391305,2.208336954947124
0.1869651086240948,0.7717391304347826,2.208403361344538
0.18642951251646903,0.7690217391304348,2.209438549955791
0.1865524060646012,0.7690217391304348,2.211486967668423
0.18601583113456466,0.7663043478260869,2.2136969433579603
0.18547854785478549,0.7635869565217391,2.214435265631676
0.18494055482166447,0.7608695652173914,2.2165574704458058
0.1844018506278916,0.7581521739130435,2.219027958858468
0.18386243386243387,0.7554347826086957,2.2203679559611764
0.18332230311052283,0.7527173913043478,2.221135738084891
0.18344370860927153,0.7527173913043478,2.221478043029767
0.18356527501656728,0.7527173913043478,2.221770403076485
0.1830238726790451,0.75,2.221903520208605
0.18248175182481752,0.7472826086956522,2.2231131392148344
0.18193891102257637,0.7445652173913043,2.2232169171824343
0.1813953488372093,0.7418478260869565,2.223570586501621
0.1815159574468085,0.7418478260869565,2.2282485875706213
0.18097139055222888,0.7391304347826086,2.228249336870027
0.1804260985352863,0.7364130434782609,2.2283427495291903
0.1798800799467022,0.7336956521739131,2.229972475735188
0.17933333333333334,0.7309782608695652,2.231522526437781
0.17878585723815876,0.7282608695652174,2.2341364574123195
0.17890520694259013,0.7282608695652174,2.23417354773287
0.17835671342685372,0.7255434782608695,2.234999275677242
0.17780748663101603,0.7228260869565217,2.2366724612487325
0.17725752508361203,0.720108695652174,2.2413370998116764
0.17670682730923695,0.717391304347826,2.2424255820807546
0.1768251841929002,0.717391304347826,2.244980443285528
0.17627345844504022,0.7146739130434783,2.2467695204983342
0.17572099262240107,0.7119565217391305,2.248478922207736
0.17516778523489934,0.7092391304347826,2.2487695254936635
0.17528542646071188,0.7092391304347826,2.249884108358685
0.17473118279569894,0.7065217391304348,2.251245210727969
0.17417619367854742,0.7038043478260869,2.251340996168582
0.17429340511440108,0.7038043478260869,2.251434159061278
0.17373737373737375,0.7010869565217391,2.2530131826741995
0.17318059299191374,0.6983695652173914,2.254230044908012
0.17262306136210384,0.6956521739130435,2.2558815007967548
0.1720647773279352,0.6929347826086957,2.2566018272914823
0.17218095881161377,0.6929347826086957,2.256926024167404
0.17162162162162162,0.6902173913043478,2.258723843206602
0.17173766058147397,0.6902173913043478,2.2597038019451814
0.17117726657645466,0.6875,2.261292191800666
0.17061611374407584,0.6847826086956522,2.2614795166519306
0.17073170731707318,0.6847826086956522,2.262313060817548
0.17016949152542374,0.6820652173913043,2.262363689949897
0.17028493894165536,0.6820652173913043,2.2631962864721484
0.1697216564833673,0.6793478260869565,2.263349268434014
0.16915760869565216,0.6766304347826086,2.265131102419238
0.16859279401767505,0.6739130434782609,2.265819209039548
0.16802721088435374,0.6711956521739131,2.2674329501915707
0.168141592920354,0.6711956521739131,2.268223960596842
0.167574931880109,0.6684782608695652,2.269952844090775
0.16768916155419222,0.6684782608695652,2.27109952194698
0.16712141882673942,0.6657608695652174,2.272425032594524
0.16655290102389078,0.6630434782608695,2.274322133804892
0.16666666666666666,0.6630434782608695,2.27438844680224
0.16678058783321942,0.6630434782608695,2.274631594459181
0.16689466484268126,0.6630434782608695,2.2751774590757643
0.16632443531827515,0.6603260869565217,2.277756048095031
0.16575342465753426,0.657608695652174,2.2785165869911634
0.16518163125428376,0.654891304347826,2.278603505722149
0.1646090534979424,0.6521739130434783,2.278654208315225
0.16403568977350722,0.6494565217391305,2.280711284948573
0.16346153846153846,0.6467391304347826,2.28135593220339
0.16288659793814433,0.6440217391304348,2.282087498189193
0.1623108665749656,0.6413043478260869,2.2838113863537592
0.16173434273916035,0.6385869565217391,2.2850572214978992
0.16115702479338842,0.6358695652173914,2.2856027114647803
0.16126809097174363,0.6358695652173914,2.286640079760718
0.1606896551724138,0.6331521739130435,2.2879081425281127
0.1601104209799862,0.6304347826086957,2.2881994309714133
0.1595303867403315,0.6277173913043478,2.2886064030131825
0.15894955079474776,0.625,2.28961321164711
0.15836791147994467,0.6222826086956522,2.294304450338933
0.15778546712802768,0.6195652173913043,2.2946958406719955
0.15789473684210525,0.6195652173913043,2.2956238992006504
0.1573111573111573,0.6168478260869565,2.296516007532957
0.15672676837725383,0.6141304347826086,2.297863247863248
0.15614156835530882,0.6114130434782609,2.298909519599175
0.15625,0.6114130434782609,2.29894973200058
0.1556636553161918,0.6086956521739131,2.299105812220566
0.15507649513212796,0.6059782608695652,2.3015694076038904
0.15518441196938065,0.6059782608695652,2.302057076633348
0.15459610027855153,0.6032608695652174,2.3023178328263074
0.154006968641115,0.6005434782608695,2.302571345791685
0.15341701534170155,0.5978260869565217,2.3034188034188032
0.15282623866015352,0.595108695652174,2.303962045487469
0.15223463687150837,0.592391304347826,2.305258583224685
0.15164220824598182,0.5896739130434783,2.3060639552018865
0.15104895104895105,0.5869565217391305,2.31078691423519
0.15115465360391883,0.5869565217391305,2.3109734897870493
0.15056022408963585,0.5842391304347826,2.3110241923801245
0.14996496145760335,0.5815217391304348,2.3136092670369868
0.14936886395511922,0.5788043478260869,2.3136899498968466
0.14947368421052631,0.5788043478260869,2.3144792119368387
0.14887640449438203,0.5760869565217391,2.315451835794608
0.1482782853127196,0.5733695652173914,2.31623086302669
0.14767932489451477,0.5706521739130435,2.316854084812356
0.1470795214637579,0.5679347826086957,2.317579313342025
0.14647887323943662,0.5652173913043478,2.31782956238992
0.14658210007047218,0.5652173913043478,2.317992177314211
0.1459802538787024,0.5625,2.31858826717247
0.14537755822159493,0.5597826086956522,2.318601815472158
0.14477401129943504,0.5570652173913043,2.318622137921691
0.14487632508833923,0.5570652173913043,2.319151093727365
0.14427157001414428,0.5543478260869565,2.319157295759382
0.14366595895258316,0.5516304347826086,2.319672855879752
0.14376770538243627,0.5516304347826086,2.320119225037258
0.14316087880935507,0.5489130434782609,2.3228017883755587
0.14326241134751774,0.5489130434782609,2.323574041457797
0.1426543647977289,0.5461956521739131,2.325836607505758
0.14275568181818182,0.5461956521739131,2.3259887005649715
0.14214641080312723,0.5434782608695652,2.329153991018398
0.1415362731152205,0.5407608695652174,2.3292981980761414
0.14163701067615658,0.5407608695652174,2.33034188034188
0.14102564102564102,0.5380434782608695,2.330617122990005
0.14041339985744833,0.5353260869565217,2.3307410919929543
0.1398002853067047,0.532608695652174,2.331852052567403
0.13990007137758745,0.532608695652174,2.3323804362552503
0.1392857142857143,0.529891304347826,2.333517536103743
0.13867047891350964,0.5271739130434783,2.3336133315268937
0.13876967095851217,0.5271739130434783,2.33548457192525
0.1381531853972799,0.5244565217391305,2.335855575125322
0.13825214899713467,0.5244565217391305,2.338138463622815
0.13763440860215054,0.5217391304347826,2.338269967580312
0.13773314203730272,0.5217391304347826,2.341491667795692
0.13711414213926776,0.5190217391304348,2.34165929855585
0.1372126436781609,0.5190217391304348,2.342071912761568
0.13731128684399713,0.5190217391304348,2.342433274624035
0.1366906474820144,0.5163043478260869,2.3428735943639074
0.13606911447084233,0.5135869565217391,2.3431242379081425
0.13544668587896252,0.5108695652173914,2.343706814794744
0.13482335976928622,0.5081521739130435,2.347148082915594
0.1341991341991342,0.5054347826086957,2.348042270695028
0.13357400722021662,0.5027173913043478,2.3490516190218127
0.13367052023121387,0.5027173913043478,2.349532583660751
0.13376717281272596,0.5027173913043478,2.3502641918439235
0.13314037626628075,0.5,2.3511380571738245
0.1332367849384504,0.5,2.3511448313236687
0.13260869565217392,0.49728260869565216,2.3512057986722668
0.1319796954314721,0.4945652173913043,2.3523845007451563
0.1320754716981132,0.4945652173913043,2.3534209456713184
0.13217138707334786,0.4945652173913043,2.3611995284409075
0.13226744186046513,0.4945652173913043,2.3644424874678225
0.13163636363636363,0.49184782608695654,2.3667795691640694
0.13100436681222707,0.4891304347826087,2.371325023709524
0.13109978150036417,0.4891304347826087,2.37157566725376
0.13119533527696792,0.4891304347826087,2.372144695840672
0.13129102844638948,0.4891304347826087,2.372178013557324
0.13138686131386862,0.4891304347826087,2.3760262837013952
0.13075237399561723,0.48641304347826086,2.3770424061780244
0.1301169590643275,0.483695652173913,2.377997561306056
0.1302121433796635,0.483695652173913,2.387665574704458
0.13030746705710103,0.483695652173913,2.3906022408963588
0.12967032967032968,0.48097826086956524,2.41297535963538
0.12976539589442815,0.48097826086956524,2.415648286140089
0.12986060161408658,0.48097826086956524,2.431057422969188
0.12922173274596183,0.4782608695652174,2.4427380952380955
0.12858192505510654,0.47554347826086957,2.442990196078431
0.12794117647058822,0.47282608695652173,2.44816534040672
0.1280353200883002,0.47282608695652173,2.4491316526610647
0.12739322533136965,0.4701086956521739,2.450007002801121
0.12675018422991893,0.4673913043478261,2.457156862745098
0.1261061946902655,0.46467391304347827,2.4654691876750703
0.12546125461254612,0.46195652173913043,2.4694817927170867
0.12481536189069424,0.4592391304347826,2.47571470674919
0.12490761271249076,0.4592391304347826,2.482721780135573
0.125,0.4592391304347826,2.488306808134394
0.12509252405625462,0.4592391304347826,2.4884615384615385
0.12518518518518518,0.4592391304347826,2.4901119952844093
0.12527798369162343,0.4592391304347826,2.4966036414565824
0.12462908011869436,0.45652173913043476,2.4979203359978324
0.12472160356347439,0.45652173913043476,2.499893177610028
0.12481426448736999,0.45652173913043476,2.507876510462717
0.12490706319702602,0.45652173913043476,2.517243640178337
0.12425595238095238,0.453804347826087,2.517361657487543
0.12360387192851824,0.45108695652173914,2.519805481874448
0.12369597615499255,0.45108695652173914,2.52000442086649
0.12378821774794929,0.45108695652173914,2.538028770830366
0.12388059701492538,0.45108695652173914,2.5383634809856144
0.1239731142643764,0.45108695652173914,2.5533399800598207
0.12406576980568013,0.45108695652173914,2.562897023216066
0.12415856394913986,0.45108695652173914,2.564235190097259
0.12425149700598802,0.45108695652173914,2.566806722689076
0.12434456928838951,0.45108695652173914,2.567925517964857
0.12368815592203898,0.4483695652173913,2.576086027631391
0.12378094523630907,0.4483695652173913,2.577779963283504
0.12312312312312312,0.44565217391304346,2.594630394530694
0.12321562734785875,0.44565217391304346,2.59529897718332
0.12255639097744361,0.4429347826086957,2.595534924845269
0.12264860797592174,0.4429347826086957,2.59610454351232
0.12274096385542169,0.4429347826086957,2.5979543666404408
0.12207987942727958,0.44021739130434784,2.599010112519584
0.12217194570135746,0.44021739130434784,2.599100449775112
0.12226415094339622,0.44021739130434784,2.604332833583209
0.12235649546827794,0.44021739130434784,2.605621868552903
0.12244897959183673,0.44021739130434784,2.6063381284717275
0.12254160363086233,0.44021739130434784,2.606877786519801
0.12187736563209689,0.4375,2.610437975347495
0.12121212121212122,0.43478260869565216,2.61296787503684
0.12130401819560273,0.43478260869565216,2.6145151783082814
0.12139605462822459,0.43478260869565216,2.615866771570942
0.12072892938496584,0.4320652173913043,2.619705170203675
0.12082066869300911,0.4320652173913043,2.6284717276741203
0.12091254752851711,0.4320652173913043,2.6289050987326847
0.12100456621004566,0.4320652173913043,2.629569892473118
0.12033511043412033,0.42934782608695654,2.6308360632388545
0.12042682926829268,0.42934782608695654,2.6331647913402647
0.12051868802440885,0.42934782608695654,2.635215781227745
0.12061068702290076,0.42934782608695654,2.641390115368181
0.12070282658517953,0.42934782608695654,2.6420089955022483
0.12079510703363915,0.42934782608695654,2.644607843137255
0.12012241775057383,0.4266304347826087,2.648924731182796
0.11944869831546708,0.42391304347826086,2.65390969947301
0.11954022988505747,0.42391304347826086,2.656003418316479
0.1196319018404908,0.42391304347826086,2.6585600341831648
0.11972371450498849,0.42391304347826086,2.6604899586953428
0.11981566820276497,0.42391304347826086,2.6618786497649904
0.11990776325903152,0.42391304347826086,2.663096425010682
0.12,0.42391304347826086,2.6633359559402043
0.11932255581216321,0.421195652173913,2.668365817091454
0.11941448382126348,0.421195652173913,2.669819114086313
0.1195065535851966,0.421195652173913,2.676762569434554
0.11959876543209877,0.421195652173913,2.677325167355077
0.11969111969111969,0.421195652173913,2.6777136431784108
0.11978361669242658,0.421195652173913,2.678107789142408
0.11910286156225831,0.41847826086956524,2.6790343255946447
0.11919504643962849,0.41847826086956524,2.679226605896596
0.1192873741285825,0.41847826086956524,2.6804481792717083
0.1186046511627907,0.4157608695652174,2.6816641679160416
0.1186966640806827,0.4157608695652174,2.684270915289798
0.11801242236024845,0.41304347826086957,2.6847901049475267
0.11810411810411811,0.41304347826086957,2.687038980509745
0.1181959564541213,0.41304347826086957,2.6875295043273013
0.11750972762645914,0.41032608695652173,2.689437450826121
0.11682242990654206,0.4076086956521739,2.691226321036889
0.11691348402182385,0.4076086956521739,2.691356821589205
0.11700468018720749,0.4076086956521739,2.692315909414613
0.117096018735363,0.4076086956521739,2.692341987936009
0.11640625,0.4048913043478261,2.6925153112092297
0.1164972634870993,0.4048913043478261,2.6938683948155537
0.11658841940532082,0.4048913043478261,2.69437031484258
0.11667971808927173,0.4048913043478261,2.6959803921568626
0.11598746081504702,0.40217391304347827,2.697247899159664
0.11529411764705882,0.39945652173913043,2.698536868028393
0.11538461538461539,0.39945652173913043,2.699415292353823
0.11547525530243519,0.39945652173913043,2.6998275862068963
0.11556603773584906,0.39945652173913043,2.7007539994754786
0.11487018095987411,0.3967391304347826,2.70102549494374
0.11496062992125984,0.3967391304347826,2.704902548725637
0.11505122143420016,0.3967391304347826,2.705049138299388
0.11514195583596215,0.3967391304347826,2.706176911544228
0.11523283346487766,0.3967391304347826,2.706799100449775
0.11532385466034756,0.3967391304347826,2.70704825596643
0.11462450592885376,0.39402173913043476,2.7081256231306083
0.11471518987341772,0.39402173913043476,2.712166416791604
0.11480601741884403,0.39402173913043476,2.712503278258589
0.11410459587955626,0.391304347826087,2.713770614692654
0.11419508326724821,0.391304347826087,2.714506480558325
0.11428571428571428,0.391304347826087,2.7170203674690216
0.11437648927720413,0.391304347826087,2.7190786614515434
0.11446740858505565,0.391304347826087,2.7196286472148543
0.11455847255369929,0.391304347826087,2.720921846315237
0.11385350318471338,0.38858695652173914,2.721706454465075
0.11394422310756971,0.38858695652173914,2.723245877061469
0.11403508771929824,0.38858695652173914,2.7234920010490424
0.11332801276935354,0.3858695652173913,2.7244152923538234
0.1134185303514377,0.3858695652173913,2.7255704169944925
0.11270983213429256,0.38315217391304346,2.7258728089236564
0.1128,0.38315217391304346,2.7272338830584704
0.11289031224979984,0.38315217391304346,2.7276536731634184
0.11298076923076923,0.38315217391304346,2.728101974653699
0.11307137129109864,0.38315217391304346,2.7299108313663782
0.11235955056179775,0.3804347826086957,2.7315410910126765
0.11244979919678715,0.3804347826086957,2.7320538384845463
0.11254019292604502,0.3804347826086957,2.7324887556221884
0.11263073209975864,0.3804347826086957,2.732500736811082
0.11272141706924316,0.3804347826086957,2.7343255946446376
0.11281224818694602,0.3804347826086957,2.7348806713873586
0.11209677419354838,0.37771739130434784,2.7357067925517966
0.11138014527845036,0.375,2.735805140309468
0.11066235864297254,0.37228260869565216,2.7358709585529133
0.11075181891673404,0.37228260869565216,2.7365403788634097
0.11084142394822007,0.37228260869565216,2.736810082572795
0.11012145748987855,0.3695652173913043,2.739936974789916
0.11021069692058347,0.3695652173913043,2.7416601101494886
0.10948905109489052,0.36684782608695654,2.742053973013493
0.10957792207792208,0.36684782608695654,2.7434041437188568
0.10885458976441917,0.3641304347826087,2.7445947870673697
0.10894308943089431,0.3641304347826087,2.7456830363610027
0.10903173311635476,0.3641304347826087,2.745862837660635
0.10830618892508144,0.36141304347826086,2.747472737989979
0.10839445802770986,0.36141304347826086,2.7493928035982003
0.10848287112561175,0.36141304347826086,2.749685287175452
0.10775510204081633,0.358695652173913,2.751448990296355
0.10702614379084967,0.35597826086956524,2.751593233674273
0.10629599345870809,0.3532608695652174,2.7518140929535235
0.10638297872340426,0.3532608695652174,2.752683658170915
0.10647010647010648,0.3532608695652174,2.7538005997001496
0.10655737704918032,0.3532608695652174,2.7539580209895056
0.1066447908121411,0.3532608695652174,2.755761287565874
0.10673234811165845,0.3532608695652174,2.758621820089169
0.10599835661462613,0.35054347826086957,2.7592009685230026
0.10608552631578948,0.35054347826086957,2.761255975662756
0.10617283950617284,0.35054347826086957,2.7620237577864697
0.10543657331136738,0.34782608695652173,2.763230884557721
0.1055234954657873,0.34782608695652173,2.7632773109243702
0.10478547854785479,0.3451086956521739,2.764198349543177
0.10487200660611065,0.3451086956521739,2.7683058470764617
0.10495867768595041,0.3451086956521739,2.768796175575837
0.10421836228287841,0.3423913043478261,2.7723163841807907
0.10430463576158941,0.3423913043478261,2.773105895987252
0.1043910521955261,0.3423913043478261,2.7755396204548752
0.10364842454394693,0.33967391304347827,2.775836592785745
0.10290456431535269,0.33695652173913043,2.778205128205128
0.10299003322259136,0.33695652173913043,2.779385307346327
0.10307564422277639,0.33695652173913043,2.780434782608696
0.10316139767054909,0.33695652173913043,2.781228691319172
0.10241465445462115,0.3342391304347826,2.7836431784107947
0.1025,0.3342391304347826,2.7837856071964016
0.10258548790658882,0.3342391304347826,2.784057656091554
0.1018363939899833,0.33152173913043476,2.7840676632572783
0.1010860484544695,0.328804347826087,2.7847036454235514
0.10033444816053512,0.32608695652173914,2.7849174771588565
0.100418410041841,0.32608695652173914,2.786021505376344
0.09966499162479062,0.3233695652173913,2.7899753730262207
0.0989103101424979,0.32065217391304346,2.790388145816942
0.09815436241610738,0.3179347826086957,2.791247685514884
0.0982367758186398,0.3179347826086957,2.791378179910832
0.09747899159663866,0.31521739130434784,2.793332022029898
0.09671993271656855,0.3125,2.7940037031761853
0.0968013468013468,0.3125,2.7943792553962044
0.09688289806234204,0.3125,2.7950648055832503
0.09696458684654301,0.3125,2.7954636091724825
0.0970464135021097,0.3125,2.7958038290060325
0.09628378378378379,0.30978260869565216,2.796595683036361
0.09551986475063398,0.3070652173913043,2.796942234011199
0.09560067681895093,0.3070652173913043,2.79771833202203
0.09483488569009314,0.30434782608695654,2.798185907046477
0.09491525423728814,0.30434782608695654,2.80019556714472
0.09499575911789652,0.30434782608695654,2.8042807475010867
0.09507640067911714,0.30434782608695654,2.8086121975952483
0.09430756159728122,0.3016304347826087,2.811038313630537
0.09438775510204081,0.3016304347826087,2.8142867668729736
0.09446808510638298,0.3016304347826087,2.815909414613303
0.09454855195911414,0.3016304347826087,2.8168622338113862
0.09462915601023018,0.3016304347826087,2.817477158856469
0.0947098976109215,0.3016304347826087,2.81851368970013
0.09479077711357814,0.3016304347826087,2.820029985007496
0.09487179487179487,0.3016304347826087,2.8203969288715056
0.09409751924721985,0.29891304347826086,2.827408373171085
0.09417808219178082,0.29891304347826086,2.829545125307837
0.09425878320479864,0.29891304347826086,2.829619805481874
0.09433962264150944,0.29891304347826086,2.832543821526872
0.09356223175965665,0.296195652173913,2.8344777632913227
0.09278350515463918,0.29347826086956524,2.835201538242416
0.09286328460877043,0.29347826086956524,2.838584673330436
0.09208261617900172,0.2907608695652174,2.838898050974513
0.0921619293712317,0.2907608695652174,2.8389323482543825
0.09137931034482759,0.28804347826086957,2.839649427785021
0.090595340811044,0.28532608695652173,2.841803161942744
0.09067357512953368,0.28532608695652173,2.8421846315237347
0.0898876404494382,0.2826086956521739,2.8424737631184405
0.08996539792387544,0.2826086956521739,2.8460760575416613
0.09004329004329005,0.2826086956521739,2.8471157954707302
0.09012131715771231,0.2826086956521739,2.8484427060698247
0.08933217692974849,0.2798913043478261,2.848732435173113
0.08854166666666667,0.27717391304347827,2.8489104116222763
0.08861859252823631,0.27717391304347827,2.851723888164566
0.08869565217391304,0.27717391304347827,2.852267130233232
0.08790252393385553,0.27445652173913043,2.854150369404606
0.08710801393728224,0.2717391304347826,2.854179342314936
0.08631211857018309,0.26902173913043476,2.858659735080473
0.08638743455497382,0.26902173913043476,2.861726785455599
0.08558951965065502,0.266304347826087,2.866327733569113
0.08566433566433566,0.266304347826087,2.866521862982481
0.0857392825896763,0.266304347826087,2.867883528900478
0.08581436077057793,0.266304347826087,2.868081469876086
0.08588957055214724,0.266304347826087,2.868622338113864
0.08508771929824561,0.26358695652173914,2.868836348098562
0.08516242317822652,0.26358695652173914,2.869363395225464
0.0852372583479789,0.26358695652173914,2.86976011994003
0.0853122251539138,0.26358695652173914,2.8697981137636304
0.08538732394366197,0.26358695652173914,2.870014992503748
0.08546255506607929,0.26358695652173914,2.8700347674923945
0.08465608465608465,0.2608695652173913,2.870232832301798
0.08473080317740513,0.2608695652173913,2.87071912761568
0.08480565371024736,0.2608695652173913,2.8714706749189505
0.08488063660477453,0.2608695652173913,2.872325375773652
0.08495575221238938,0.2608695652173913,2.872597995873857
0.08503100088573959,0.2608695652173913,2.872708517536104
0.0851063829787234,0.2608695652173913,2.8736656671664167
0.08518189884649512,0.2608695652173913,2.875554106910039
0.08436944937833037,0.25815217391304346,2.8790414470873094
0.08444444444444445,0.25815217391304346,2.879752431476569
0.08451957295373666,0.25815217391304346,2.879767839339125
0.08459483526268922,0.25815217391304346,2.8809575546863684
0.08377896613190731,0.2554347826086957,2.8822944297082227
0.08385370205173952,0.2554347826086957,2.883230884557721
0.08392857142857142,0.2554347826086957,2.883378436120211
0.0840035746201966,0.2554347826086957,2.8854553492484527
0.08407871198568873,0.2554347826086957,2.8871867304070693
0.08415398388540735,0.2554347826086957,2.887348953728264
0.08422939068100359,0.2554347826086957,2.887512675648269
0.08340807174887892,0.25271739130434784,2.888085742771685
0.08348294434470377,0.25271739130434784,2.889858994445236
0.08355795148247978,0.25271739130434784,2.890400227887765
0.08363309352517985,0.25271739130434784,2.8906345067362014
0.08280828082808281,0.25,2.8910403772472737
0.08288288288288288,0.25,2.89143284432417
0.0829576194770063,0.25,2.891757207011444
0.08303249097472924,0.25,2.8937128784586417
0.08220415537488708,0.24728260869565216,2.894647676161919
0.08227848101265822,0.24728260869565216,2.8950149551345965
0.08235294117647059,0.24728260869565216,2.8955397301349324
0.08242753623188406,0.24728260869565216,2.89767127189859
0.08250226654578423,0.24728260869565216,2.900586701434159
0.08257713248638839,0.24728260869565216,2.902217801355732
0.08265213442325159,0.24728260869565216,2.902954612437372
0.08272727272727273,0.24728260869565216,2.905244096769521
0.0818926296633303,0.24456521739130435,2.906461833185971
0.08196721311475409,0.24456521739130435,2.906769115442279
0.0820419325432999,0.24456521739130435,2.908920539730135
0.08211678832116788,0.24456521739130435,2.9124626121635098
0.0821917808219178,0.24456521739130435,2.912519584104828
0.08226691042047532,0.24456521739130435,2.91262157382847
0.08234217749313816,0.24456521739130435,2.913060817547358
0.08241758241758242,0.24456521739130435,2.913189004415325
0.08249312557286893,0.24456521739130435,2.9151331719128333
0.08256880733944955,0.24456521739130435,2.923102122204814
0.08264462809917356,0.24456521739130435,2.923990568818155
0.08272058823529412,0.24456521739130435,2.925147362216328
0.0827966881324747,0.24456521739130435,2.92690499928785
0.08287292817679558,0.24456521739130435,2.930990274093722
0.08294930875576037,0.24456521739130435,2.932438399088449
0.08302583025830258,0.24456521739130435,2.9325808289417465
0.08310249307479224,0.24456521739130435,2.93356071964018
0.08317929759704251,0.24456521739130435,2.9343796050692603
0.08325624421831637,0.24456521739130435,2.93472439823387
0.08333333333333333,0.24456521739130435,2.9349950149551347
0.08341056533827618,0.24456521739130435,2.945509745127437
0.08348794063079777,0.24456521739130435,2.945940749181029
0.08356545961002786,0.24456521739130435,2.9476071784646063
0.08364312267657993,0.24456521739130435,2.9483976641504057
0.08372093023255814,0.24456521739130435,2.9505157677571465
0.08379888268156424,0.24456521739130435,2.9519967580312407
0.08387698042870456,0.24456521739130435,2.952699045719984
0.08395522388059702,0.24456521739130435,2.9549475262368814
0.08403361344537816,0.24456521739130435,2.956859336520353
0.08411214953271028,0.24456521739130435,2.957164221620852
0.08419083255378859,0.24456521739130435,2.9577766699900296
0.08426966292134831,0.24456521739130435,2.9583107819398946
0.08434864104967198,0.24456521739130435,2.960064839375184
0.08442776735459662,0.24456521739130435,2.9606893604899587
0.08450704225352113,0.24456521739130435,2.9671912832929785
0.08458646616541353,0.24456521739130435,2.9677040307648483
0.08466603951081844,0.24456521739130435,2.9682025352513888
0.0847457627118644,0.24456521739130435,2.9701330532212884
0.08482563619227144,0.24456521739130435,2.9710511323173336
0.08490566037735849,0.24456521739130435,2.97125350140056
0.08498583569405099,0.24456521739130435,2.9720481412904145
0.08506616257088846,0.24456521739130435,2.972927170868348
0.08514664143803216,0.24456521739130435,2.973102122204814
0.08522727272727272,0.24456521739130435,2.9737644210226466
0.08530805687203792,0.24456521739130435,2.9742415610311923
0.08538899430740038,0.24456521739130435,2.9749579831932773
0.08547008547008547,0.24456521739130435,2.975872382851445
0.08555133079847908,0.24456521739130435,2.978372026776813
0.08563273073263558,0.24456521739130435,2.9814355742296925
0.08571428571428572,0.24456521739130435,2.9819115442278856
0.08579599618684461,0.24456521739130435,2.98314342686227
0.08587786259541985,0.24456521739130435,2.983414043583535
0.08595988538681948,0.24456521739130435,2.983834211650762
0.08604206500956023,0.24456521739130435,2.9845819683805725
0.0861244019138756,0.24456521739130435,2.9850021364477994
0.08620689655172414,0.24456521739130435,2.9873949579831933
0.0862895493767977,0.24456521739130435,2.987800883065091
0.08637236084452975,0.24456521739130435,2.9904429568437547
0.08645533141210375,0.24456521739130435,2.995470730665148
0.08653846153846154,0.24456521739130435,2.995534824099132
0.08662175168431184,0.24456521739130435,2.9959905996296823
0.08670520231213873,0.24456521739130435,2.99872525281299
0.08678881388621022,0.24456521739130435,2.9992878507335137
0.08687258687258688,0.24456521739130435,2.9999715140293404
0.08695652173913043,0.24456521739130435,3.000733513744481
0.08704061895551257,0.24456521739130435,3.003475288420453
0.08712487899322362,0.24456521739130435,3.003646204244409
0.0872093023255814,0.24456521739130435,3.003945306936334
0.08729388942774007,0.24456521739130435,3.004952017716536
0.08737864077669903,0.24456521739130435,3.006019746536988
0.08746355685131195,0.24456521739130435,3.0131594459180664
0.08754863813229571,0.24456521739130435,3.013345677253952
0.08763388510223953,0.24456521739130435,3.014570573992309
0.08771929824561403,0.24456521739130435,3.015788349238
0.08780487804878048,0.24456521739130435,3.018389355742297
0.087890625,0.24456521739130435,3.018825523135868
0.08797653958944282,0.24456521739130435,3.02073778664008
0.08806262230919765,0.24456521739130435,3.022520915354331
0.0881488736532811,0.24456521739130435,3.02258225324028
0.08823529411764706,0.24456521739130435,3.0235009257940466
0.08832188420019627,0.24456521739130435,3.026291830708661
0.08840864440078586,0.24456521739130435,3.03084318473152
0.08849557522123894,0.24456521739130435,3.0310995584674547
0.08858267716535433,0.24456521739130435,3.036466535433071
0.08866995073891626,0.24456521739130435,3.038207431102362
0.08875739644970414,0.24456521739130435,3.042439714566929
0.08884501480750247,0.24456521739130435,3.045641646489104
0.08893280632411067,0.24456521739130435,3.051374448084318
0.08902077151335312,0.24456521739130435,3.064419392867669
0.0891089108910891,0.24456521739130435,3.0658595641646493
0.08919722497522299,0.24456521739130435,3.07085999015748
0.08928571428571429,0.24456521739130435,3.0716596948818897
0.08937437934458789,0.24456521739130435,3.074963090551181
0.08946322067594434,0.24456521739130435,3.077921998031496
0.08955223880597014,0.24456521739130435,3.078617125984252
0.08964143426294821,0.24456521739130435,3.082098917322835
0.0897308075772682,0.24456521739130435,3.0884165846456693
0.08982035928143713,0.24456521739130435,3.090044153254522
0.0899100899100899,0.24456521739130435,3.0941105255661587
0.09,0.24456521739130435,3.0951929924512176
0.09009009009009009,0.24456521739130435,3.0967454778521577
0.09018036072144289,0.24456521739130435,3.0977423720472443
0.09027081243731194,0.24456521739130435,3.100042728955989
0.09036144578313253,0.24456521739130435,3.101236466535433
0.09045226130653267,0.24456521739130435,3.104002278877653
0.09054325955734406,0.24456521739130435,3.1076912120780515
0.09063444108761329,0.24456521739130435,3.11047619047619
0.0907258064516129,0.24456521739130435,3.113515406162465
0.09081735620585267,0.24456521739130435,3.114050196850393
0.09090909090909091,0.24456521739130435,3.1175070028011205
0.0910010111223458,0.24456521739130435,3.1224859943977594
0.09109311740890688,0.24456521739130435,3.1230376476377955
0.0911854103343465,0.24456521739130435,3.124083415354331
0.09127789046653144,0.24456521739130435,3.127902723208238
0.09137055837563451,0.24456521739130435,3.1294475885826767
0.09146341463414634,0.24456521739130435,3.130413385826772
0.09155645981688708,0.24456521739130435,3.131015406162465
0.09164969450101833,0.24456521739130435,3.1327940452755905
0.09174311926605505,0.24456521739130435,3.1336989032901297
0.09183673469387756,0.24456521739130435,3.137188434695912
0.09193054136874361,0.24456521739130435,3.1373954232283463
0.09202453987730061,0.24456521739130435,3.137447500338708
0.09211873080859775,0.24456521739130435,3.137765275601766
0.09221311475409837,0.24456521739130435,3.138072096456693
0.09230769230769231,0.24456521739130435,3.1388718011811023
0.09240246406570841,0.24456521739130435,3.1423159094146134
0.09249743062692703,0.24456521739130435,3.1427349901574804
0.09259259259259259,0.24456521739130435,3.14312324929972
0.09268795056642637,0.24456521739130435,3.1452871148459383
0.09278350515463918,0.24456521739130435,3.1488004429133856
0.09287925696594428,0.24456521739130435,3.1521345964566923
0.09297520661157024,0.24456521739130435,3.152519983742041
0.09307135470527404,0.24456521739130435,3.153069363338555
0.09316770186335403,0.24456521739130435,3.1533123249299724
0.09326424870466321,0.24456521739130435,3.153900098425197
0.09336099585062241,0.24456521739130435,3.1549159663865542
0.09345794392523364,0.24456521739130435,3.155419319875356
0.09355509355509356,0.24456521739130435,3.155903361344538
0.09365244536940687,0.24456521739130435,3.156171250508061
0.09375,0.24456521739130435,3.157121848739496
0.09384775808133472,0.24456521739130435,3.1574434055118106
0.09394572025052192,0.24456521739130435,3.159009619292779
0.09404388714733543,0.24456521739130435,3.159572829131653
0.09414225941422594,0.24456521739130435,3.1604699803149607
0.09424083769633508,0.24456521739130435,3.162832929782082
0.09433962264150944,0.24456521739130435,3.163439913290882
0.0944386149003148,0.24456521739130435,3.165255905511811
0.09453781512605042,0.24456521739130435,3.168551488391967
0.0946372239747634,0.24456521739130435,3.169906496062992
0.09473684210526316,0.24456521739130435,3.1704478346456693
0.09483667017913593,0.24456521739130435,3.170755995122612
0.0949367088607595,0.24456521739130435,3.172041092519685
0.09503695881731784,0.24456521739130435,3.172044817927171
0.09513742071881606,0.24456521739130435,3.172696078431372
0.09523809523809523,0.24456521739130435,3.173262430564964
0.09533898305084745,0.24456521739130435,3.1736274509803923
0.09544008483563096,0.24456521739130435,3.1757689468503933
0.09554140127388536,0.24456521739130435,3.176249821962684
0.09564293304994687,0.24456521739130435,3.176981438829426
0.09574468085106383,0.24456521739130435,3.177212885154062
0.09584664536741214,0.24456521739130435,3.179005602240897
0.09594882729211088,0.24456521739130435,3.1796198326771656
0.096051227321238,0.24456521739130435,3.1803580216535434
0.09615384615384616,0.24456521739130435,3.1806530280449805
0.0962566844919786,0.24456521739130435,3.1807072829131653
0.09635974304068523,0.24456521739130435,3.1810854341736694
0.09646302250803858,0.24456521739130435,3.1815126050420166
0.09656652360515021,0.24456521739130435,3.1816946778711483
0.0966702470461869,0.24456521739130435,3.181748277559055
0.0967741935483871,0.24456521739130435,3.1820891478119497
0.0968783638320775,0.24456521739130435,3.183051077089825
0.09698275862068965,0.24456521739130435,3.183101624015748
0.0970873786407767,0.24456521739130435,3.184283972361469
0.09719222462203024,0.24456521739130435,3.184392358758976
0.0972972972972973,0.24456521739130435,3.186281512605042
0.09740259740259741,0.24456521739130435,3.18628912071535
0.09750812567713976,0.24456521739130435,3.18654653840943
0.09761388286334056,0.24456521739130435,3.187093996062992
0.09771986970684039,0.24456521739130435,3.188334913968297
0.09782608695652174,0.24456521739130435,3.1888165266106445
0.09793253536452666,0.24456521739130435,3.188931039154586
0.09803921568627451,0.24456521739130435,3.189832001083864
0.09814612868047982,0.24456521739130435,3.1908473389355745
0.0982532751091703,0.24456521739130435,3.191776182089148
0.09836065573770492,0.24456521739130435,3.194495086170061
0.09846827133479212,0.24456521739130435,3.194516806722689
0.09857612267250822,0.24456521739130435,3.195156482861401
0.09868421052631579,0.24456521739130435,3.1964145658263305
0.09879253567508232,0.24456521739130435,3.1964435713317974
0.0989010989010989,0.24456521739130435,3.1969488188976376
0.09900990099009901,0.24456521739130435,3.1974655511811023
0.09911894273127753,0.24456521739130435,3.197885154061624
0.09922822491730982,0.24456521739130435,3.1981100121934696
0.09933774834437085,0.24456521739130435,3.198683473389356
0.09944751381215469,0.24456521739130435,3.2005252100840336
0.09955752212389381,0.24456521739130435,3.201097412274759
0.09966777408637874,0.24456521739130435,3.201239669421488
0.09977827050997783,0.24456521739130435,3.2017545048096463
0.09988901220865705,0.24456521739130435,3.204133858267717
0.1,0.24456521739130435,3.205967810853155
0.10011123470522804,0.24456521739130435,3.206176181102362
0.10022271714922049,0.24456521739130435,3.2075350140056025
0.10033444816053512,0.24456521739130435,3.207797046470668
0.10044642857142858,0.24456521739130435,3.208466386554622
0.1005586592178771,0.24456521739130435,3.208483021653543
0.10067114093959731,0.24456521739130435,3.208852116141732
0.10078387458006718,0.24456521739130435,3.212708305107709
0.10089686098654709,0.24456521739130435,3.214453781512605
0.10101010101010101,0.24456521739130435,3.2158403361344536
0.10112359550561797,0.24456521739130435,3.216372311636519
0.10123734533183353,0.24456521739130435,3.2164544099715484
0.10135135135135136,0.24456521739130435,3.218403361344538
0.10146561443066517,0.24456521739130435,3.218480273465318
0.10158013544018059,0.24456521739130435,3.218830532212885
0.1016949152542373,0.24456521739130435,3.2194553583525267
0.10180995475113122,0.24456521739130435,3.220175070028011
0.10192525481313704,0.24456521739130435,3.220868347338936
0.10204081632653061,0.24456521739130435,3.22233893557423
0.1021566401816118,0.24456521739130435,3.222560975609756
0.10227272727272728,0.24456521739130435,3.22266106442577
0.10238907849829351,0.24456521739130435,3.224136295894865
0.10250569476082004,0.24456521739130435,3.226120448179272
0.10262257696693272,0.24456521739130435,3.227767240211353
0.10273972602739725,0.24456521739130435,3.227875626608861
0.10285714285714286,0.24456521739130435,3.227990196078431
0.10297482837528604,0.24456521739130435,3.229244004877388
0.10309278350515463,0.24456521739130435,3.229803921568627
0.10321100917431193,0.24456521739130435,3.230182072829132
0.10332950631458095,0.24456521739130435,3.232841078444655
0.10344827586206896,0.24456521739130435,3.233579460777672
0.10356731875719218,0.24456521739130435,3.2338375350140054
0.10368663594470046,0.24456521739130435,3.234717517951497
0.10380622837370242,0.24456521739130435,3.2368581493022623
0.10392609699769054,0.24456521739130435,3.2374089635854344
0.10404624277456648,0.24456521739130435,3.2374745969380845
0.10416666666666667,0.24456521739130435,3.238504267714402
0.10428736964078796,0.24456521739130435,3.240560224089636
0.10440835266821345,0.24456521739130435,3.2405742296918767
0.10452961672473868,0.24456521739130435,3.2408548977103373
0.10465116279069768,0.24456521739130435,3.2411624649859947
0.10477299185098952,0.24456521739130435,3.242668067226891
0.1048951048951049,0.24456521739130435,3.2433545590028454
0.10501750291715285,0.24456521739130435,3.247584033613445
0.10514018691588785,0.24456521739130435,3.248929684324617
0.10526315789473684,0.24456521739130435,3.2499929971988792
0.1053864168618267,0.24456521739130435,3.250567226890756
0.10550996483001172,0.24456521739130435,3.251120448179272
0.1056338028169014,0.24456521739130435,3.253228291316527
0.10575793184488837,0.24456521739130435,3.2561422569897145
0.10588235294117647,0.24456521739130435,3.2578151260504207
0.10600706713780919,0.24456521739130435,3.2614415390868445
0.10613207547169812,0.24456521739130435,3.2694697342519685
0.10625737898465171,0.24456521739130435,3.2726750700280114
0.10638297872340426,0.24456521739130435,3.2728571428571422
0.10650887573964497,0.24456521739130435,3.2729761904761903
0.1066350710900474,0.24456521739130435,3.273099850968704
0.10676156583629894,0.24456521739130435,3.2756740279094974
0.10688836104513064,0.24456521739130435,3.2765546673892425
0.1070154577883472,0.24456521739130435,3.277977362204725
0.10714285714285714,0.24456521739130435,3.285126050420168
0.10727056019070322,0.24456521739130435,3.2851680672268904
0.10739856801909307,0.24456521739130435,3.287637176534345
0.10752688172043011,0.24456521739130435,3.288478100393701
0.1076555023923445,0.24456521739130435,3.2885434173669474
0.10778443113772455,0.24456521739130435,3.2897689075630248
0.1079136690647482,0.24456521739130435,3.290007002801121
0.10804321728691477,0.24456521739130435,3.2902240896358546
0.10817307692307693,0.24456521739130435,3.2922268907563024
0.10830324909747292,0.24456521739130435,3.294430992736077
0.10843373493975904,0.24456521739130435,3.29498599439776
0.10856453558504221,0.24456521739130435,3.295273109243697
0.10869565217391304,0.24456521739130435,3.2954341736694674
0.10882708585247884,0.24456521739130435,3.29740777666999
0.1089588377723971,0.24456521739130435,3.29751388700718
0.10909090909090909,0.24456521739130435,3.298130334643002
0.10922330097087378,0.24456521739130435,3.3007633053221284
0.10935601458080195,0.24456521739130435,3.301919291338583
0.10948905109489052,0.24456521739130435,3.302955182072829
0.10962241169305725,0.24456521739130435,3.3042541661021536
0.10975609756097561,0.24456521739130435,3.306043417366947
0.10989010989010989,0.24456521739130435,3.308501558054465
0.1100244498777506,0.24456521739130435,3.309908963585434
0.11015911872705018,0.24456521739130435,3.310379545125308
0.11029411764705882,0.24456521739130435,3.3115092805852866
0.11042944785276074,0.24456521739130435,3.312878151260504
0.11056511056511056,0.24456521739130435,3.3130952380952383
0.11070110701107011,0.24456521739130435,3.3143837535014007
0.11083743842364532,0.24456521739130435,3.3196450345481647
0.11097410604192355,0.24456521739130435,3.319859943977592
0.1111111111111111,0.24456521739130435,3.322233893557423
0.11124845488257108,0.24456521739130435,3.3226663053786747
0.11138613861386139,0.24456521739130435,3.3232040517126484
0.11166253101736973,0.24456521739130435,3.323215011516055
0.11180124223602485,0.24456521739130435,3.3239669421487603
0.11194029850746269,0.24456521739130435,3.3290406162464983
0.11207970112079702,0.24456521739130435,3.332001083863975
0.11221945137157108,0.24456521739130435,3.3327240896358545
0.11235955056179775,0.24456521739130435,3.333362687982658
0.1125,0.24456521739130435,3.3341620376642727
0.11264080100125157,0.24456521739130435,3.3342857142857145
0.11278195488721804,0.24456521739130435,3.3373319327731097
0.11292346298619825,0.24456521739130435,3.338872549019608
0.11306532663316583,0.24456521739130435,3.339337968998985
0.11320754716981132,0.24456521739130435,3.3397236146863567
0.11335012594458438,0.24456521739130435,3.3409969345595094
0.11363636363636363,0.24456521739130435,3.3413515406162464
0.11378002528445007,0.24456521739130435,3.344698879551821
0.11392405063291139,0.24456521739130435,3.346118412139276
0.11406844106463879,0.24456521739130435,3.349485164611841
0.11421319796954314,0.24456521739130435,3.349844194553583
0.11435832274459974,0.24456521739130435,3.3534943977591034
0.11450381679389313,0.24456521739130435,3.3573499525809507
0.11464968152866242,0.24456521739130435,3.358596396152283
0.11479591836734694,0.24456521739130435,3.3599789915966385
0.11494252873563218,0.24456521739130435,3.360070028011205
0.11508951406649616,0.24456521739130435,3.3611841213927653
0.11523687580025609,0.24456521739130435,3.3620098039215685
0.11538461538461539,0.24456521739130435,3.362359943977591
0.11553273427471117,0.24456521739130435,3.3637478341996534
0.11583011583011583,0.24456521739130435,3.3649229691876754
0.11597938144329897,0.24456521739130435,3.368710201869665
0.11612903225806452,0.24456521739130435,3.370371851259496
0.11642949547218628,0.24456521739130435,3.3706384113021457
0.11673151750972763,0.24456521739130435,3.370837284920743
0.11688311688311688,0.24456521739130435,3.3709116353458617
0.1171875,0.24456521739130435,3.3725243236038915
0.1174934725848564,0.24456521739130435,3.374170166644086
0.11764705882352941,0.24456521739130435,3.3746638655462182
0.11780104712041885,0.24456521739130435,3.3751702158481818
0.11795543905635648,0.24456521739130435,3.3759803921568627
0.11811023622047244,0.24456521739130435,3.3765693722511
0.11842105263157894,0.24456521739130435,3.378421964547514
0.11873350923482849,0.24456521739130435,3.3798638273214547
0.11756935270805813,0.2418478260869565,3.3800980392156865
0.11772486772486772,0.2418478260869565,3.3859922697587628
0.11803713527851459,0.2418478260869565,3.38667199786752
0.11835106382978723,0.2418478260869565,3.387864854058377
0.11866666666666667,0.2418478260869565,3.3879971988795523
0.11882510013351134,0.2418478260869565,3.3917717086834736
0.11898395721925134,0.2418478260869565,3.3918699186991867
0.1193029490616622,0.2418478260869565,3.3919232307077167
0.1196236559139785,0.2418478260869565,3.3919537815126053
0.11978465679676985,0.2418478260869565,3.3925755317707624
0.11994609164420485,0.2418478260869565,3.392642942822871
0.12027027027027028,0.2418478260869565,3.393375982940157
0.12059620596205962,0.2418478260869565,3.394082283065334
0.12075983717774763,0.2418478260869565,3.3952240896358545
0.12092391304347826,0.2418478260869565,3.3955629318520524
0.12108843537414966,0.2418478260869565,3.3970345195255227
0.12141882673942701,0.2418478260869565,3.401432760229241
0.12175102599179206,0.2418478260869565,3.4037885154061627
0.12191780821917808,0.2418478260869565,3.4058935103644497
0.12208504801097393,0.2418478260869565,3.4069719413189
0.12225274725274725,0.2418478260869565,3.408683473389356
0.12242090784044017,0.2418478260869565,3.41244168999067
0.12275862068965518,0.2418478260869565,3.4127731092436973
0.12292817679558012,0.2418478260869565,3.4186694677871152
0.12309820193637622,0.2418478260869565,3.42000700280112
0.12326869806094183,0.2418478260869565,3.421190476190477
0.12343966712898752,0.2418478260869565,3.423383979741437
0.12378303198887343,0.2418478260869565,3.423892426500474
0.12395543175487465,0.2418478260869565,3.424063707850193
0.12430167597765363,0.2418478260869565,3.4246342170070982
0.12307692307692308,0.2391304347826087,3.4254165000666403
0.12342215988779803,0.2391304347826087,3.4265427162468343
0.12376933895921238,0.2391304347826087,3.426806722689076
0.12394366197183099,0.2391304347826087,3.4276889244302287
0.12429378531073447,0.2391304347826087,3.4287114845938373
0.12446958981612447,0.2391304347826087,3.429656862745098
0.12464589235127478,0.2391304347826087,3.430661068905771
0.125,0.2391304347826087,3.430812324929972
0.1251778093883357,0.2391304347826087,3.431847261095561
0.12553495007132667,0.2391304347826087,3.432794117647059
0.12571428571428572,0.2391304347826087,3.4336834733893555
0.12589413447782546,0.2391304347826087,3.433886445421831
0.12625538020086083,0.2391304347826087,3.434459549513528
0.12661870503597122,0.2391304347826087,3.43453081232493
0.12680115273775217,0.2391304347826087,3.4360389177662265
0.12716763005780346,0.2391304347826087,3.4366986538717845
0.12753623188405797,0.2391304347826087,3.4390120237577864
0.1262699564586357,0.23641304347826086,3.4393442622950823
0.12663755458515283,0.23641304347826086,3.439811678634332
0.12682215743440234,0.23641304347826086,3.439870718379315
0.12719298245614036,0.23641304347826086,3.4434290746511307
0.1273792093704246,0.23641304347826086,3.444698879551821
0.12756598240469208,0.23641304347826086,3.4454551512728244
0.12794117647058822,0.23641304347826086,3.44599493535919
0.12831858407079647,0.23641304347826086,3.447640943622551
0.128698224852071,0.23641304347826086,3.447679063360882
0.1288888888888889,0.23641304347826086,3.4482616253802694
0.12759643916913946,0.23369565217391305,3.4533053445288555
0.12797619047619047,0.23369565217391305,3.4552512328401974
0.12835820895522387,0.23369565217391305,3.457521008403362
0.12855007473841554,0.23369565217391305,3.4583263305322123
0.12874251497005987,0.23369565217391305,3.46093837535014
0.12893553223388307,0.23369565217391305,3.461260504201681
0.12912912912912913,0.23369565217391305,3.4614954018392643
0.12951807228915663,0.23369565217391305,3.462132406200203
0.1282051282051282,0.23097826086956522,3.4634670098902585
0.1283987915407855,0.23097826086956522,3.463746556473829
0.12859304084720122,0.23097826086956522,3.464439775910364
0.12878787878787878,0.23097826086956522,3.464686356862213
0.12898330804248861,0.23097826086956522,3.4650350140056028
0.12917933130699089,0.23097826086956522,3.465290453426047
0.1278538812785388,0.22826086956521738,3.4666733306677324
0.1282442748091603,0.22826086956521738,3.467387955182073
0.12844036697247707,0.22826086956521738,3.467507002801121
0.12863705972434916,0.22826086956521738,3.469143850499783
0.1273006134969325,0.22554347826086957,3.4697549019607847
0.12749615975422426,0.22554347826086957,3.472697587631614
0.12788906009244994,0.22554347826086957,3.4730672268907563
0.12808641975308643,0.22554347826086957,3.473931623931624
0.1267387944358578,0.22282608695652173,3.474610155937625
0.12713178294573643,0.22282608695652173,3.4754498200719715
0.12752721617418353,0.22282608695652173,3.4757891884568486
0.1277258566978193,0.22282608695652173,3.4758366075057583
0.12792511700468018,0.22282608695652173,3.477002801120448
0.128125,0.22282608695652173,3.477828480370853
0.1267605633802817,0.22010869565217392,3.478263074025786
0.12539184952978055,0.21739130434782608,3.479801412768226
0.12578616352201258,0.21739130434782608,3.481189337968999
0.12440944881889764,0.21467391304347827,3.4825420168067227
0.12460567823343849,0.21467391304347827,3.482853525256564
0.125,0.21467391304347827,3.484712781554045
0.1253968253968254,0.21467391304347827,3.487549019607843
0.12559618441971382,0.21467391304347827,3.48763085399449
0.12579617834394904,0.21467391304347827,3.488588154269973
0.12599681020733652,0.21467391304347827,3.4911368785819006
0.1264,0.21467391304347827,3.4914495798319325
0.1266025641025641,0.21467391304347827,3.492216501829021
0.12680577849117175,0.21467391304347827,3.493312672176308
0.1270096463022508,0.21467391304347827,3.4964300230321097
0.12721417069243157,0.21467391304347827,3.4964565826330527
0.12741935483870967,0.21467391304347827,3.496577134986226
0.12762520193861066,0.21467391304347827,3.497211357380849
0.1262135922330097,0.21195652173913043,3.498984593837535
0.12641815235008103,0.21195652173913043,3.503498478922208
0.125,0.20923913043478262,3.5049380247900843
0.1254071661237785,0.20923913043478262,3.510002897291033
0.12398042414355628,0.20652173913043478,3.511292507790272
0.12418300653594772,0.20652173913043478,3.5116398667246123
0.12274959083469722,0.20380434782608695,3.5132768361581923
0.12131147540983607,0.20108695652173914,3.513278236914601
0.12151067323481117,0.20108695652173914,3.513414457482254
0.12006578947368421,0.1983695652173913,3.514198618073431
0.12026359143327842,0.1983695652173913,3.514909903807072
0.12046204620462046,0.1983695652173913,3.5187724910035985
0.12086092715231789,0.1983695652173913,3.5200854700854696
0.11940298507462686,0.1956521739130435,3.5203027669129363
0.11794019933554817,0.19293478260869565,3.52115566996342
0.11813643926788686,0.19293478260869565,3.5241851368970014
0.11666666666666667,0.19021739130434784,3.5318872451019594
0.11705685618729098,0.19021739130434784,3.537570621468926
0.11557788944723618,0.1875,3.5384253223236275
0.11409395973154363,0.18478260869565216,3.539997102708968
0.11260504201680673,0.18206521739130435,3.54056207446038
0.1111111111111111,0.1793478260869565,3.541411479846176
0.11129848229342328,0.1793478260869565,3.541735477328697
0.1097972972972973,0.1766304347826087,3.5418151528321022
0.10829103214890017,0.17391304347826086,3.542128437881046
0.10847457627118644,0.17391304347826086,3.5496003251591928
0.10865874363327674,0.17391304347826086,3.551113445378151
0.10884353741496598,0.17391304347826086,3.553688933200399
0.10902896081771721,0.17391304347826086,3.555825380999857
0.10921501706484642,0.17391304347826086,3.5586773866434886
0.1076923076923077,0.17119565217391305,3.558937473294403
0.10787671232876712,0.17119565217391305,3.559321230185612
0.10806174957118353,0.17119565217391305,3.5601332753875123
0.10652920962199312,0.16847826086956522,3.5602264634667424
0.10671256454388985,0.16847826086956522,3.5608104258652613
0.10689655172413794,0.16847826086956522,3.56219035202086
0.10535405872193437,0.16576086956521738,3.5640702479338846
0.10553633217993079,0.16576086956521738,3.56428364479212
0.10398613518197573,0.16304347826086957,3.564347649370004
0.10416666666666667,0.16304347826086957,3.5649622560888767
0.10434782608695652,0.16304347826086957,3.565587318791492
0.10452961672473868,0.16304347826086957,3.566429283577838
0.10471204188481675,0.16304347826086957,3.5688389107167047
0.1048951048951049,0.16304347826086957,3.569811992593648
0.10507880910683012,0.16304347826086957,3.570505351578377
0.10526315789473684,0.16304347826086957,3.5706950576840906
0.1054481546572935,0.16304347826086957,3.5724757351876
0.10387323943661972,0.16032608695652173,3.575170215848182
0.10229276895943562,0.15760869565217392,3.575566158666857
0.10247349823321555,0.15760869565217392,3.5756060606060607
0.10265486725663717,0.15760869565217392,3.5760860276313915
0.10283687943262411,0.15760869565217392,3.577033186155818
0.10301953818827708,0.15760869565217392,3.5780964797913954
0.10142348754448399,0.15489130434782608,3.578112947658402
0.10160427807486631,0.15489130434782608,3.578329297820823
0.10178571428571428,0.15489130434782608,3.5785962624945675
0.1001788908765653,0.15217391304347827,3.578925619834711
0.1003584229390681,0.15217391304347827,3.5802549616108936
0.09874326750448834,0.14945652173913043,3.581254527017239
0.09712230215827339,0.14673913043478262,3.5824888226527567
0.0972972972972973,0.14673913043478262,3.582947658402204
0.09747292418772563,0.14673913043478262,3.5834710155248537
0.09764918625678119,0.14673913043478262,3.5837986041874377
0.09782608695652174,0.14673913043478262,3.583941034040735
0.09800362976406533,0.14673913043478262,3.58479646530494
0.09636363636363636,0.14402173913043478,3.585542517745908
0.0947176684881603,0.14130434782608695,3.5879005839623987
0.0948905109489051,0.14130434782608695,3.588000284859707
0.09506398537477148,0.14130434782608695,3.588700718059884
0.09523809523809523,0.14130434782608695,3.5890329012961115
0.09541284403669725,0.14130434782608695,3.590813274462327
0.09558823529411764,0.14130434782608695,3.59146133029483
0.09576427255985268,0.14130434782608695,3.591625124626121
0.0959409594095941,0.14130434782608695,3.592589531680441
0.09611829944547134,0.14130434782608695,3.592963965247116
0.0962962962962963,0.14130434782608695,3.593354559002845
0.09647495361781076,0.14130434782608695,3.5933770118216777
0.09665427509293681,0.14130434782608695,3.594553092858178
0.09497206703910614,0.13858695652173914,3.5952352392376383
0.09532710280373832,0.13858695652173914,3.596103143560771
0.09363295880149813,0.1358695652173913,3.5972724683093578
0.09380863039399624,0.1358695652173913,3.5998916136024928
0.09398496240601503,0.1358695652173913,3.600113943882638
0.09416195856873823,0.1358695652173913,3.600569028586912
0.09433962264150944,0.1358695652173913,3.600961401509757
0.0945179584120983,0.1358695652173913,3.6012605042016808
0.0946969696969697,0.1358695652173913,3.601637943312918
0.09487666034155598,0.1358695652173913,3.6017011019283744
0.09505703422053231,0.1358695652173913,3.602200541233443
0.09523809523809523,0.1358695652173913,3.604037886340977
0.09541984732824428,0.1358695652173913,3.6043870523415977
0.09560229445506692,0.1358695652173913,3.604963680387409
0.09578544061302682,0.1358695652173913,3.605182072829132
0.09596928982725528,0.1358695652173913,3.6052912690499928
0.09615384615384616,0.1358695652173913,3.60620994160376
0.09633911368015415,0.1358695652173913,3.606760601544506
0.09652509652509653,0.1358695652173913,3.6085397653194256
0.09477756286266925,0.1331521739130435,3.609607438016529
0.09496124031007752,0.1331521739130435,3.610404500783364
0.09514563106796116,0.1331521739130435,3.6104828372026776
0.09533073929961089,0.1331521739130435,3.611421216637312
0.09551656920077972,0.1331521739130435,3.611864406779661
0.09375,0.13043478260869565,3.6123154044167456
0.09393346379647749,0.13043478260869565,3.612612163509472
0.09411764705882353,0.13043478260869565,3.613787878787879
0.09430255402750491,0.13043478260869565,3.6137943312918384
0.09448818897637795,0.13043478260869565,3.6146560319042873
0.09467455621301775,0.13043478260869565,3.615880928642643
0.09486166007905138,0.13043478260869565,3.615946348733234
0.09504950495049505,0.13043478260869565,3.6163498622589527
0.09523809523809523,0.13043478260869565,3.616425619834711
0.09542743538767395,0.13043478260869565,3.616439393939394
0.09561752988047809,0.13043478260869565,3.618398590976832
0.09580838323353294,0.13043478260869565,3.622469855033193
0.096,0.13043478260869565,3.622720498577429
0.09619238476953908,0.13043478260869565,3.6233677685950414
0.0963855421686747,0.13043478260869565,3.624910981341689
0.096579476861167,0.13043478260869565,3.627224517906337
0.0967741935483871,0.13043478260869565,3.627828207559951
0.09696969696969697,0.13043478260869565,3.628078512396694
0.09716599190283401,0.13043478260869565,3.629285714285714
0.0973630831643002,0.13043478260869565,3.6311024192380126
0.09552845528455285,0.12771739130434784,3.631446280991736
0.09572301425661914,0.12771739130434784,3.6326017673475306
0.09387755102040816,0.125,3.632813981845279
0.09406952965235174,0.125,3.632877009995654
0.09221311475409837,0.12228260869565218,3.6336447921193686
0.09034907597535935,0.11956521739130435,3.6374204037393305
0.09053497942386832,0.11956521739130435,3.639330725771404
0.088659793814433,0.11684782608695653,3.6400826446280994
0.08884297520661157,0.11684782608695653,3.640502754820937
0.08902691511387163,0.11684782608695653,3.640577157566725
0.08921161825726141,0.11684782608695653,3.640963284107844
0.0893970893970894,0.11684782608695653,3.64232093663912
0.08958333333333333,0.11684782608695653,3.643124237908143
0.08977035490605428,0.11684782608695653,3.643246172605338
0.0899581589958159,0.11684782608695653,3.64423519848259
0.09014675052410902,0.11684782608695653,3.645556188577126
0.09033613445378151,0.11684782608695653,3.645876655747045
0.09052631578947369,0.11684782608695653,3.6470445805440814
0.09071729957805907,0.11684782608695653,3.647429141147984
0.09090909090909091,0.11684782608695653,3.64784435261708
0.09110169491525423,0.11684782608695653,3.649600325159192
0.09129511677282377,0.11684782608695653,3.653244817775369
0.09148936170212765,0.11684782608695653,3.654016521862982
0.09168443496801706,0.11684782608695653,3.654894957983193
0.09188034188034189,0.11684782608695653,3.655244096769521
0.08993576017130621,0.11413043478260869,3.6558815426997247
0.09012875536480687,0.11413043478260869,3.656460055096419
0.09032258064516129,0.11413043478260869,3.6571349862258953
0.09051724137931035,0.11413043478260869,3.657787114845939
0.09071274298056156,0.11413043478260869,3.66063725490196
0.09090909090909091,0.11413043478260869,3.662103433289874
0.08893709327548807,0.11141304347826086,3.662114845938375
0.0891304347826087,0.11141304347826086,3.663746556473829
0.08932461873638345,0.11141304347826086,3.6645378151260495
0.08951965065502183,0.11141304347826086,3.6647038567493113
0.08971553610503283,0.11141304347826086,3.665728291316527
0.08991228070175439,0.11141304347826086,3.6667727950142255
0.09010989010989011,0.11141304347826086,3.667041731947017
0.09030837004405286,0.11141304347826086,3.6704105134805576
0.09050772626931568,0.11141304347826086,3.671818181818181
0.09070796460176991,0.11141304347826086,3.674269972451791
0.09090909090909091,0.11141304347826086,3.6744903581267216
0.09111111111111111,0.11141304347826086,3.674545454545455
0.09131403118040089,0.11141304347826086,3.675409836065573
0.09151785714285714,0.11141304347826086,3.675943526170799
0.09172259507829977,0.11141304347826086,3.677022083728492
0.09192825112107623,0.11141304347826086,3.677604660615093
0.09213483146067415,0.11141304347826086,3.6796143250688704
0.09234234234234234,0.11141304347826086,3.681356749311295
0.09255079006772009,0.11141304347826086,3.686776859504133
0.09276018099547512,0.11141304347826086,3.688606442577031
0.09297052154195011,0.11141304347826086,3.689745179063361
0.09318181818181819,0.11141304347826086,3.6927218344965103
0.09339407744874716,0.11141304347826086,3.692754820936639
0.09360730593607305,0.11141304347826086,3.693219076005961
0.09382151029748284,0.11141304347826086,3.6946831955922863
0.09403669724770643,0.11141304347826086,3.6955742296918768
0.09425287356321839,0.11141304347826086,3.6992217630854
0.0944700460829493,0.11141304347826086,3.69973924380704
0.09237875288683603,0.10869565217391304,3.70265406162465
0.09259259259259259,0.10869565217391304,3.7027299823872095
0.09280742459396751,0.10869565217391304,3.7032990109741233
0.09302325581395349,0.10869565217391304,3.707093663911846
0.09324009324009325,0.10869565217391304,3.708106060606061
0.09345794392523364,0.10869565217391304,3.7081222056631895
0.0936768149882904,0.10869565217391304,3.71129476584022
0.09389671361502347,0.10869565217391304,3.711456582633053
0.09411764705882353,0.10869565217391304,3.711739601679989
0.09433962264150944,0.10869565217391304,3.71228650137741
0.09456264775413711,0.10869565217391304,3.714820936639119
0.0947867298578199,0.10869565217391304,3.718222463080884
0.09501187648456057,0.10869565217391304,3.718815426997245
0.09523809523809523,0.10869565217391304,3.719173669467788
0.0954653937947494,0.10869565217391304,3.721157024793388
0.09569377990430622,0.10869565217391304,3.7215289256198334
0.09592326139088729,0.10869565217391304,3.721925770308123
0.09615384615384616,0.10869565217391304,3.722878787878788
0.0963855421686747,0.10869565217391304,3.723431784311069
0.0966183574879227,0.10869565217391304,3.724124649859944
0.09685230024213075,0.10869565217391304,3.7275301449668063
0.0970873786407767,0.10869565217391304,3.728519283746557
0.09732360097323602,0.10869565217391304,3.729373278236914
0.0975609756097561,0.10869565217391304,3.730792011019284
0.097799511002445,0.10869565217391304,3.7322689075630255
0.09803921568627451,0.10869565217391304,3.7323389355742296
0.09828009828009827,0.10869565217391304,3.735413223140496
0.09852216748768473,0.10869565217391304,3.7410950413223136
0.09876543209876543,0.10869565217391304,3.741456582633053
0.09900990099009901,0.10869565217391304,3.742878151260504
0.09925558312655088,0.10869565217391304,3.7449126134670094
0.09950248756218906,0.10869565217391304,3.7486776859504136
0.09975062344139651,0.10869565217391304,3.7550137741046834
0.1,0.10869565217391304,3.756448990651673
0.10025062656641603,0.10869565217391304,3.756505602240896
0.10050251256281408,0.10869565217391304,3.7573898071625353
0.10075566750629723,0.10869565217391304,3.757668067226891
0.10101010101010101,0.10869565217391304,3.7598829201101927
0.10126582278481013,0.10869565217391304,3.761074380165289
0.10152284263959391,0.10869565217391304,3.7647338935574233
0.10178117048346055,0.10869565217391304,3.765113128302398
0.10204081632653061,0.10869565217391304,3.766239669421488
0.10230179028132992,0.10869565217391304,3.7668388429752064
0.10256410256410256,0.10869565217391304,3.768657024793389
0.10282776349614396,0.10869565217391304,3.770965993767782
0.10309278350515463,0.10869565217391304,3.771650182902046
0.10335917312661498,0.10869565217391304,3.772727272727273
0.10362694300518134,0.10869565217391304,3.7743977591036417
0.1038961038961039,0.10869565217391304,3.7759788646524863
0.10416666666666667,0.10869565217391304,3.778144257703081
0.10443864229765012,0.10869565217391304,3.778886554621849
0.10471204188481675,0.10869565217391304,3.778898523235334
0.10498687664041995,0.10869565217391304,3.780055096418733
0.10526315789473684,0.10869565217391304,3.780358126721763
0.10554089709762533,0.10869565217391304,3.782079831932773
0.10582010582010581,0.10869565217391304,3.78469696969697
0.10610079575596817,0.10869565217391304,3.785020661157025
0.10638297872340426,0.10869565217391304,3.786838842975207
0.10666666666666667,0.10869565217391304,3.788898071625344
0.10695187165775401,0.10869565217391304,3.789838935574229
0.10752688172043011,0.10869565217391304,3.79064738292011
0.1078167115902965,0.10869565217391304,3.7911484593837534
0.10810810810810811,0.10869565217391304,3.7922774691776175
0.10840108401084012,0.10869565217391304,3.792947658402204
0.10869565217391304,0.10869565217391304,3.79331955922865
0.10899182561307902,0.10869565217391304,3.7947839046199694
0.1092896174863388,0.10869565217391304,3.797348484848485
0.1095890410958904,0.10869565217391304,3.798012903225807
0.10989010989010989,0.10869565217391304,3.79844751459906
0.11019283746556474,0.10869565217391304,3.8005096418732784
0.11049723756906077,0.10869565217391304,3.801435574229692
0.11080332409972299,0.10869565217391304,3.8033471074380167
0.1111111111111111,0.10869565217391304,3.804194214876033
0.11142061281337047,0.10869565217391304,3.8047960980896898
0.11173184357541899,0.10869565217391304,3.809788880146866
0.11204481792717087,0.10869565217391304,3.8101610644257695
0.11235955056179775,0.10869565217391304,3.8131818181818176
0.11267605633802817,0.10869565217391304,3.813809523809524
0.11299435028248588,0.10869565217391304,3.8149089635854336
0.11331444759206799,0.10869565217391304,3.8155182072829135
0.11363636363636363,0.10869565217391304,3.8167630853994488
0.11396011396011396,0.10869565217391304,3.82304565776995
0.11428571428571428,0.10869565217391304,3.829490358126722
0.11461318051575932,0.10869565217391304,3.834896694214876
0.11494252873563218,0.10869565217391304,3.842289915966387
0.11527377521613832,0.10869565217391304,3.84249299719888
0.11560693641618497,0.10869565217391304,3.8450420168067225
0.11594202898550725,0.10869565217391304,3.8473319327731095
0.11627906976744186,0.10869565217391304,3.848956780923994
0.11661807580174927,0.10869565217391304,3.849166666666666
0.11695906432748537,0.10869565217391304,3.851150137741047
0.11730205278592376,0.10869565217391304,3.852555096418733
0.11764705882352941,0.10869565217391304,3.853597073567268
0.11799410029498525,0.10869565217391304,3.8536851375152414
0.11834319526627218,0.10869565217391304,3.854535483870968
0.11869436201780416,0.10869565217391304,3.86049042748492
0.11904761904761904,0.10869565217391304,3.861976584022038
0.11940298507462686,0.10869565217391304,3.863795518207283
0.11976047904191617,0.10869565217391304,3.864618615363772
0.12012012012012012,0.10869565217391304,3.8651170798898073
0.12048192771084337,0.10869565217391304,3.866167741935484
0.12084592145015106,0.10869565217391304,3.877130470125999
0.12121212121212122,0.10869565217391304,3.8771778711484592
0.12158054711246201,0.10869565217391304,3.8791596638655457
0.12195121951219512,0.10869565217391304,3.885117192792305
0.12232415902140673,0.10869565217391304,3.886239669421488
0.12269938650306748,0.10869565217391304,3.889864516129032
0.12307692307692308,0.10869565217391304,3.890103305785124
0.12345679012345678,0.10869565217391304,3.891025806451613
0.1238390092879257,0.10869565217391304,3.8928991596638656
0.12422360248447205,0.10869565217391304,3.893613445378152
0.12461059190031153,0.10869565217391304,3.895530303030304
0.125,0.10869565217391304,3.8974903225806456
0.12539184952978055,0.10869565217391304,3.8978856749311297
0.12578616352201258,0.10869565217391304,3.897940771349863
0.12618296529968454,0.10869565217391304,3.899810924369748
0.12658227848101267,0.10869565217391304,3.902064516129032
0.12698412698412698,0.10869565217391304,3.904709677419355
0.12738853503184713,0.10869565217391304,3.90555785123967
0.12779552715654952,0.10869565217391304,3.907566725375965
0.1282051282051282,0.10869565217391304,3.909841597796144
0.12861736334405144,0.10869565217391304,3.910350900961929
0.12903225806451613,0.10869565217391304,3.910588235294117
0.12944983818770225,0.10869565217391304,3.911406451612904
0.12987012987012986,0.10869565217391304,3.9119187675070015
0.13029315960912052,0.10869565217391304,3.913232258064516
0.13071895424836602,0.10869565217391304,3.9143181818181816
0.13114754098360656,0.10869565217391304,3.9159366391184576
0.13157894736842105,0.10869565217391304,3.9201050420168064
0.132013201320132,0.10869565217391304,3.920954628901128
0.13245033112582782,0.10869565217391304,3.9229755178907726
0.132890365448505,0.10869565217391304,3.924670967741935
0.13333333333333333,0.10869565217391304,3.925597566275532
0.13377926421404682,0.10869565217391304,3.926070967741935
0.1342281879194631,0.10869565217391304,3.926212903225806
0.13468013468013468,0.10869565217391304,3.932148387096774
0.13513513513513514,0.10869565217391304,3.934948387096776
0.13559322033898305,0.10869565217391304,3.935477419354839
0.1360544217687075,0.10869565217391304,3.9360542879622336
0.13651877133105803,0.10869565217391304,3.937826852729982
0.136986301369863,0.10869565217391304,3.9378903225806448
0.13745704467353953,0.10869565217391304,3.93858064516129
0.13793103448275862,0.10869565217391304,3.9412387096774193
0.1384083044982699,0.10869565217391304,3.943658064516129
0.1388888888888889,0.10869565217391304,3.945596117630016
0.13937282229965156,0.10869565217391304,3.9482516129032255
0.13986013986013987,0.10869565217391304,3.952141935483871
0.14035087719298245,0.10869565217391304,3.9525096774193553
0.14084507042253522,0.10869565217391304,3.953774193548387
0.1413427561837456,0.10869565217391304,3.9566838709677423
0.14184397163120568,0.10869565217391304,3.960954838709678
0.1423487544483986,0.10869565217391304,3.961406451612903
0.14285714285714285,0.10869565217391304,3.9637605042016806
0.14336917562724014,0.10869565217391304,3.96845806451613
0.14388489208633093,0.10869565217391304,3.974316129032258
0.1444043321299639,0.10869565217391304,3.974967741935484
0.14492753623188406,0.10869565217391304,3.979296774193548
0.14545454545454545,0.10869565217391304,3.9833870967741936
0.145985401459854,0.10869565217391304,3.988767741935483
0.14652014652014653,0.10869565217391304,3.991858064516129
0.14705882352941177,0.10869565217391304,3.99331450094162
0.14760147601476015,0.10869565217391304,3.99373949579832
0.14814814814814814,0.10869565217391304,3.997653194263364
0.14869888475836432,0.10869565217391304,3.9978187237501697
0.14925373134328357,0.10869565217391304,3.998384760249167
0.149812734082397,0.10869565217391304,4.005954838709678
0.15037593984962405,0.10869565217391304,4.008004201680673
0.1509433962264151,0.10869565217391304,4.010693277310924
0.15151515151515152,0.10869565217391304,4.012422135303491
0.1520912547528517,0.10869565217391304,4.014509677419355
0.15267175572519084,0.10869565217391304,4.0160580645161295
0.1532567049808429,0.10869565217391304,4.017405475880052
0.15384615384615385,0.10869565217391304,4.018593365203534
0.15444015444015444,0.10869565217391304,4.020165145588875
0.15503875968992248,0.10869565217391304,4.024503225806452
0.1556420233463035,0.10869565217391304,4.02518064516129
0.15625,0.10869565217391304,4.025864516129032
0.1568627450980392,0.10869565217391304,4.027471988795519
0.15748031496062992,0.10869565217391304,4.029263085399449
0.15810276679841898,0.10869565217391304,4.03578154425612
0.15873015873015872,0.10869565217391304,4.036176470588236
0.1593625498007968,0.10869565217391304,4.03624649859944
0.16,0.10869565217391304,4.038917861799218
0.1606425702811245,0.10869565217391304,4.039662534435261
0.16129032258064516,0.10869565217391304,4.0398903225806455
0.16194331983805668,0.10869565217391304,4.040371148459384
0.16260162601626016,0.10869565217391304,4.041961709939679
0.16326530612244897,0.10869565217391304,4.046741935483871
0.16393442622950818,0.10869565217391304,4.047335483870968
0.1646090534979424,0.10869565217391304,4.049747899159664
0.1652892561983471,0.10869565217391304,4.05599739243807
0.16597510373443983,0.10869565217391304,4.058374193548387
0.16666666666666666,0.10869565217391304,4.069056931768796
0.16736401673640167,0.10869565217391304,4.069093147906707
0.16806722689075632,0.10869565217391304,4.073354838709678
0.16877637130801687,0.10869565217391304,4.073585434173669
0.1694915254237288,0.10869565217391304,4.074124649859944
0.1702127659574468,0.10869565217391304,4.074127191076343
0.17094017094017094,0.10869565217391304,4.097344533261075
0.17167381974248927,0.10869565217391304,4.107489497320006
0.1724137931034483,0.10869565217391304,4.108019354838709
0.17316017316017315,0.10869565217391304,4.1161379110531655
0.17391304347826086,0.10869565217391304,4.116673909894248
0.17467248908296942,0.10869565217391304,4.121563088512241
0.17543859649122806,0.10869565217391304,4.123866434883383
0.1762114537444934,0.10869565217391304,4.126748387096774
0.17699115044247787,0.10869565217391304,4.133972361468636
0.17777777777777778,0.10869565217391304,4.13535419382877
0.17857142857142858,0.10869565217391304,4.135548387096773
0.17937219730941703,0.10869565217391304,4.147605042016807
0.18018018018018017,0.10869565217391304,4.17372157033174
0.18099547511312217,0.10869565217391304,4.193307257714037
0.18181818181818182,0.10869565217391304,4.205091988990295
0.182648401826484,0.10869565217391304,4.2178
0.1834862385321101,0.10869565217391304,4.219967741935484
0.18433179723502305,0.10869565217391304,4.231993336230625
0.18518518518518517,0.10869565217391304,4.235462674434359
0.18604651162790697,0.10869565217391304,4.2377806750688105
0.18691588785046728,0.10869565217391304,4.240290550446488
0.18779342723004694,0.10869565217391304,4.240430494468879
0.18396226415094338,0.10597826086956522,4.245212226568158
0.1848341232227488,0.10597826086956522,4.259236305477809
0.18095238095238095,0.10326086956521739,4.259349593495935
0.17703349282296652,0.10054347826086957,4.262661161813704
0.1778846153846154,0.10054347826086957,4.267782143341011
0.178743961352657,0.10054347826086957,4.277995468479275
0.17475728155339806,0.09782608695652174,4.279041716646675
0.17073170731707318,0.09510869565217392,4.28318006130881
0.16666666666666666,0.09239130434782608,4.285339197654272
0.1625615763546798,0.08967391304347826,4.286365453818473
0.15841584158415842,0.08695652173913043,4.28667199786752
0.15422885572139303,0.08423913043478261,4.287145141943223
0.15,0.08152173913043478,4.287305077968813
0.1457286432160804,0.07880434782608696,4.28823137411702
0.1414141414141414,0.07608695652173914,4.288764494202319
0.13705583756345177,0.07336956521739131,4.289710782353725
0.1377551020408163,0.07336956521739131,4.28973743835799
0.13333333333333333,0.07065217391304347,4.290763694522191
0.12886597938144329,0.06793478260869565,4.291203518592563
0.12435233160621761,0.06521739130434782,4.2915300546448085
0.11979166666666667,0.0625,4.291699261190787
0.12041884816753927,0.0625,4.292303078768493
0.11578947368421053,0.059782608695652176,4.293049446887912
0.1164021164021164,0.059782608695652176,4.293189390910302
0.11170212765957446,0.057065217391304345,4.294075703052113
0.11229946524064172,0.057065217391304345,4.295481807277089
0.11290322580645161,0.057065217391304345,4.296654671464748
0.11351351351351352,0.057065217391304345,4.301086232173797
0.10869565217391304,0.05434782608695652,4.301659336265494
0.10382513661202186,0.051630434782608696,4.30558443289351
0.0989010989010989,0.04891304347826087,4.306017592962815
0.09392265193370165,0.04619565217391304,4.307323737171798
0.08888888888888889,0.043478260869565216,4.30736350088064
0.0893854748603352,0.043478260869565216,4.307890177262428
0.08426966292134831,0.04076086956521739,4.311545704766044
0.0847457627118644,0.04076086956521739,4.314767426362788
0.07954545454545454,0.03804347826086957,4.315240570438491
0.08,0.03804347826086957,4.316066906570705
0.07471264367816093,0.035326086956521736,4.316826602692257
0.06936416184971098,0.03260869565217391,4.31854266261046
0.06976744186046512,0.03260869565217391,4.321904571504732
0.06432748538011696,0.029891304347826088,4.322357723577236
0.058823529411764705,0.02717391304347826,4.32323737171798
0.05325443786982249,0.024456521739130436,4.326122884179662
0.047619047619047616,0.021739130434782608,4.334246301479408
0.041916167664670656,0.019021739130434784,4.334311169056932
0.04216867469879518,0.019021739130434784,4.336817504403197
0.04242424242424243,0.019021739130434784,4.338258030121285
0.036585365853658534,0.016304347826086956,4.339098942488773
0.03680981595092025,0.016304347826086956,4.343381655602222
0.037267080745341616,0.016304347826086956,4.343615886978542
0.03125,0.01358695652173913,4.345914967346395
0.031446540880503145,0.01358695652173913,4.346847927495668
0.02531645569620253,0.010869565217391304,4.348049044844872
0.025477707006369428,0.010869565217391304,4.348473943755831
0.02564102564102564,0.010869565217391304,4.3575036652005865
0.01935483870967742,0.008152173913043478,4.3579901372784215
0.01948051948051948,0.008152173913043478,4.363412816691505
0.0196078431372549,0.008152173913043478,4.369932027189125
0.013157894736842105,0.005434782608695652,4.376705780095611
0.013245033112582781,0.005434782608695652,4.378620783091722
0.013333333333333334,0.005434782608695652,4.380822381791085
0.013422818791946308,0.005434782608695652,4.391256830601093
0.006756756756756757,0.002717391304347826,4.395233956250905
0.006802721088435374,0.002717391304347826,4.397960980896897
0.00684931506849315,0.002717391304347826,4.401119552179128
0.0,0.0,4.403331884687817
0.0,0.0,4.405388961321165
0.0,0.0,4.4060336085759815
0.0,0.0,4.406821568893104
0.0,0.0,4.418398590976833
0.0,0.0,4.434094296165831
0.0,0.0,4.436875271621035
0.0,0.0,4.440570383416881
0.0,0.0,4.443950684189134
0.0,0.0,4.4497832272049855
0.0,0.0,4.457505758027368
0.0,0.0,4.4583863975071125
0.0,0.0,4.460167998916136
0.0,0.0,4.460676060154451
0.0,0.0,4.462958948651944
0.0,0.0,4.464239262972497
0.0,0.0,4.465607641241024
0.0,0.0,4.47217179244005
0.0,0.0,4.479414747211358
0.0,0.0,4.480370853252209
0.0,0.0,4.4808291559409295
0.0,0.0,4.486976584022038
0.0,0.0,4.489601679989161
0.0,0.0,4.493119834710744
0.0,0.0,4.495723140495867
0.0,0.0,4.497920335997833
0.0,0.0,4.502221921148896
0.0,0.0,4.5027066115702485
0.0,0.0,4.503962045487469
0.0,0.0,4.512511854762227
0.0,0.0,4.514049586776859
0.0,0.0,4.51455087386533
0.0,0.0,4.523265246994061
0.0,0.0,4.524077134986226
0.0,0.0,4.525132095921962
0.0,0.0,4.5259246714537325
0.0,0.0,4.528376913697331
0.0,0.0,4.529250779027232
0.0,0.0,4.534344939710066
0.0,0.0,4.535034435261708
0.0,0.0,4.537569435035904
0.0,0.0,4.537643950684189
0.0,0.0,4.538450074515649
0.0,0.0,4.545502754820936
0.0,0.0,4.545725511448313
0.0,0.0,4.547683240753285
0.0,0.0,4.552682563338301
0.0,0.0,4.553061915729575
0.0,0.0,4.553089012328953
0.0,0.0,4.55395610350901
0.0,0.0,4.556835117192792
0.0,0.0,4.557078986587184
0.0,0.0,4.557187372984691
0.0,0.0,4.5614889581357545
0.0,0.0,4.568078512396694
0.0,0.0,4.569624712098632
0.0,0.0,4.570275030483674
0.0,0.0,4.571081267217631
0.0,0.0,4.577069502777403
0.0,0.0,4.577089825226934
0.0,0.0,4.577367565370547
0.0,0.0,4.581384636228154
0.0,0.0,4.584582034954614
0.0,0.0,4.58567267307953
0.0,0.0,4.590211353475139
0.0,0.0,4.590251998374203
0.0,0.0,4.590881994309714
0.0,0.0,4.592406178024658
0.0,0.0,4.592670369868581
0.0,0.0,4.5979000135483
0.0,0.0,4.599383552364179
0.0,0.0,4.602121212121212
0.0,0.0,4.604464164747324
0.0,0.0,4.607654789323941
0.0,0.0,4.610940251998374
0.0,0.0,4.612389920065032
0.0,0.0,4.617064083457525
0.0,0.0,4.619090909090909
0.0,0.0,4.619152892561984
0.0,0.0,4.625104999322585
0.0,0.0,4.628092399403874
0.0,0.0,4.62834304294811
0.0,0.0,4.628546831955923
0.0,0.0,4.629683195592286
0.0,0.0,4.63452479338843
0.0,0.0,4.641976584022038
0.0,0.0,4.646091315539899
0.0,0.0,4.653643250688705
0.0,0.0,4.654484487196857
0.0,0.0,4.657167050535159
0.0,0.0,4.6572754369326645
0.0,0.0,4.661001219346972
0.0,0.0,4.664191843923588
0.0,0.0,4.669972451790634
0.0,0.0,4.672562653918586
0.0,0.0,4.673037190082645
0.0,0.0,4.67465564738292
0.0,0.0,4.68018561170573
0.0,0.0,4.68108126721763
0.0,0.0,4.681865600867092
0.0,0.0,4.689015151515152
0.0,0.0,4.694228650137742
0.0,0.0,4.6955087386533
0.0,0.0,4.698231946890665
0.0,0.0,4.699132231404959
0.0,0.0,4.704802872239534
0.0,0.0,4.706652215147
0.0,0.0,4.710957300275482
0.0,0.0,4.71135347513887
0.0,0.0,4.722585015580544
0.0,0.0,4.73120173418236
0.0,0.0,4.73124655647383
0.0,0.0,4.737073002754821
0.0,0.0,4.738490719414714
0.0,0.0,4.738595041322314
0.0,0.0,4.743257575757577
0.0,0.0,4.753901910310256
0.0,0.0,4.758815426997245
0.0,0.0,4.759297520661157
0.0,0.0,4.760296707763176
0.0,0.0,4.760818317301179
0.0,0.0,4.764084022038568
0.0,0.0,4.769103102560629
0.0,0.0,4.775362417016664
0.0,0.0,4.77548435171386
0.0,0.0,4.776797520661157
0.0,0.0,4.788140495867768
0.0,0.0,4.790585399449036
0.0,0.0,4.793863636363636
0.0,0.0,4.834125344352617
0.0,0.0,4.835640495867769
0.0,0.0,4.836776859504132
0.0,0.0,4.8379284649776455
0.0,0.0,4.84146694214876
0.0,0.0,4.842830578512396
0.0,0.0,4.857620918574719
0.0,0.0,4.864159779614326
0.0,0.0,4.881150137741047
0.0,0.0,4.894531680440772
0.0,0.0,4.908319559228651
0.0,0.0,4.91814738292011
0.0,0.0,4.984683195592287
0.0,0.0,4.993643250688706
0.0,0.0,4.999752066115702
0.0,0.0,5.016487603305785
1.0,0.0,1.0
