original_index,y_true,y_pred,y_prob,fold
150,0,1,0.5981837633810279,0
151,0,1,0.5981837633810279,0
152,0,1,0.5981837633810279,0
153,0,0,0.40255892508642516,0
154,0,0,0.37364787418629086,0
155,0,0,0.20339635263397893,0
156,0,1,0.5540899048363676,0
157,0,1,0.5712432128974195,0
158,0,0,0.37364787418629086,0
159,0,0,0.37364787418629086,0
160,0,0,0.37364787418629086,0
161,0,1,0.5981837633810279,0
162,0,1,0.5981837633810279,0
163,0,1,0.7958802071018242,0
164,0,1,0.5981837633810279,0
165,0,1,0.5712432128974195,0
166,0,1,0.5981837633810279,0
167,0,1,0.5783504880586978,0
168,0,1,0.5981837633810279,0
169,0,1,0.5712432128974195,0
170,0,1,0.5540899048363676,0
171,0,1,0.5981837633810279,0
172,0,1,0.7958802071018242,0
173,0,1,0.8074517268117865,0
174,0,1,0.5981837633810279,0
175,0,0,0.40255892508642516,0
176,0,1,0.5981837633810279,0
177,0,1,0.5981837633810279,0
178,0,1,0.5426354339480101,0
179,0,1,0.5712432128974195,0
180,0,1,0.5783504880586978,0
181,0,1,0.5981837633810279,0
182,0,0,0.37364787418629086,0
183,0,0,0.37364787418629086,0
184,0,1,0.5981837633810279,0
185,0,1,0.5981837633810279,0
186,0,0,0.40255892508642516,0
187,0,0,0.40255892508642516,0
188,0,1,0.6075078449698825,0
189,0,1,0.5540899048363676,0
190,0,1,0.5783504880586978,0
191,0,1,0.5783504880586978,0
192,0,1,0.5389158880143602,0
193,0,1,0.5783504880586978,0
194,0,1,0.5540899048363676,0
195,0,1,0.5426354339480101,0
196,0,0,0.37364787418629086,0
197,0,0,0.40255892508642516,0
198,0,1,0.5540899048363676,0
199,0,0,0.40255892508642516,0
250,1,1,0.8083510736029638,0
251,1,1,0.8083510736029638,0
252,1,1,0.8083510736029638,0
253,1,1,0.8083510736029638,0
254,1,1,0.8083510736029638,0
255,1,1,0.8083510736029638,0
256,1,1,0.8083510736029638,0
257,1,1,0.8083510736029638,0
258,1,1,0.8083510736029638,0
259,1,1,0.8083510736029638,0
260,1,1,0.8083510736029638,0
261,1,1,0.8083510736029638,0
262,1,1,0.8083510736029638,0
263,1,1,0.8083510736029638,0
264,0,0,0.45271765954649007,0
265,1,1,0.8083510736029638,0
266,1,1,0.8083510736029638,0
267,1,1,0.8083510736029638,0
268,1,1,0.8083510736029638,0
269,1,1,0.8083510736029638,0
270,1,1,0.8083510736029638,0
271,1,1,0.8083510736029638,0
272,1,1,0.8083510736029638,0
273,1,1,0.8083510736029638,0
274,1,1,0.8083510736029638,0
275,1,1,0.8083510736029638,0
276,1,1,0.8083510736029638,0
277,1,1,0.8083510736029638,0
278,1,1,0.8083510736029638,0
279,1,1,0.8083510736029638,0
280,1,1,0.8083510736029638,0
281,1,1,0.8083510736029638,0
282,1,1,0.8083510736029638,0
283,1,1,0.8083510736029638,0
284,1,1,0.8083510736029638,0
285,1,1,0.8083510736029638,0
286,1,1,0.8083510736029638,0
287,1,1,0.8083510736029638,0
288,1,1,0.8083510736029638,0
289,1,1,0.8083510736029638,0
290,1,0,0.46251625359909165,0
291,0,0,0.20339635263397893,0
292,1,0,0.46251625359909165,0
293,0,0,0.20339635263397893,0
294,0,0,0.20339635263397893,0
295,1,1,0.8083510736029638,0
296,1,1,0.8083510736029638,0
297,1,1,0.8083510736029638,0
298,1,1,0.8083510736029638,0
299,1,1,0.8083510736029638,0
400,0,0,0.20339635263397893,0
401,0,0,0.20339635263397893,0
402,0,0,0.20339635263397893,0
403,0,0,0.20339635263397893,0
404,0,0,0.20339635263397893,0
405,0,0,0.20339635263397893,0
406,0,0,0.21392506263945257,0
408,0,0,0.20339635263397893,0
409,0,0,0.21392506263945257,0
410,0,0,0.20339635263397893,0
411,0,0,0.20339635263397893,0
412,0,0,0.20339635263397893,0
413,0,0,0.20339635263397893,0
414,0,0,0.20339635263397893,0
415,0,0,0.20339635263397893,0
416,0,0,0.20339635263397893,0
417,0,0,0.20339635263397893,0
418,0,0,0.21392506263945257,0
419,0,0,0.20339635263397893,0
420,0,0,0.21392506263945257,0
421,0,0,0.20339635263397893,0
422,0,0,0.21392506263945257,0
423,0,0,0.20339635263397893,0
424,0,0,0.20339635263397893,0
425,0,0,0.21392506263945257,0
426,0,0,0.21392506263945257,0
427,0,0,0.21392506263945257,0
428,0,0,0.20339635263397893,0
429,0,0,0.21392506263945257,0
430,0,0,0.20339635263397893,0
431,0,0,0.20339635263397893,0
432,0,0,0.20339635263397893,0
433,0,0,0.20339635263397893,0
434,0,0,0.20339635263397893,0
435,0,0,0.20339635263397893,0
436,0,0,0.20385788868526822,0
437,0,0,0.20339635263397893,0
438,0,0,0.20339635263397893,0
439,0,0,0.21392506263945257,0
440,0,0,0.21392506263945257,0
441,0,0,0.20339635263397893,0
442,0,0,0.21392506263945257,0
443,0,0,0.20339635263397893,0
444,0,0,0.20339635263397893,0
445,0,0,0.20339635263397893,0
446,0,0,0.20339635263397893,0
447,0,0,0.20339635263397893,0
448,0,0,0.20339635263397893,0
449,0,0,0.21392506263945257,0
550,1,1,0.8083510736029638,0
551,1,1,0.8083510736029638,0
552,1,1,0.8083510736029638,0
553,1,1,0.8083510736029638,0
554,1,1,0.8083510736029638,0
555,0,0,0.21142678231508497,0
556,0,0,0.21142678231508497,0
557,0,0,0.21142678231508497,0
558,0,0,0.20339635263397893,0
559,0,0,0.20339635263397893,0
560,0,0,0.3274153144019875,0
561,0,0,0.479110280328418,0
562,0,0,0.21267768032926787,0
563,0,0,0.479110280328418,0
564,0,0,0.46504115353976144,0
565,1,1,0.8083510736029638,0
566,1,1,0.8083510736029638,0
567,1,1,0.8083510736029638,0
568,1,1,0.8083510736029638,0
569,1,1,0.8083510736029638,0
570,1,1,0.8083510736029638,0
571,1,1,0.8083510736029638,0
572,1,1,0.8083510736029638,0
573,1,1,0.8083510736029638,0
574,1,1,0.8083510736029638,0
575,0,0,0.479110280328418,0
576,0,0,0.46504115353976144,0
577,0,0,0.20339635263397893,0
578,0,1,0.5619814002278373,0
579,0,1,0.5619814002278373,0
580,0,0,0.479110280328418,0
581,0,0,0.23164469892967984,0
582,0,0,0.479110280328418,0
583,0,0,0.479110280328418,0
584,0,0,0.479110280328418,0
585,1,0,0.22043734354551692,0
586,1,0,0.21142678231508497,0
587,1,0,0.22172656260174645,0
588,1,0,0.23164469892967984,0
589,0,0,0.21142678231508497,0
590,0,0,0.3282497494838289,0
591,0,0,0.4781653286573065,0
592,0,1,0.5619814002278373,0
593,0,0,0.22172656260174645,0
594,0,0,0.46504115353976144,0
595,0,0,0.3018931603084906,0
596,0,0,0.3274153144019875,0
597,0,0,0.3288776314225747,0
598,0,1,0.5619814002278373,0
599,0,0,0.46504115353976144,0
950,1,1,0.8083510736029638,0
951,1,1,0.8083510736029638,0
952,1,1,0.8083510736029638,0
953,1,1,0.8083510736029638,0
954,1,1,0.8083510736029638,0
955,1,1,0.8083510736029638,0
956,1,1,0.8083510736029638,0
957,1,1,0.8083510736029638,0
958,1,1,0.8083510736029638,0
959,1,1,0.8083510736029638,0
960,1,1,0.8083510736029638,0
961,1,1,0.8083510736029638,0
962,1,1,0.8083510736029638,0
963,1,1,0.8083510736029638,0
964,1,1,0.8083510736029638,0
965,1,1,0.8083510736029638,0
966,1,1,0.8083510736029638,0
967,1,1,0.8083510736029638,0
968,1,1,0.8083510736029638,0
969,1,1,0.8083510736029638,0
970,1,1,0.8083510736029638,0
971,1,1,0.8083510736029638,0
972,1,1,0.8083510736029638,0
973,1,1,0.8083510736029638,0
974,1,1,0.8083510736029638,0
975,1,1,0.8083510736029638,0
976,1,1,0.8083510736029638,0
977,1,1,0.8083510736029638,0
978,1,1,0.8083510736029638,0
979,1,1,0.8083510736029638,0
980,1,1,0.8083510736029638,0
981,1,1,0.8083510736029638,0
982,1,1,0.8083510736029638,0
983,1,1,0.8083510736029638,0
984,1,1,0.8083510736029638,0
985,1,1,0.8083510736029638,0
986,1,1,0.8083510736029638,0
987,1,1,0.8083510736029638,0
988,1,1,0.8083510736029638,0
989,1,1,0.8083510736029638,0
990,1,1,0.8083510736029638,0
991,1,1,0.8083510736029638,0
992,1,1,0.8083510736029638,0
993,1,1,0.8083510736029638,0
994,1,1,0.8083510736029638,0
995,1,1,0.8083510736029638,0
996,1,1,0.8083510736029638,0
997,1,1,0.8083510736029638,0
998,1,1,0.8083510736029638,0
999,1,1,0.8083510736029638,0
1200,0,0,0.22760747077465399,0
1201,0,0,0.21353157566740924,0
1202,0,0,0.20339635263397893,0
1203,0,0,0.21353157566740924,0
1204,0,0,0.22760747077465399,0
1205,0,0,0.21353157566740924,0
1206,0,0,0.22760747077465399,0
1207,0,0,0.22760747077465399,0
1208,0,0,0.21353157566740924,0
1209,0,0,0.20339635263397893,0
1210,0,0,0.22760747077465399,0
1211,0,0,0.22760747077465399,0
1212,0,0,0.22760747077465399,0
1213,0,0,0.22760747077465399,0
1214,0,0,0.22760747077465399,0
1215,0,0,0.3224093325879596,0
1216,0,0,0.3224093325879596,0
1217,0,0,0.3224093325879596,0
1218,0,0,0.3224093325879596,0
1219,0,0,0.20339635263397893,0
1220,0,0,0.20339635263397893,0
1221,0,0,0.20339635263397893,0
1222,0,0,0.20339635263397893,0
1223,0,0,0.20339635263397893,0
1224,0,0,0.20339635263397893,0
1225,0,0,0.21353157566740924,0
1226,0,0,0.21353157566740924,0
1227,0,0,0.2119016933576532,0
1228,0,0,0.21353157566740924,0
1229,0,0,0.21353157566740924,0
1230,0,0,0.21353157566740924,0
1231,0,0,0.21353157566740924,0
1232,0,0,0.20339635263397893,0
1233,0,0,0.20339635263397893,0
1234,0,0,0.21353157566740924,0
1235,0,0,0.21353157566740924,0
1236,0,0,0.21353157566740924,0
1237,0,0,0.21353157566740924,0
1238,0,0,0.21353157566740924,0
1239,0,0,0.20339635263397893,0
1240,0,0,0.20339635263397893,0
1241,0,0,0.20339635263397893,0
1242,0,0,0.20339635263397893,0
1243,0,0,0.20339635263397893,0
1244,0,0,0.20339635263397893,0
1245,0,0,0.20339635263397893,0
1246,0,0,0.20339635263397893,0
1247,0,0,0.21353157566740924,0
1248,0,0,0.2119016933576532,0
1249,0,0,0.20339635263397893,0
1600,0,0,0.20339635263397893,0
1601,0,0,0.20385788868526822,0
1602,0,0,0.20339635263397893,0
1603,0,0,0.20339635263397893,0
1604,0,0,0.20385788868526822,0
1605,0,0,0.20339635263397893,0
1606,0,0,0.20339635263397893,0
1607,0,0,0.20385788868526822,0
1608,0,0,0.20339635263397893,0
1609,0,0,0.20339635263397893,0
1610,0,0,0.20385788868526822,0
1611,0,0,0.20339635263397893,0
1612,0,0,0.20339635263397893,0
1613,0,0,0.20339635263397893,0
1614,0,0,0.20339635263397893,0
1615,0,0,0.20339635263397893,0
1616,0,0,0.20339635263397893,0
1617,0,0,0.20339635263397893,0
1618,0,0,0.20339635263397893,0
1619,0,0,0.20339635263397893,0
1620,0,0,0.20339635263397893,0
1621,0,0,0.20385788868526822,0
1622,0,0,0.20385788868526822,0
1623,0,0,0.20339635263397893,0
1624,0,0,0.20385788868526822,0
1625,0,0,0.20339635263397893,0
1626,0,0,0.20385788868526822,0
1627,0,0,0.20339635263397893,0
1628,0,0,0.20339635263397893,0
1629,0,0,0.20339635263397893,0
1630,0,0,0.20339635263397893,0
1631,0,0,0.20385788868526822,0
1632,0,0,0.20385788868526822,0
1633,0,0,0.20339635263397893,0
1634,0,0,0.20385788868526822,0
1635,0,0,0.20339635263397893,0
1636,0,0,0.20339635263397893,0
1637,0,0,0.20385788868526822,0
1638,0,0,0.20385788868526822,0
1639,0,0,0.20339635263397893,0
1640,0,0,0.20339635263397893,0
1641,0,0,0.20339635263397893,0
1642,0,0,0.20385788868526822,0
1643,0,0,0.20385788868526822,0
1645,0,0,0.20385788868526822,0
1646,0,0,0.20339635263397893,0
1647,0,0,0.20339635263397893,0
1648,0,0,0.20339635263397893,0
1649,0,0,0.20339635263397893,0
0,0,0,1.2681169574104839e-05,1
1,0,0,7.926534727062485e-05,1
2,0,0,1.0549120502479248e-05,1
3,0,0,2.0025786228535864e-07,1
4,0,0,5.393893475425875e-07,1
5,0,0,9.10496524013439e-07,1
6,0,0,2.8517252638537057e-07,1
7,0,0,5.435098773872943e-07,1
8,0,0,1.2838504079870533e-05,1
9,0,0,1.6121648618590705e-07,1
10,0,0,5.700140377224125e-07,1
11,0,0,3.6159689186221734e-07,1
12,0,0,4.833265072672927e-07,1
13,0,0,6.664671264948889e-06,1
14,0,0,3.2567090999831223e-07,1
15,0,0,1.0181843306855844e-06,1
16,0,0,6.291223408726273e-07,1
17,0,0,2.451409947432026e-07,1
18,0,0,1.7093044015629186e-07,1
19,0,0,1.1757942481415809e-07,1
20,0,0,1.039177800966738e-07,1
21,0,0,9.461024687175449e-07,1
22,0,0,4.3164785642659555e-06,1
23,0,0,1.1026324282212706e-06,1
24,0,0,9.513836250336706e-07,1
25,0,0,1.3110182397716182e-07,1
26,0,0,1.372614832029165e-07,1
27,0,0,1.2344218246065882e-07,1
28,0,0,1.0401473832509378e-06,1
29,0,0,6.922364222703574e-07,1
30,0,0,2.656346155188299e-07,1
31,0,0,4.93617506391976e-07,1
32,0,0,5.387073945026514e-07,1
33,0,0,2.5795963157907937e-07,1
34,0,0,1.805316371276502e-07,1
35,0,0,3.5655556096384744e-06,1
36,0,0,5.074893123026483e-07,1
37,0,0,1.479896122400475e-06,1
38,0,0,1.1105466157400417e-05,1
39,0,0,3.611362626067288e-07,1
40,0,0,1.2116207549357754e-06,1
41,0,0,6.058650588683644e-06,1
42,0,0,4.751615019927761e-06,1
43,0,0,4.330650150259308e-06,1
44,0,0,2.0744534559719912e-07,1
45,0,0,6.059295321797445e-07,1
46,1,0,2.1045095183688088e-07,1
47,0,0,1.0689328886596923e-06,1
48,0,0,8.761252673605885e-08,1
49,0,0,3.0733815698968707e-06,1
100,0,0,5.759223757154981e-07,1
101,0,0,1.7485288193907335e-08,1
102,0,0,9.200128658068106e-08,1
103,0,0,8.826485157040772e-06,1
104,0,0,1.9657590907850533e-08,1
105,0,0,4.692691922172963e-08,1
106,0,0,8.337491616592546e-05,1
107,0,0,1.791148780400722e-07,1
108,0,0,2.598361520188399e-07,1
109,0,0,2.1243758428841776e-06,1
110,0,0,3.8297138642506505e-08,1
111,0,0,1.2339082602116312e-06,1
112,0,0,2.5011235823296066e-06,1
113,0,0,1.0546067642293266e-06,1
114,0,0,2.0559099234363619e-07,1
115,1,1,0.9999271753482982,1
116,1,1,0.9999094884540074,1
117,1,1,0.9999271753599606,1
118,1,1,0.9999094884544287,1
119,1,1,0.9999094884544287,1
120,0,0,1.0978928026556378e-05,1
121,0,0,7.315268800486893e-08,1
122,0,0,3.1722710983075857e-06,1
123,0,0,4.448210000368872e-06,1
124,0,0,2.525052608640309e-05,1
125,1,1,0.9998444389774616,1
126,1,1,0.9999095047657875,1
127,1,1,0.999885185120222,1
128,1,1,0.9998997517509286,1
129,1,1,0.9998997717047646,1
130,0,0,9.528353028161933e-06,1
131,0,0,9.83440898349156e-06,1
132,0,0,2.5458021284351953e-07,1
133,0,0,1.0164761349632884e-05,1
134,0,0,2.7857779494461505e-06,1
135,0,0,1.104630348311524e-05,1
136,0,0,5.657376820674432e-06,1
137,0,0,1.6995938419930653e-05,1
138,0,0,6.703950737443481e-07,1
139,0,0,4.8818698611223705e-06,1
140,0,0,1.1220207327065128e-06,1
141,0,0,1.7458460454215799e-06,1
142,0,0,4.921895642962125e-06,1
143,0,0,2.1029911491265488e-07,1
144,0,0,3.6656269257534987e-06,1
145,0,0,7.444347749344587e-08,1
146,0,0,2.3379342648640023e-06,1
147,0,0,6.47791263721214e-08,1
148,0,0,4.0033122982382964e-07,1
149,0,0,8.321798022565049e-09,1
200,0,0,8.246560789053024e-06,1
201,0,0,0.0009460582587061325,1
202,0,0,2.4054617568002054e-06,1
203,0,0,0.01598521100736657,1
204,0,0,1.0081292093085291e-06,1
205,0,1,0.999999542443319,1
206,0,1,0.9999997420689485,1
207,0,1,0.999999846356762,1
208,0,1,0.9999967469694804,1
209,0,1,0.9999981480468725,1
210,0,1,0.9999995305859252,1
211,0,1,0.9998834882196066,1
212,0,1,0.9999997964968083,1
213,0,1,0.9999941811130598,1
214,0,1,0.9999998222240573,1
215,0,0,1.555644220572982e-07,1
216,0,0,0.001001751456564206,1
217,0,0,0.000759543148137387,1
218,0,0,2.0472493953301597e-06,1
219,0,0,1.3018352369822089e-05,1
220,0,0,1.367760359738577e-05,1
221,0,0,0.00022763279389782676,1
222,0,0,0.0012196016277934475,1
223,0,0,2.20009752641999e-05,1
224,0,0,0.00013107410705650639,1
225,0,1,0.9999998297192679,1
226,0,1,0.9999998449221507,1
227,0,1,0.9999999116508116,1
228,0,1,0.9999999099191309,1
229,0,1,0.9999998716533653,1
230,0,1,0.9999997916394793,1
231,0,1,0.9999998546635425,1
232,0,1,0.9999995853404383,1
233,0,1,0.9999997189835418,1
234,0,1,0.9999997976076577,1
235,0,0,1.803665462978917e-06,1
236,0,0,1.3785444277729073e-06,1
237,0,0,5.793399586477772e-07,1
238,0,0,0.00025757819839940254,1
239,0,0,0.00016580637172514037,1
240,0,1,0.9999999136507381,1
241,0,1,0.9999990940107192,1
242,0,1,0.9999998913077321,1
243,0,1,0.9999998549113671,1
244,0,1,0.999999637557086,1
245,0,1,0.9999998983058368,1
246,0,1,0.9999999034366758,1
247,0,1,0.9999997401293068,1
248,0,1,0.9999998785617813,1
249,0,1,0.9999998987390146,1
450,1,1,0.9999069971018397,1
451,1,1,0.9999736313771762,1
452,1,1,0.9999978742300205,1
453,1,1,0.9967819409208944,1
454,1,1,0.9991602688731538,1
455,1,1,0.9999952570592707,1
456,1,1,0.9999902557426857,1
457,1,1,0.9999785072199027,1
458,1,1,0.9999924453182347,1
459,1,1,0.9999855829250255,1
460,1,1,0.9999920526463301,1
461,1,1,0.9999935517365189,1
462,1,1,0.9999957381031145,1
463,1,1,0.9999924249858364,1
464,1,1,0.9999932227732619,1
465,1,1,0.9999866645775296,1
466,1,1,0.999993854062771,1
467,1,1,0.9999977955177056,1
468,1,1,0.9999837918460135,1
469,1,1,0.9999911237449711,1
470,1,1,0.9999884744807286,1
471,1,1,0.9999978347390698,1
472,1,1,0.999980436781105,1
473,1,1,0.9999979567457367,1
474,1,1,0.9999950264857111,1
475,1,1,0.9999934659084714,1
476,1,1,0.9999918164853656,1
477,1,1,0.9999900244462827,1
478,1,1,0.9999971525347627,1
479,1,1,0.999998781476201,1
480,1,1,0.9983054482443287,1
481,1,1,0.9929491292455531,1
482,1,1,0.9987585660393427,1
483,1,1,0.9929410552912171,1
484,1,1,0.9988977441516268,1
485,1,1,0.9999909495381778,1
486,1,1,0.9999934575767606,1
487,1,1,0.9999927454644467,1
488,1,1,0.9999949748482704,1
489,1,1,0.9999892074830088,1
490,1,1,0.9999976820588365,1
491,1,1,0.9999956276514056,1
492,1,1,0.9999683507567028,1
493,1,1,0.9999956543128294,1
494,1,1,0.999998222452771,1
495,1,1,0.999998567603719,1
496,1,1,0.9999957827867493,1
497,1,1,0.9999991844917786,1
498,1,1,0.9999935584376028,1
499,1,1,0.9999970473213498,1
1000,0,1,0.9685686945100991,1
1001,0,0,6.857822629419498e-07,1
1002,0,0,0.001064197711436104,1
1003,0,1,0.5298199037230921,1
1004,0,0,0.3774034341439173,1
1005,0,0,1.4819530544820287e-05,1
1006,0,1,0.9965979652229876,1
1007,0,0,0.32579342865258315,1
1008,0,0,2.0564472558499484e-05,1
1009,0,1,0.8083513119955769,1
1010,0,0,0.04101031782029509,1
1011,0,0,3.325245059784396e-05,1
1012,0,0,4.757836723103039e-05,1
1013,0,0,0.03788801979363153,1
1014,0,0,0.00011349419302841967,1
1015,0,0,0.2744516246996622,1
1016,0,0,0.31944016502480166,1
1017,0,1,0.8504651725401299,1
1018,0,0,2.3939646500647008e-06,1
1019,0,0,1.1764363988679693e-05,1
1020,0,0,8.71351494925186e-06,1
1021,0,0,0.0017881047130995874,1
1022,0,0,9.918866338892712e-07,1
1023,0,0,0.3418143126664966,1
1024,0,1,0.7873503228763736,1
1025,0,0,3.66901576649196e-05,1
1026,0,0,0.002479607307135034,1
1027,0,0,0.0007172569242558706,1
1028,0,0,0.1734171314723925,1
1029,0,0,1.6530230182511167e-05,1
1030,0,1,0.9981532749253712,1
1031,0,1,0.6104628836460506,1
1032,0,1,0.858547000707748,1
1033,0,0,0.11791064870050764,1
1034,0,0,4.061018413208591e-05,1
1035,0,1,0.8835150056359291,1
1036,0,0,0.38600368819665226,1
1037,0,0,7.411477399397859e-07,1
1038,0,0,2.6554855546135557e-06,1
1039,0,0,8.518737067828037e-06,1
1040,0,1,0.8547146952139584,1
1041,0,1,0.5135970497604428,1
1042,0,0,0.00026632106426653803,1
1043,0,0,0.058840590351161064,1
1044,0,0,0.23934395651020973,1
1045,0,1,0.9980557198042617,1
1046,0,0,1.8440008133272356e-06,1
1047,0,0,0.4514322258200323,1
1048,0,0,4.168295077063536e-05,1
1049,0,1,0.9214689052886358,1
1500,0,0,2.0599687862363224e-06,1
1501,0,0,7.606096042223448e-06,1
1502,0,0,1.1952704615312483e-05,1
1503,0,0,1.0500169521349616e-05,1
1504,0,0,7.395665218505863e-06,1
1505,0,0,2.4824956546699976e-06,1
1506,0,0,6.585844921641074e-05,1
1507,0,0,1.0942424926658176e-05,1
1508,0,0,2.626657376861305e-06,1
1509,0,0,0.0001488679228531385,1
1510,0,0,8.151097106131538e-05,1
1511,0,0,4.4881826632646275e-06,1
1512,0,0,9.364452681983003e-06,1
1513,0,0,3.2634432469904106e-06,1
1514,0,0,2.287992257943403e-05,1
1515,0,0,1.0477554256052975e-05,1
1516,0,0,4.959380457976611e-06,1
1517,0,0,1.0378556182427492e-05,1
1518,0,0,1.605464345841041e-05,1
1519,0,0,2.171933808014698e-05,1
1520,0,0,5.9058854790842984e-06,1
1521,0,0,8.37281937228467e-06,1
1522,0,0,1.7609307784031812e-05,1
1523,0,0,0.00032739942975336123,1
1524,0,0,1.1482310437177496e-05,1
1525,0,0,5.472192280514725e-06,1
1526,0,0,1.9944023535899653e-05,1
1527,0,0,3.663877662359321e-06,1
1528,0,0,0.0004978567462506298,1
1529,0,0,2.2232944191679825e-06,1
1530,0,0,6.937021707505483e-05,1
1531,0,0,5.653826592885398e-06,1
1532,0,0,8.429749258843147e-06,1
1533,0,0,5.296791283052931e-05,1
1534,0,0,7.688051555345598e-06,1
1535,0,0,2.8879114451416517e-06,1
1536,0,0,5.4837377118271476e-05,1
1537,0,0,1.929541583120164e-06,1
1538,0,0,2.179630723457796e-06,1
1539,0,0,2.279205590369537e-06,1
1540,0,0,2.119442177030634e-06,1
1541,0,0,3.3392302138471235e-06,1
1542,0,0,1.5355184813681677e-06,1
1543,0,0,5.595450569481476e-05,1
1544,0,0,3.57112785282372e-07,1
1545,0,0,1.4005754701391952e-06,1
1546,0,0,0.0001356861868711265,1
1547,0,0,0.00011048739078863546,1
1548,0,0,0.00010267871306992106,1
1549,0,0,5.422513410791296e-06,1
50,1,1,0.9969716815652669,2
51,1,1,0.9961351453916202,2
52,1,1,0.9970547217803505,2
53,1,1,0.9969480169214981,2
54,1,1,0.9969480169214981,2
55,1,1,0.9971538930492925,2
56,1,1,0.9969480169214981,2
57,1,1,0.9969504496883219,2
58,1,1,0.9964473275572919,2
59,1,1,0.9966843193420525,2
60,1,1,0.9973525201490946,2
61,1,1,0.9969997787842809,2
62,1,1,0.9969504496883219,2
63,1,1,0.9968337003477132,2
64,1,1,0.9970429201614417,2
65,1,1,0.9966296044809914,2
66,1,1,0.9957024313052978,2
67,1,1,0.99701240254786,2
68,1,1,0.9968091765581673,2
69,1,1,0.9967998268188938,2
70,1,1,0.9968530105208009,2
71,1,1,0.9969479751037267,2
72,1,1,0.996526901011224,2
73,1,1,0.9969504496883219,2
74,1,1,0.9972730197544531,2
75,1,1,0.9969504496883219,2
76,1,1,0.9970172047237543,2
77,1,1,0.9967418310948429,2
78,1,1,0.9969504496883219,2
79,1,1,0.9967392324476848,2
80,1,1,0.9968530105208009,2
81,1,1,0.9966151353035979,2
82,1,1,0.9965495905771502,2
83,1,1,0.9968238660699605,2
84,1,1,0.9966151353035979,2
85,1,1,0.9960651841416855,2
86,1,1,0.9967825102694484,2
87,1,1,0.9969504496883219,2
88,1,1,0.9970172047237543,2
89,1,1,0.9970622896512944,2
90,1,1,0.9969299819088671,2
91,1,1,0.9972041620917766,2
92,1,1,0.9966151353035979,2
93,1,1,0.9973143932104521,2
94,1,1,0.9966731037831571,2
95,1,1,0.9963997634212791,2
96,1,1,0.9959100842174861,2
97,1,1,0.9971757641267227,2
98,1,1,0.9970172047237543,2
99,1,1,0.9970622896512944,2
300,1,1,0.9998699633444774,2
301,1,1,0.9998693402571922,2
302,1,1,0.9998681880524604,2
303,1,1,0.9998688166336331,2
304,1,1,0.9998688166336331,2
305,1,1,0.9998699633444774,2
306,1,1,0.9998547575721688,2
307,1,1,0.9998688166336331,2
308,1,1,0.9998681880524604,2
309,1,1,0.9998688166336331,2
310,1,1,0.9998688166336331,2
311,1,1,0.9998699633444774,2
312,1,1,0.9998699633444774,2
313,1,1,0.9998324958860599,2
314,1,1,0.9998688166336331,2
315,1,1,0.9998688166336331,2
316,1,1,0.9998688166336331,2
317,1,1,0.9999071873070571,2
318,1,1,0.9998688166336331,2
319,1,1,0.9998600860959218,2
320,1,1,0.9998682920910468,2
321,1,1,0.9998688166336331,2
322,1,1,0.9998694433864672,2
323,1,1,0.9999071873070571,2
324,1,1,0.9998688166336331,2
325,1,1,0.9998547575721688,2
326,1,1,0.9998699633444774,2
327,1,1,0.999839763999203,2
328,1,1,0.9998688166336331,2
329,1,1,0.9998378678467583,2
330,1,1,0.9998688166336331,2
331,1,1,0.9998688166336331,2
332,1,1,0.9998688166336331,2
333,1,1,0.9998699633444774,2
334,1,1,0.9998694433864672,2
335,1,1,0.9998693402571922,2
336,1,1,0.9998688166336331,2
337,1,1,0.9998638205610529,2
338,1,1,0.9998560271595432,2
339,1,1,0.9998638205610529,2
340,1,1,0.9998688166336331,2
341,1,1,0.9998699633444774,2
342,1,1,0.9998681880524604,2
343,1,1,0.9999079986398732,2
344,1,1,0.9998688166336331,2
345,1,1,0.9998429477647176,2
346,1,1,0.9998253389614152,2
347,1,1,0.9998699633444774,2
348,1,1,0.9998594156871897,2
349,1,1,0.9998479845781567,2
850,0,0,0.0002519740983881752,2
851,0,0,8.336626849239336e-05,2
852,0,0,8.18543363262713e-05,2
853,0,0,6.772203119317421e-05,2
854,0,0,7.711900703951976e-05,2
855,0,0,0.0001373377452423423,2
856,0,0,0.0003037641800861349,2
857,0,0,0.00012686358795632776,2
858,0,0,8.693487696789994e-05,2
859,0,0,0.0001241216837007633,2
860,0,0,0.00017303260430956676,2
861,0,0,0.00010340396771224283,2
862,0,0,0.0001719737794634858,2
863,0,0,0.0001719737794634858,2
864,0,0,9.876707406163722e-05,2
865,0,0,0.00030493639014099233,2
866,0,0,9.471261660066186e-05,2
867,0,0,8.301350714537124e-05,2
868,0,0,0.00013213933216351713,2
869,0,0,0.00028896955960804364,2
870,0,0,0.00015370850766959236,2
871,0,0,0.00027727610794117034,2
872,0,0,0.00019698907824215105,2
873,0,0,0.00010208860964220628,2
874,1,0,0.0001394287778995357,2
875,0,0,0.000185984476494724,2
876,0,0,0.00016673130689632144,2
877,0,0,0.00013447418280500593,2
878,0,0,0.0001188532586358717,2
879,0,0,9.330974445672608e-05,2
880,0,0,0.000245749020473785,2
881,0,0,9.18090689340319e-05,2
882,0,0,0.0001042649080740283,2
883,0,0,9.955615833002697e-05,2
884,0,0,0.0001032981170815873,2
885,0,0,5.888153737151208e-05,2
886,0,0,0.00013631453249993725,2
887,0,0,8.322814616411209e-05,2
888,0,0,8.784456382954541e-05,2
889,0,0,8.862678086303225e-05,2
890,0,0,0.00014023873759893074,2
891,0,0,9.434743634692644e-05,2
892,0,0,7.924686324854221e-05,2
893,0,0,0.00038804030959721763,2
894,0,0,7.14415757201177e-05,2
895,0,0,8.71294116925039e-05,2
896,0,0,0.0001699897236520053,2
897,0,0,8.847290955958703e-05,2
898,0,0,0.0002953018116996209,2
899,0,0,9.482471289556273e-05,2
1250,0,0,0.033469605227454576,2
1251,0,0,0.06969796993305558,2
1252,0,0,0.057970574730685724,2
1253,0,0,0.036840565050494635,2
1254,0,0,0.013523638958748226,2
1255,0,0,0.000608630718553421,2
1256,0,0,0.04251158698257267,2
1257,0,0,0.043904274459494796,2
1258,0,0,0.00016641721150638695,2
1259,0,0,0.00014756161637979024,2
1260,0,0,0.038202168659702045,2
1261,0,0,0.06235642647794181,2
1262,0,0,0.0001946059383886708,2
1263,0,0,9.899544301470494e-05,2
1264,0,0,0.045996986195219226,2
1265,0,0,0.00030711623689321833,2
1266,0,0,0.000359678638620381,2
1267,0,0,0.001810992821374543,2
1268,0,0,0.01434202133458677,2
1269,0,0,0.00019686836413464206,2
1270,0,0,0.04400169266563035,2
1271,0,0,0.08147157379662645,2
1272,0,0,0.05427240893251443,2
1273,0,0,0.07063418833604364,2
1274,0,0,0.03935908460696927,2
1275,0,0,0.012632663211152032,2
1276,0,0,0.05647620306356011,2
1277,0,0,0.0003087080942180271,2
1278,1,0,0.0004145379567490127,2
1279,0,0,0.030423142295212795,2
1280,0,0,0.0005302168819663641,2
1281,0,0,0.00021263312564379219,2
1282,0,0,0.04513939964365015,2
1283,0,0,0.0002332131073899175,2
1284,0,0,0.00010694229867220339,2
1285,0,0,0.0005422681319346261,2
1286,0,0,0.014459259061007769,2
1287,0,0,0.00023788900446424313,2
1288,0,0,0.0007817543352948574,2
1289,0,0,0.029806480452513853,2
1290,0,0,0.06745113200730285,2
1291,0,0,0.01418811583792049,2
1292,0,0,0.06055097796466967,2
1293,0,0,0.014285923675890334,2
1294,0,0,0.03666422605918114,2
1295,0,0,0.043783934669558024,2
1296,0,0,0.00033962312474913685,2
1297,0,0,0.05574335602427892,2
1298,0,0,0.02160288464105232,2
1299,0,0,0.0171937811688291,2
1350,0,0,0.03584985004462115,2
1351,0,0,0.015615323507536763,2
1352,0,0,0.02704375678402779,2
1353,0,0,0.038535902843183735,2
1354,0,0,0.032647953088852086,2
1355,0,0,0.0019615296644395373,2
1356,0,0,0.026914743813093216,2
1357,0,0,0.0018201786577128503,2
1358,0,0,0.007543832265395902,2
1359,0,0,0.004016956384936026,2
1360,0,0,0.004720763996385251,2
1361,0,0,0.007297684399406259,2
1362,0,0,0.0038422177240799767,2
1363,0,0,0.006332312719308931,2
1364,0,0,0.0016475429465683505,2
1365,0,0,0.005827282525645355,2
1366,0,0,0.04961628805842267,2
1367,0,0,0.034432620765092264,2
1368,0,0,0.017513424641129975,2
1369,0,0,0.0027562624514832416,2
1370,0,0,0.004297509721495066,2
1371,0,0,0.014180169685292171,2
1372,0,0,0.0014714947096421075,2
1373,0,0,0.0035890457652718827,2
1374,0,0,0.0089862890688795,2
1375,0,0,0.03429890859871451,2
1376,0,0,0.00014060897620169163,2
1377,0,0,0.020789666995572262,2
1378,0,0,0.024725887867826868,2
1379,0,0,0.02047260921995912,2
1380,0,0,0.02853751239710815,2
1381,0,0,0.020335393278867117,2
1382,0,0,0.04237020443233008,2
1383,0,0,0.02853751239710815,2
1384,0,0,0.017201708566739016,2
1385,0,0,0.011601519860771825,2
1386,0,0,0.014638164123671263,2
1387,0,0,0.07888682404863018,2
1388,0,0,0.013905607729600504,2
1389,0,0,0.028182381592477844,2
1390,0,0,0.025915314488194757,2
1391,0,0,0.04468281429890006,2
1392,0,0,0.019083930829781028,2
1393,0,0,0.08397642324152182,2
1394,0,0,0.018277792028918015,2
1395,1,1,0.9997878787150744,2
1396,1,1,0.9997489981778257,2
1397,1,1,0.9997914555510072,2
1398,1,1,0.999729220493981,2
1399,1,1,0.9998002343023484,2
1400,1,1,0.9998803551024834,2
1401,1,1,0.9998930928651207,2
1402,1,1,0.9998915216985287,2
1403,1,1,0.9998747782554436,2
1404,1,1,0.9998921500968585,2
1405,1,1,0.9998736143302385,2
1406,1,1,0.9998141962055522,2
1407,1,1,0.9998083042103049,2
1408,1,1,0.9998663782732078,2
1409,1,1,0.999836339548022,2
1410,1,1,0.9998921500968585,2
1411,1,1,0.9996548448316844,2
1412,1,1,0.9998528315749304,2
1413,1,1,0.9998736739988828,2
1414,1,1,0.9998930928651207,2
1415,1,1,0.9998083042103049,2
1416,1,1,0.9998942735511485,2
1417,1,1,0.9996709609509714,2
1418,1,1,0.9998930928651207,2
1419,1,1,0.9998930928651207,2
1420,1,1,0.9998914475477241,2
1421,1,1,0.9998750691207324,2
1422,1,1,0.9998930928651207,2
1423,1,1,0.9998930928651207,2
1424,1,1,0.9998921500968585,2
1425,1,1,0.9995466535357598,2
1426,1,1,0.9998747782554436,2
1427,1,1,0.999868512835732,2
1428,1,1,0.9998736739988828,2
1429,1,1,0.99989180780499,2
1430,1,1,0.9998918316050904,2
1431,1,1,0.9998930928651207,2
1432,1,1,0.9998921500968585,2
1433,1,1,0.9998736739988828,2
1434,1,1,0.9998609190780405,2
1435,1,1,0.9998930928651207,2
1436,1,1,0.9998977605166179,2
1437,1,1,0.9998930928651207,2
1438,1,1,0.9998914475477241,2
1439,1,1,0.9998702361901176,2
1440,1,1,0.9998930928651207,2
1441,1,1,0.9998729165022967,2
1442,1,1,0.9998674893539227,2
1443,1,1,0.9998930928651207,2
1444,1,1,0.9998930928651207,2
1445,1,1,0.9998930928651207,2
1446,1,1,0.9998747782554436,2
1447,1,1,0.9998921500968585,2
1448,1,1,0.9998928154824741,2
1449,1,1,0.9999092051674888,2
1550,0,0,0.00018048589818290937,2
1551,0,0,9.761889856127092e-05,2
1552,0,0,0.0006436046889033597,2
1553,0,0,0.00023249672941577112,2
1554,0,0,9.776110209422454e-05,2
1555,0,0,0.0002111310083848721,2
1556,0,0,0.00024164812376457217,2
1557,0,0,0.00027068422673024145,2
1558,0,0,0.00013402156186752788,2
1559,0,0,0.0002928630106259628,2
1560,0,0,0.00015789966058784286,2
1561,0,0,9.66564041016918e-05,2
1562,0,0,0.00025907244087609296,2
1563,0,0,0.00013226084549813015,2
1564,0,0,0.00012571709554411593,2
1565,0,0,0.00012884516217241226,2
1566,0,0,0.00012251835397214747,2
1567,0,0,0.00010259944322713023,2
1568,0,0,0.00021539782429815823,2
1569,0,0,0.00010352735028228647,2
1570,0,0,0.0001294781112729404,2
1571,0,0,0.0001958572964711941,2
1572,0,0,0.00012929000409858614,2
1573,0,0,0.00019845197890826853,2
1574,0,0,0.0001004164237304706,2
1575,0,0,0.00014458129685332696,2
1576,0,0,0.000124564648344589,2
1577,0,0,0.00011779560194686515,2
1578,0,0,0.00015238584153388213,2
1579,0,0,9.596669356375745e-05,2
1580,0,0,0.0001398235938273089,2
1581,0,0,0.00012786392277975694,2
1582,0,0,0.0002342955025158149,2
1583,0,0,0.00011283545000650053,2
1584,0,0,0.000128964019358798,2
1585,0,0,0.00010744897044046183,2
1586,0,0,9.295569679521657e-05,2
1587,0,0,0.00018677186825357938,2
1588,0,0,0.00011003725782539419,2
1589,0,0,0.00018050638556107047,2
1590,0,0,0.00017615824407327688,2
1591,0,0,0.00031794468536432136,2
1592,0,0,0.00016123987800685811,2
1593,0,0,0.00019029220880236117,2
1594,0,0,0.00017485621307372295,2
1595,0,0,0.00010428830871581921,2
1596,0,0,0.0001094162573163518,2
1597,0,0,0.00012153744890133024,2
1598,0,0,9.199221406950565e-05,2
1599,0,0,0.00011133283622073932,2
350,1,1,0.9999280576741977,3
351,1,1,0.999945920639102,3
352,1,1,0.9999519339805173,3
353,1,1,0.9999569684334801,3
354,1,1,0.999945690298406,3
355,1,1,0.9999565758729516,3
356,1,1,0.9999504322562736,3
357,1,1,0.9999505871911121,3
358,1,1,0.999954399965995,3
359,1,1,0.999953612838096,3
360,1,1,0.9999303313909994,3
361,1,1,0.9999462553757356,3
362,1,1,0.9999487683775782,3
363,1,1,0.9999219926022654,3
364,1,1,0.9999441400199006,3
365,1,1,0.999953612838096,3
366,1,1,0.9999427371658748,3
367,1,1,0.9999492952750069,3
368,1,1,0.9999315528561729,3
369,1,1,0.9999556486981672,3
370,1,1,0.9999202835722629,3
371,1,1,0.999938810928417,3
372,1,1,0.9999494151256066,3
373,1,1,0.9999462029798365,3
374,1,1,0.9999512121293223,3
375,1,1,0.9999397859293586,3
376,1,1,0.9999385507059138,3
377,1,1,0.9999481592918422,3
378,1,1,0.9999072136743572,3
379,1,1,0.9999340185503519,3
380,1,1,0.9999492952750069,3
381,1,1,0.999948180023898,3
382,1,1,0.9999406787843448,3
383,1,1,0.999944452290996,3
384,1,1,0.9999272016392942,3
385,1,1,0.9999515278013277,3
386,1,1,0.9999498970602225,3
387,1,1,0.9999492070093218,3
388,1,1,0.9999386927034577,3
389,1,1,0.9999504322562736,3
390,1,1,0.9999525488093195,3
391,1,1,0.9999481587965486,3
392,1,1,0.9999507019083937,3
393,1,1,0.9999417041268901,3
394,1,1,0.9999501145229036,3
395,1,1,0.9999481800038745,3
396,1,1,0.9999481592438587,3
397,1,1,0.99994939718944,3
398,1,1,0.9999525762398201,3
399,1,1,0.999931426582455,3
500,1,1,0.9090630941714494,3
501,1,1,0.9071735573612317,3
502,1,1,0.9071735573612317,3
503,1,1,0.997131274377111,3
504,1,1,0.9067233364657414,3
505,1,1,0.9529731328802251,3
506,1,1,0.9090630941714494,3
507,1,1,0.997896005578099,3
508,1,1,0.9090630941714494,3
509,1,1,0.9410675504062258,3
510,0,0,0.00828208986767579,3
511,0,0,0.0028488450344022376,3
512,0,0,0.0019982257850431413,3
513,0,0,0.000684941235620396,3
514,0,0,0.0006555027040947929,3
515,1,1,0.9065411561786991,3
516,1,1,0.9071735573612317,3
517,1,1,0.9090630941714494,3
518,1,1,0.9090630941714494,3
519,1,1,0.9529731328802251,3
520,1,1,0.9981958296559102,3
521,1,1,0.9090630941714494,3
522,1,1,0.9049619917154184,3
523,1,1,0.9013569244809111,3
524,1,1,0.8951503002347311,3
525,1,1,0.9010735831965314,3
526,1,1,0.9525525787632083,3
527,1,1,0.9015481129508506,3
528,1,1,0.9516697334024827,3
529,1,1,0.9090630941714494,3
530,1,1,0.9437888864682438,3
531,1,1,0.8991072744516543,3
532,1,1,0.9516697334024827,3
533,1,1,0.9071735573612317,3
534,1,1,0.9071735573612317,3
535,1,1,0.89300570062042,3
536,1,1,0.9071735573612317,3
537,1,1,0.9508916428161033,3
538,1,1,0.9978058706880719,3
539,1,1,0.9090630941714494,3
540,1,1,0.9976741843692213,3
541,1,1,0.9529731328802251,3
542,1,1,0.9090630941714494,3
543,1,1,0.9971829573782642,3
544,1,1,0.9090630941714494,3
545,1,0,0.008098399816331663,3
546,0,0,0.0006490039468536323,3
547,0,0,0.0025100510205772497,3
548,1,0,0.009736746194698987,3
549,0,0,0.0006982215486933383,3
600,0,0,0.00017710381572421928,3
601,0,0,0.00023374784458043345,3
602,0,0,0.0001600959885176066,3
603,0,0,0.00023326292555499612,3
604,0,0,0.00025316310511117946,3
605,1,1,0.9996308646101743,3
606,1,1,0.9996208494970394,3
607,1,1,0.9996107531543047,3
608,1,1,0.9996292094318024,3
609,1,1,0.9996881786223072,3
610,0,0,0.00224677622514315,3
611,0,0,0.0012576116236812528,3
612,0,0,0.00011531574235967025,3
613,0,0,0.00028933921804812876,3
614,0,0,0.0063807890460161965,3
615,1,1,0.9996304099490245,3
616,1,1,0.9996270752419938,3
617,1,1,0.9996906648218945,3
618,1,1,0.9996113478750861,3
619,1,1,0.9996308646101743,3
620,1,1,0.9996821209594938,3
621,1,1,0.9996827759193618,3
622,1,1,0.9996827759193618,3
623,1,1,0.9996146791725808,3
624,1,1,0.9996738476132466,3
625,1,1,0.9996827759193618,3
626,1,1,0.9996906648218945,3
627,1,1,0.9996892444854454,3
628,1,1,0.9996930463341246,3
629,1,1,0.999787075685651,3
630,1,1,0.9993999307804776,3
631,1,1,0.9996827759193618,3
632,1,1,0.9996836900369367,3
633,1,1,0.9996906648218945,3
634,1,1,0.9996593405462221,3
635,1,1,0.9996827759193618,3
636,1,1,0.9996945370546888,3
637,1,1,0.9996246959444778,3
638,1,1,0.9996674938851149,3
639,1,1,0.9996246959444778,3
640,1,1,0.9996173593634983,3
641,1,1,0.9996796622506634,3
642,1,1,0.9996367698836767,3
643,1,1,0.9996906648218945,3
644,1,1,0.9994424122890484,3
645,1,1,0.9997205570785301,3
646,1,1,0.9997156637885408,3
647,1,1,0.9996827759193618,3
648,1,1,0.9996906648218945,3
649,1,1,0.999716132458495,3
650,1,0,0.0006526239567579962,3
651,1,0,0.0007339567345129525,3
652,0,0,0.0023031909637550173,3
653,0,0,0.001816245166761,3
654,0,0,0.0006668778214589377,3
655,1,1,0.9992681847013248,3
656,1,1,0.9993286494259737,3
657,1,1,0.9996036006314325,3
658,1,1,0.9994379263063605,3
659,1,1,0.9992869028202361,3
660,1,1,0.9995529549198122,3
661,1,1,0.9994676424711858,3
662,1,1,0.9995404677165146,3
663,1,1,0.9994510985005481,3
664,1,1,0.9994893781599986,3
665,1,1,0.9995049253861168,3
666,1,1,0.9994244069058434,3
667,1,1,0.9996174786063533,3
668,1,1,0.9993210135234067,3
669,1,1,0.9993741935920967,3
670,1,1,0.613628580819682,3
671,1,1,0.7532352268299414,3
672,1,1,0.7500417695169252,3
673,1,0,0.48005008971053614,3
674,1,1,0.6514769537783183,3
675,1,1,0.9993537197530471,3
676,1,1,0.9992541159594074,3
677,1,1,0.9995116797604081,3
678,1,1,0.9994836480540751,3
679,1,1,0.9993588612683797,3
680,0,0,0.0018105131153751885,3
681,0,0,0.0012841198286353054,3
682,0,0,0.0021933615806236854,3
683,0,0,0.0017599352604926604,3
684,0,0,0.002144994241240944,3
685,0,0,0.00022831293263034529,3
686,0,0,0.008766504173827938,3
687,0,0,0.004325850590747342,3
688,0,0,0.0030589825670482435,3
689,0,0,0.000625394414769113,3
690,1,1,0.9993310290158942,3
691,1,1,0.9994374779971097,3
692,1,1,0.9993058606736246,3
693,1,1,0.9997125079624062,3
694,1,1,0.9994426693918772,3
695,1,1,0.9994808756286004,3
696,1,1,0.9992721313550319,3
697,1,1,0.9994675304916555,3
698,1,1,0.9994782512399036,3
699,1,1,0.9994819465060635,3
700,0,0,0.0008805563581850943,3
701,0,0,0.00040762453132474065,3
702,0,0,9.943198167198349e-05,3
703,0,0,9.044878775584044e-05,3
704,0,0,0.00011813242364120023,3
705,0,0,0.0003998187588626261,3
706,1,0,0.0010436085720420315,3
707,0,0,0.0008752729438584728,3
708,1,0,0.000296204934427022,3
709,1,0,0.006611119994197365,3
710,0,0,0.0002353775898887307,3
711,0,0,0.0017353202517535022,3
712,1,0,0.00026590761280966674,3
713,1,0,0.0001272750429816475,3
714,1,0,0.0003482698808374249,3
715,0,0,0.0003959716325854309,3
716,1,0,0.001393635432966172,3
717,1,0,0.0008379004941986621,3
718,1,0,0.00011616244026421276,3
719,1,0,0.000489106836772915,3
720,0,0,0.00023979670675792794,3
721,1,0,0.00024183170466821074,3
722,1,0,0.0001228659505112601,3
723,0,0,9.336626536050908e-05,3
724,0,0,0.0001894867803046927,3
725,0,0,0.0011158927720847102,3
726,0,0,0.006031371552261061,3
727,0,0,0.00010287994533423578,3
728,1,0,0.008013212269677104,3
729,1,0,0.005848206488017899,3
730,1,0,0.00020220699259829451,3
731,1,0,0.00036954313041841046,3
732,0,0,0.00017330125938913254,3
733,1,0,0.00018233181473202172,3
734,1,0,0.00027303472619831726,3
735,0,0,6.182109363100236e-05,3
736,0,0,0.00010714968015688997,3
737,0,0,0.0002798233165980759,3
738,0,0,0.0001796105677456889,3
739,1,0,0.00011223021169693192,3
740,0,0,0.00014288167567902722,3
741,0,0,3.0743258851031274e-05,3
742,0,0,8.146363065048702e-05,3
743,1,0,0.000158471929452111,3
744,0,0,0.0008764965135633049,3
745,0,0,7.361483269768972e-05,3
746,1,0,0.00013600811877837113,3
747,0,0,8.490018453134064e-05,3
748,1,0,0.0001348551970536518,3
749,0,0,0.0005049110245185475,3
1050,1,1,0.8971610690142434,3
1051,1,1,0.9233367640105724,3
1052,1,1,0.9045021915376231,3
1053,1,1,0.9009633476522801,3
1054,1,1,0.9021061201996947,3
1055,1,1,0.9046867552438213,3
1056,1,1,0.9022964749530605,3
1057,1,1,0.9075883041310077,3
1058,1,1,0.9208835708420581,3
1059,1,1,0.9707947070566725,3
1060,1,1,0.900459823612967,3
1061,1,1,0.9484960982015136,3
1062,1,1,0.8940408958908392,3
1063,1,1,0.8794694285247895,3
1064,1,1,0.925914683126178,3
1065,1,1,0.9151436556895098,3
1066,1,1,0.9139046379252614,3
1067,1,1,0.9221995968817591,3
1068,1,1,0.9002166660009829,3
1069,1,1,0.9405895903686915,3
1070,1,1,0.8985088433184512,3
1071,1,1,0.939608876320704,3
1072,1,1,0.8617240291081552,3
1073,1,1,0.9068599455112999,3
1074,1,1,0.9017845395048855,3
1075,1,1,0.8983248982277362,3
1076,1,1,0.9290462233712776,3
1077,1,1,0.9144328340123332,3
1078,1,1,0.9068728459414362,3
1079,1,1,0.9480058413990357,3
1080,1,1,0.9205297636032482,3
1081,1,1,0.8925920011208289,3
1082,1,1,0.9196621274366271,3
1083,1,1,0.9515672214286299,3
1084,1,1,0.9538996963800852,3
1085,1,1,0.9061230975214041,3
1086,1,1,0.8777474964741139,3
1087,1,1,0.9413938564162472,3
1088,1,1,0.9458890144387717,3
1089,1,1,0.8779263890711838,3
1090,1,1,0.8968561569268872,3
1091,1,1,0.9397796571495386,3
1092,1,1,0.9048005154352673,3
1093,1,1,0.9461588100693149,3
1094,1,1,0.9032303783786038,3
1095,1,1,0.9395160089082406,3
1096,1,1,0.901331169493538,3
1097,1,1,0.9461237959829679,3
1098,1,1,0.9447709106878844,3
1099,1,1,0.9466566074200309,3
1150,1,0,0.0007017209487515857,3
1151,0,0,0.00023758414176293033,3
1152,1,0,0.1852608790597501,3
1153,1,0,0.08226222636525489,3
1154,1,0,0.16858223298057895,3
1155,1,0,0.082931407832031,3
1156,1,0,0.012061575504708806,3
1157,1,0,0.01247394252796977,3
1158,0,0,0.00047121787711053157,3
1159,1,0,0.005878250369576476,3
1160,1,0,0.0005618011901717946,3
1161,1,0,0.0008424550988294907,3
1162,0,0,0.0005900802171603026,3
1163,1,0,0.0025040341238246333,3
1164,1,0,0.0006021900378012629,3
1165,1,0,0.00010257011470866736,3
1166,1,0,0.0004743612523850954,3
1167,0,0,0.0006972847926142472,3
1168,1,0,0.00020016127992657858,3
1169,0,0,0.000279181376870309,3
1170,0,0,0.00012825786611390613,3
1171,0,0,0.00022665038815986594,3
1172,0,0,0.0001497196237344266,3
1173,1,0,0.00010854639367389253,3
1174,0,0,0.0002522979016426791,3
1175,0,0,0.0003964624413760858,3
1176,0,0,0.0001755404825271191,3
1177,1,0,0.00011279214958808392,3
1178,0,0,0.000452945101103383,3
1179,0,0,0.00038934855756255616,3
1180,1,0,0.1360465250865068,3
1181,1,0,0.10128784655045504,3
1182,1,0,0.08281866120585561,3
1183,1,0,0.08061070688497596,3
1184,1,0,0.06388150938458104,3
1185,1,0,0.0012146103137194416,3
1186,0,0,0.0002535014239321329,3
1187,0,0,0.00020593895154731354,3
1188,0,0,0.00021055071141464778,3
1189,1,0,0.0006755930340626218,3
1190,1,0,0.000288377227563609,3
1191,1,0,0.00019025949546137112,3
1192,1,0,0.00033285218092767054,3
1193,1,0,0.000179851220044946,3
1194,1,0,0.0006018009633329042,3
1195,1,0,0.0005877659099396211,3
1196,1,0,0.00042743218193498064,3
1197,0,0,0.00019420210790309093,3
1198,1,0,0.0016686332599560615,3
1199,1,0,0.0011304625213900057,3
750,0,0,0.05261417226377442,4
751,0,0,0.02683237230847311,4
752,0,0,0.03274455479210724,4
753,0,0,0.0333409072517748,4
754,0,0,0.02483935577001137,4
755,0,0,0.0257595331592819,4
756,0,0,0.03591085753555573,4
757,0,0,0.054928978346571074,4
758,0,0,0.037897988163458664,4
759,0,0,0.055454894979749245,4
760,0,0,0.024812770140318848,4
761,0,0,0.06457950993641429,4
762,0,0,0.09063288682142842,4
763,0,0,0.025549974359567733,4
764,0,0,0.04975835254137861,4
765,0,0,0.1878810061011765,4
766,0,0,0.09132671694547191,4
767,0,0,0.08264351837394994,4
768,0,0,0.09916513806314249,4
769,0,0,0.10983805281942002,4
770,0,0,0.024098157757985485,4
771,0,0,0.024400254936955308,4
772,0,0,0.026833047783494678,4
773,0,0,0.024400254936955308,4
774,0,0,0.024400254936955308,4
775,0,0,0.12230888868238798,4
776,0,0,0.03504273666184052,4
777,0,0,0.06439935936172568,4
778,0,0,0.061093418320638006,4
779,0,0,0.03533591851943989,4
780,0,0,0.024143379471710115,4
781,0,0,0.024766189885047526,4
782,0,0,0.02348166846879669,4
783,0,0,0.023715978598046368,4
784,0,0,0.0233694242233448,4
785,0,0,0.023849469973587136,4
786,0,0,0.025579895292732757,4
787,0,0,0.023715978598046368,4
788,1,0,0.024087359655222067,4
789,0,0,0.026955703426819456,4
790,0,0,0.05949028696702609,4
791,0,0,0.043592403760675025,4
792,0,0,0.15395573041592206,4
793,0,0,0.057969052612990436,4
794,0,0,0.07472961194839853,4
795,1,0,0.02305103468441916,4
796,0,0,0.06642490434934485,4
797,0,0,0.27282473404894114,4
798,0,0,0.02401236139903216,4
799,0,0,0.049194404816099865,4
800,0,0,0.024061494468687217,4
801,0,0,0.026227716765409668,4
802,0,0,0.06257332417119738,4
803,0,0,0.025307956809542696,4
804,0,0,0.033544975965132465,4
805,0,0,0.03215486466756675,4
806,0,0,0.06422137969008712,4
807,0,0,0.027354953584298406,4
808,0,0,0.06785229744252393,4
809,0,0,0.03402694034705453,4
810,0,0,0.030837002281706397,4
811,0,0,0.028213295239673745,4
812,0,0,0.031718534758326505,4
813,0,0,0.03145188112568435,4
814,0,0,0.07719773633727386,4
815,0,0,0.05627324895544349,4
816,0,0,0.029044060266133757,4
817,0,0,0.03929852327289532,4
818,0,0,0.04009014075905092,4
819,0,0,0.02401081045025412,4
820,0,0,0.029797261078493006,4
821,0,0,0.024817920051901882,4
822,0,0,0.02489102899665967,4
823,0,0,0.025018510428296833,4
824,0,0,0.031207993937874757,4
825,0,0,0.05059622123184016,4
826,0,0,0.030810313296951768,4
827,0,0,0.02819741947223762,4
828,0,0,0.028289217206584717,4
829,0,0,0.04099462462264472,4
830,0,0,0.031220421365277938,4
831,0,0,0.028936869002950217,4
832,0,0,0.029288908573209475,4
833,0,0,0.12735719050042316,4
834,0,0,0.043618869767458705,4
835,0,0,0.03873405552029216,4
836,0,0,0.10832523420400204,4
837,0,0,0.026873526709514248,4
838,0,0,0.03216897627110626,4
839,0,0,0.03735315965918768,4
840,0,0,0.05203376455493297,4
841,0,0,0.028289217206584717,4
842,0,0,0.043639443362308454,4
843,0,0,0.029861765829590006,4
844,0,0,0.030832058662500966,4
845,0,0,0.4054013496624156,4
846,0,0,0.17766520122504487,4
847,0,0,0.04157805866619501,4
848,0,0,0.12475488739639516,4
849,0,0,0.11304213479805199,4
900,0,0,0.026175425962795817,4
901,0,0,0.025773131360695072,4
902,0,0,0.02617145459349331,4
903,0,0,0.025649638681621064,4
904,0,0,0.026175425962795817,4
905,0,0,0.029223895328766767,4
906,0,0,0.0663881071869788,4
907,0,0,0.11271451838554927,4
908,1,0,0.02558958388722966,4
909,0,0,0.025481425823572622,4
910,0,0,0.024910959087551025,4
911,0,0,0.024359503645872558,4
912,0,0,0.02458027598103079,4
913,0,0,0.024937334754497862,4
914,0,0,0.025833015518162177,4
915,0,0,0.024917157590536983,4
916,0,0,0.029554416948484177,4
917,1,0,0.02520213482933863,4
918,0,0,0.024957246463976904,4
919,0,0,0.024937334754497862,4
920,0,0,0.02451988692312756,4
921,0,0,0.024523549218515437,4
922,0,0,0.025833015518162177,4
923,0,0,0.02496484543381375,4
924,0,0,0.025831937298693947,4
925,0,0,0.024877810186710814,4
926,0,0,0.026812312565743672,4
927,0,0,0.03935052939932392,4
928,0,0,0.026765727224600702,4
929,0,0,0.11238934833334333,4
930,0,0,0.025641870279584016,4
931,0,0,0.026350667110583675,4
932,0,0,0.025422150445180886,4
933,0,0,0.025424588921636817,4
934,0,0,0.0242695524116536,4
935,0,0,0.02464897134764259,4
936,0,0,0.026394669352147446,4
937,0,0,0.03455094943570168,4
938,0,0,0.025424588921636817,4
939,0,0,0.051148075188970105,4
940,0,0,0.025822018333853915,4
941,0,0,0.026361173713992776,4
942,0,0,0.02464522571285288,4
943,0,0,0.02605808681880556,4
944,0,0,0.02762230017706701,4
945,0,0,0.030322504047560286,4
946,0,0,0.02576921941290313,4
947,0,0,0.03399297340823712,4
948,0,0,0.02607400177544597,4
949,0,0,0.026406394755449324,4
1100,0,0,0.022707265448915104,4
1101,0,0,0.03358522163385575,4
1102,0,0,0.022707265448915104,4
1103,0,0,0.022794501423232187,4
1104,0,0,0.040843502231601624,4
1105,0,0,0.02822885401537048,4
1106,0,0,0.022794501423232187,4
1107,0,0,0.02282531991420461,4
1108,0,0,0.040843502231601624,4
1109,0,0,0.02768199216261459,4
1110,0,0,0.022707265448915104,4
1111,0,0,0.02768199216261459,4
1112,0,0,0.02278762139823442,4
1113,0,0,0.02782517372226065,4
1114,0,0,0.028295265686677458,4
1115,0,0,0.022707265448915104,4
1116,0,0,0.022707265448915104,4
1117,0,0,0.03358522163385575,4
1118,0,0,0.022707265448915104,4
1119,0,0,0.028295265686677458,4
1120,0,0,0.022707265448915104,4
1121,0,0,0.022707265448915104,4
1122,0,0,0.023212958844911303,4
1123,0,0,0.022707265448915104,4
1124,0,0,0.022707265448915104,4
1125,0,0,0.033855391994371965,4
1126,0,0,0.033687637493196344,4
1127,0,0,0.035334229106761234,4
1128,0,0,0.022707265448915104,4
1129,0,0,0.03358522163385575,4
1130,0,0,0.02278762139823442,4
1131,0,0,0.022707265448915104,4
1132,0,0,0.022707265448915104,4
1133,0,0,0.022707265448915104,4
1134,0,0,0.033983967149827876,4
1135,0,0,0.02768199216261459,4
1136,0,0,0.022737968739976196,4
1137,0,0,0.027182478776311216,4
1138,0,0,0.02768199216261459,4
1139,0,0,0.03031366275803869,4
1140,0,0,0.022707265448915104,4
1141,0,0,0.022707265448915104,4
1142,0,0,0.023212958844911303,4
1143,0,0,0.022794501423232187,4
1144,0,0,0.022794501423232187,4
1145,0,0,0.033687637493196344,4
1146,0,0,0.022707265448915104,4
1147,0,0,0.023212958844911303,4
1148,0,0,0.022707265448915104,4
1149,0,0,0.02282531991420461,4
1300,0,0,0.02409585842840624,4
1301,0,0,0.022778256391238573,4
1302,0,0,0.023399602930738964,4
1303,0,0,0.04646260268862442,4
1304,0,0,0.02467135998694778,4
1305,0,0,0.02950884700870606,4
1306,0,0,0.025751907737555195,4
1307,0,0,0.023400576396448845,4
1308,1,0,0.02349968462943704,4
1309,0,0,0.026847995389781772,4
1310,0,0,0.025301937719044126,4
1311,0,0,0.025301937719044126,4
1312,0,0,0.025301937719044126,4
1313,0,0,0.02385805346364057,4
1314,0,0,0.02843335155897807,4
1315,1,0,0.10823684739335143,4
1316,1,0,0.18934729368356182,4
1317,1,0,0.1594421226236995,4
1318,1,0,0.30729445557248974,4
1319,1,0,0.18247637953118384,4
1320,0,0,0.02443202358970225,4
1321,0,0,0.024502321036549393,4
1322,1,0,0.025301937719044126,4
1323,1,0,0.02497029071156839,4
1324,0,0,0.023363156638626568,4
1325,0,0,0.025485338990399956,4
1326,1,0,0.02310811450081744,4
1327,0,0,0.025747383535873383,4
1328,0,0,0.025301937719044126,4
1329,0,0,0.025398882752381675,4
1330,1,0,0.023097116707275992,4
1331,1,0,0.023097116707275992,4
1332,1,0,0.023097116707275992,4
1333,1,0,0.023097116707275992,4
1334,0,0,0.02333801104329176,4
1335,0,0,0.02336160706970507,4
1336,1,0,0.022778256391238573,4
1337,0,0,0.022778256391238573,4
1338,0,0,0.026379391715255163,4
1339,0,0,0.022778256391238573,4
1340,0,0,0.02533605840461213,4
1341,0,0,0.02467135998694778,4
1342,0,0,0.025301937719044126,4
1343,0,0,0.023363156638626568,4
1344,1,0,0.02336160706970507,4
1345,0,0,0.022943795345125372,4
1346,1,0,0.024054876070474414,4
1347,0,0,0.02336160706970507,4
1348,0,0,0.02453523411179276,4
1349,1,0,0.022943795345125372,4
1450,0,0,0.06930024609637449,4
1451,0,0,0.03697690516151665,4
1452,0,0,0.07472384283125061,4
1453,0,0,0.05643146221038498,4
1454,0,0,0.05601971926284224,4
1455,0,0,0.034086023283746394,4
1456,0,0,0.05998606115652337,4
1457,0,0,0.05643146221038498,4
1458,0,0,0.05761007335688171,4
1459,0,0,0.06290483944631464,4
1460,0,0,0.05705355493672389,4
1461,0,0,0.05705355493672389,4
1462,0,0,0.05705355493672389,4
1463,0,0,0.05705355493672389,4
1464,0,0,0.08772091560757415,4
1465,0,0,0.054871749796021295,4
1466,0,0,0.05547765940040825,4
1467,0,0,0.05547765940040825,4
1468,0,0,0.05705355493672389,4
1469,0,0,0.05705355493672389,4
1470,0,0,0.05772162429111736,4
1471,0,0,0.03571421263588537,4
1472,0,0,0.05547765940040825,4
1473,0,0,0.054908226946781664,4
1474,0,0,0.054908226946781664,4
1475,0,0,0.03001393164316236,4
1476,0,0,0.05705355493672389,4
1477,0,0,0.05547765940040825,4
1478,0,0,0.030913462780008134,4
1479,0,0,0.08154405114738318,4
1480,0,0,0.05643066549263425,4
1481,0,0,0.03365800807349544,4
1482,0,0,0.031197016138734445,4
1483,0,0,0.05705355493672389,4
1484,0,0,0.05705355493672389,4
1485,0,0,0.05547765940040825,4
1486,0,0,0.05612837418820005,4
1487,0,0,0.05705355493672389,4
1488,0,0,0.05705355493672389,4
1489,0,0,0.05705355493672389,4
1490,0,0,0.05722415757034749,4
1491,0,0,0.054871749796021295,4
1492,0,0,0.029951435599782666,4
1493,0,0,0.054871749796021295,4
1494,0,0,0.054871749796021295,4
1495,0,0,0.05705355493672389,4
1496,0,0,0.05547765940040825,4
1497,0,0,0.05705355493672389,4
1498,0,0,0.05547765940040825,4
1499,0,0,0.05705355493672389,4
