original_index,y_true,y_pred
200,0.0106329510868959,0.054998695969572874
201,0.0184527006853753,0.06054716704516491
202,0.0130834314282203,0.044434185105520094
203,0.0542593535032471,0.038592924494236285
204,0.0107961059105359,0.06597440361791787
205,0.0367366537094089,0.05422496907813142
206,0.0110312197919174,0.07442929151957081
207,0.0092072864559199,0.05484956711232389
208,0.0466549240053981,0.03805301308386832
209,0.0090952770201055,0.050478370008896586
210,0.0561174967429934,0.04882534449152742
211,0.0130583727960816,0.034140281592571986
212,0.0511400122834043,0.04795909274337042
213,0.0085835064297516,0.04144108106696997
214,0.0090575612241455,0.05437011424601663
215,0.0089346989193714,0.041071933507264645
216,0.0090232968585064,0.039173892288657315
217,0.0517519227797822,0.04408322893387524
218,0.043626706857611,0.05174925793457041
219,0.0479012549062142,0.03469125513288988
220,0.0937658872601875,0.03605551272436768
221,0.0349121451904998,0.06657247940397285
222,0.0500597666864411,0.03634765811161646
223,0.0432957136136775,0.03464789940026403
224,0.0359983773809056,0.04015210589350486
225,0.0297824662224674,0.03989416474396997
226,0.0774108715869364,0.034708637401972116
227,0.0093332452952006,0.05481820334353678
228,0.0238784526763641,0.05397445642347257
229,0.0118190496040835,0.06633629921507055
230,0.0174826017974694,0.03381200376684913
231,0.0112177998743759,0.06624134196387498
232,0.0150203749962183,0.06349972672347311
233,0.0090910273597114,0.04293536055151151
234,0.0109179653059368,0.06713107155728856
235,0.0108254821217699,0.07400146251213195
236,0.0772262273645247,0.04271265265395432
237,0.01129018793072,0.03164429644496376
238,0.0380192411606923,0.0673483888337982
239,0.0365006229074672,0.04275219533262947
240,0.029699678170818,0.03376852733930371
241,0.2043009163013479,0.04395589476269333
242,0.0423465548202716,0.042886012571139116
243,0.0113533359703174,0.07531433367414776
244,0.0586580478842687,0.052581023545809645
245,0.0118196458148112,0.03292443783033656
246,0.0130421912964661,0.053599200449942874
247,0.0276958600974885,0.033925267193654116
248,0.0107812966665809,0.060395536282815604
249,0.0136554480305669,0.04282541894013295
550,0.0215019894168595,0.03950646557167369
551,0.0112020547119222,0.04653197317782883
552,0.0111588209516319,0.023098550946787085
553,0.0747430814715239,0.040477176041155534
554,0.0111957598908551,0.05191820970922259
555,0.6633827492369848,0.4256241092410487
556,0.7142009380574166,0.40741641329768236
557,0.6699515273721941,0.4417851856928426
558,0.6941780075300698,0.36608097361488534
559,0.6906942277258605,0.40672989101851303
560,0.0117401892657073,0.06379948626853653
561,0.0178712706410619,0.08819377449734127
562,0.0116787581146455,0.05243633881045076
563,0.0182252547740309,0.06246291442869212
564,0.0563127194773794,0.036421268057172496
565,0.5644004379944333,0.33783698231654735
566,0.5711223501410921,0.20145882207243074
567,0.5691041547052204,0.32906637664765453
568,0.0116495020754863,0.07471918361652728
569,0.5977882279758481,0.3433200455891756
570,0.5781429417343141,0.16031348005402482
571,0.011375072528407,0.07703946706942426
572,0.575265581577077,0.3327940377347214
573,0.0117111255388667,0.07775656300314022
574,0.5972215545944817,0.34050365716852404
575,0.5743673211403885,0.3413531488667258
576,0.6070842813801866,0.34936436478193655
577,0.0099116263641414,0.04730814854745071
578,0.583238016156351,0.29800470726528877
579,0.0119137096547884,0.07428436376745035
580,0.0091522089811708,0.027710988717909564
581,0.6118359176502923,0.12804133762170997
582,0.019660528537481,0.028154462423820952
583,0.0111030223357369,0.06185823042040212
584,0.0111806904661141,0.06286317267217506
585,0.0285416004043154,0.0517565204611117
586,0.5757569230973978,0.3415607911467515
587,0.01154574530505,0.08496373603073083
588,0.5872554238067959,0.17695427802933666
589,0.5712113136116379,0.17836707034574606
590,0.0169327828809614,0.06775128551512602
591,0.5881193504899671,0.14218990139471463
592,0.5741086694847862,0.12315588548493847
593,0.0117489660149497,0.07844558783732676
594,0.5699766205677594,0.20504157110417895
595,0.0115525378337208,0.04845290495118964
596,0.1002096171178905,0.03408161161247568
597,0.0096927771130536,0.03609060130688678
598,0.0088519593724702,0.026840403814653392
599,0.0115964137205362,0.050091022793262066
950,0.3933722193678148,0.27919105398455746
951,0.231893611156522,0.2417825953617289
952,0.2785239994335034,0.2395820220128682
953,0.2515165317254217,0.24181880413613135
954,0.3784286253172682,0.2476305210719446
955,0.2893399595631165,0.2636105939255433
956,0.3634714765301801,0.2674507921957151
957,0.3880623104989412,0.27102216685255287
958,0.1102053745401752,0.06898711951327555
959,0.2379030976329362,0.26958693333260253
960,0.2518312522417483,0.23159225353576476
961,0.4492500250049516,0.23117829987336205
962,0.2622582147769458,0.24407886726931505
963,0.2590881131661208,0.24607890753702583
964,0.2003174659088502,0.23224092344379874
965,0.3208087273978283,0.27240946082684975
966,0.2379194288168163,0.26996759861539943
967,0.2082252603746961,0.2775744942067792
968,0.2737957466527127,0.24875831007636964
969,0.2085937220508485,0.2743714767078083
970,0.2997695989852227,0.2433548906288406
971,0.345555341842066,0.2503850332658168
972,0.4378750990939571,0.2506675194040697
973,0.302117699102248,0.2557318525941893
974,0.2290639548107868,0.24816808369784904
975,0.2257447813706237,0.2058903549783064
976,0.2516082720056066,0.11726363665127824
977,0.2182514573635981,0.19805139839795383
978,0.1806921114584103,0.10909672218852932
979,0.1796245159492338,0.07065325248243196
980,0.3180676483402405,0.27553166831265924
981,0.3005821163865683,0.25083170367803453
982,0.2783057246286588,0.2405922128984532
983,0.3075359976975663,0.24256235302867157
984,0.2306089382052909,0.24951098342334393
985,0.4319296097314182,0.23941029930212024
986,0.2430178898963773,0.23327976404395367
987,0.2405121751206165,0.24106317567104987
988,0.3260572011519333,0.24432705769515262
989,0.3145428149421785,0.246909960770012
990,0.1912285051499241,0.23430368727201073
991,0.202033957567457,0.23299810053540798
992,0.2878986111420515,0.24366720675092016
993,0.32069047008832,0.22472265200112965
994,0.2962786552846886,0.2321694687064164
995,0.3577644190284279,0.2809894473466031
996,0.3043712593813581,0.2363682076312983
997,0.3446149117723294,0.25103729718575635
998,0.0067060197670098,0.05168168927235524
999,0.2088999755940154,0.2513234167798867
1050,0.0345884972574745,0.04392487671502985
1051,0.0074524788126777,0.03447761082263155
1052,0.0092434554335793,0.04383108706340528
1053,0.0078032061253305,0.03278835544806899
1054,0.0083715903703317,0.04012789994107081
1055,0.0138528524310632,0.03393377114109462
1056,0.0094307982537011,0.04941086322290986
1057,0.0077390140474384,0.03809843253023968
1058,0.0091674542536013,0.039517495036517095
1059,0.0162633059643537,0.035203865120898944
1060,0.0094223404713498,0.05011740593432412
1061,0.0140851095309106,0.03686330203239359
1062,0.0144436629489961,0.03715039554870618
1063,0.0089454483015168,0.08353484780195312
1064,0.0088545863795091,0.036564897482147245
1065,0.0390752257742627,0.0383335071498029
1066,0.0150085026487527,0.02903354428230396
1067,0.019579274349591,0.03356328092796348
1068,0.0112111308982933,0.0347549604661908
1069,0.0121448428859537,0.03284231149101543
1070,0.0396740754500381,0.04245403926658249
1071,0.0122599834648669,0.03467280235886527
1072,0.0367065675925844,0.04308875447517911
1073,0.0089555011112312,0.048248157716160193
1074,0.0076760542502597,0.03356579996306426
1075,0.0093913113635882,0.03952089354511679
1076,0.015895396955325,0.03011417194655946
1077,0.0086923725889369,0.03834494813584908
1078,0.0088035984915181,0.04006212109992244
1079,0.0083917919714177,0.033223957015338895
1080,0.0117048322652922,0.032618615106193335
1081,0.0151928244461967,0.03634858066860616
1082,0.0161429076061838,0.032196184261593604
1083,0.0190989337456469,0.026773113009282732
1084,0.0089593225869737,0.034262337494386515
1085,0.0337132997014925,0.03684159389211552
1086,0.0177192899174234,0.031416597318817956
1087,0.0101689768855277,0.03837906835681077
1088,0.0088421710345834,0.0796279417394167
1089,0.0128644870095697,0.03505979459432499
1090,0.0165435872820459,0.039791366166767525
1091,0.0097926715101842,0.03890281895645271
1092,0.0134608700890639,0.03162536998321453
1093,0.0162697668529927,0.0403643925023033
1094,0.0498192895923783,0.04038298067288898
1095,0.0080141735797509,0.042707135114652746
1096,0.0089968323469142,0.03540970082703869
1097,0.0083334440631055,0.035437346990793074
1098,0.0104368792807884,0.03754111393823763
1099,0.021839115192277,0.034913920487469594
1100,0.8794965754019913,0.7476148345711094
1101,0.8846244435135152,0.7500267846590957
1102,0.8906661747531378,0.7499955810959837
1103,0.8837941111957024,0.7533463872293413
1104,0.8798829860416818,0.7479446870675892
1105,0.8606356922331716,0.7436980432082129
1106,0.8816828197844216,0.7448610918575749
1107,0.8869991168675292,0.7474967815754434
1108,0.8762797341333893,0.7449468570133971
1109,0.8872808100116135,0.7465562955330527
1110,0.0222612658248437,0.572982719451874
1111,0.0216836858634529,0.6517494558569975
1112,0.021950480919711,0.5360238312459653
1113,0.0217343029479414,0.522482239674406
1114,0.0213676729997065,0.5644379803870492
1115,0.8689499447237274,0.7416198777925869
1116,0.8599964718986803,0.7408480910072667
1117,0.8587892466575576,0.7532686079665428
1118,0.8800221030456773,0.7466563757098017
1119,0.8840968573282447,0.742715432617265
1120,0.7426601382200492,0.7576909253906959
1121,0.7615873465350483,0.748873953377466
1122,0.7581572935194218,0.7517764200395864
1123,0.755644370065138,0.7526834442878385
1124,0.7525401474737556,0.762817920836212
1125,0.8854187761376705,0.7460402372670109
1126,0.8781854993435371,0.7414814321006032
1127,0.8690524120526631,0.7448014032038084
1128,0.8781126622456167,0.7458351077387135
1129,0.882518812564559,0.7476597273238527
1130,0.7505852165684991,0.7472126179940232
1131,0.7567377214460708,0.7492348328366651
1132,0.7495247067822185,0.7492515919788878
1133,0.7565811095264093,0.7474634285696687
1134,0.7850837711943157,0.7412012303581303
1135,0.7642951139892357,0.7545889724562925
1136,0.7523396713852984,0.7527488558758706
1137,0.7535328019988272,0.7538555847237288
1138,0.7726430175806018,0.7542976354217494
1139,0.7534391817144952,0.7419082537916836
1140,0.0214460193963439,0.6901665818061647
1141,0.0209428885692134,0.6850721262283384
1142,0.051544308384484,0.15211013668182105
1143,0.0212089852381291,0.6743765980213962
1144,0.02060831379963,0.6964861223993124
1145,0.874517489465199,0.7507160724775557
1146,0.8839936941954912,0.7488956439984424
1147,0.8751548809612602,0.7474458409080731
1148,0.8925047034113143,0.7574495329220041
1149,0.8643270846190712,0.7440584074724272
1700,0.0425021752750693,0.1334792755635614
1701,0.0129547121647734,0.04127470673858853
1702,0.0385769657867043,0.12852103005706825
1703,0.021983081629615,0.09842520585165593
1704,0.0412861371320508,0.12388762192791293
1705,0.0241007864947119,0.0900336394553461
1706,0.0418726248161786,0.1268177393172601
1707,0.4700887716619146,0.07103086874976501
1708,0.0248481163127947,0.08669464319871197
1709,0.024261394328966,0.10453448967512995
1710,0.01151697759346,0.03947854994806044
1711,0.0407208531397301,0.12271599333460861
1712,0.036170999887244,0.1392139835009915
1713,0.0322220581811129,0.08237915459285312
1714,0.0302379150744263,0.11862891668447345
1715,0.0290803449437295,0.10345021721945064
1716,0.0325888031101098,0.13664428990216673
1717,0.0314850298796114,0.1344045814251052
1718,0.0414713019868344,0.1667793400272767
1719,0.0418746276505639,0.1573696148982965
1720,0.0459701295230874,0.12295151761837814
1721,0.040826964654122,0.11446526682322354
1722,0.0431895179415386,0.11376815972341833
1723,0.0385675959545434,0.11413807120140713
1724,0.0134085630006998,0.039273575408373965
1725,0.0416368247160352,0.13369613604948324
1726,0.048210309654134,0.15480563336581402
1727,0.0383663816499185,0.13309734467871498
1728,0.0390390781972929,0.14051243868302232
1729,0.2962824544214464,0.08705057762458636
1730,0.0291524571516542,0.12273482512488144
1731,0.0365750518071972,0.12387219819861778
1732,0.0400991631017315,0.11175101665123678
1733,0.0367245993151831,0.12213229301861671
1734,0.0123738106299136,0.05012507813296681
1735,0.0356767881307366,0.11259873724040115
1736,0.0112113225101813,0.04724230921123376
1737,0.0430748989387749,0.12381284180181351
1738,0.010109836776194,0.03659347639213696
1739,0.39482189222249,0.05537008337675887
1740,0.0309821697196814,0.1339169126585153
1741,0.0345375063958602,0.08925881890266821
1742,0.0469416123292007,0.13394795921941563
1743,0.0412951600942484,0.13740904108252203
1744,0.0332306985658082,0.11252953862457798
1745,0.0486099110868013,0.13734138398504836
1746,0.0343725781599367,0.10967859392669642
1747,0.0260574817633694,0.09522366160222587
1748,0.0331637861269321,0.11294213884433339
1749,0.0350818923768931,0.13362302916822705
1800,0.727978520401102,0.7829889281072446
1801,0.7176285782458464,0.7741763626812123
1802,0.7733006124234549,0.7780429308792192
1803,0.6779232715129387,0.7673446210532425
1804,0.7442979460853664,0.7843441208092768
1805,0.7663063396262153,0.7741248543308933
1806,0.7072538366449606,0.7716175811449582
1807,0.7199068424623657,0.7814572033681475
1808,0.7539582458747534,0.7700653014637776
1809,0.7493902244463483,0.77530427715611
1810,0.7272720518518065,0.7841316421186892
1811,0.7377698828864663,0.7835544318817504
1812,0.7263912790796022,0.7747640926094455
1813,0.7383490191606517,0.7768661222015811
1814,0.7278473028982001,0.7718219383273173
1815,0.6982238850245636,0.7729069657001264
1816,0.7291795215850678,0.7820599387319458
1817,0.7882220707689854,0.7727729044917052
1818,0.7160602046686416,0.7757545908990532
1819,0.7241930051655784,0.7806303225166595
1820,0.7301000302678577,0.781608388378185
1821,0.7093388397739812,0.781427253683683
1822,0.7287648032725697,0.7732287368878615
1823,0.6970529881104645,0.7790200201681219
1824,0.6987628944856464,0.7787514057664736
1825,0.718506019793423,0.7736794244489786
1826,0.7688538680994532,0.7818238265415097
1827,0.7496523981028437,0.7854701311701963
1828,0.7123236723846421,0.7852021496088376
1829,0.7135030963160908,0.7796536891715637
1830,0.7175504676591306,0.7729281460623874
1831,0.7103866078494812,0.7846104917369927
1832,0.7374110639542759,0.7804877247883881
1833,0.7654049015531439,0.7813655413181135
1834,0.7397184621737285,0.7778650355349181
1835,0.7256013921430816,0.7856995617170355
1836,0.7188192083465285,0.7843203923542539
1837,0.7378881902326971,0.7839137053869678
1838,0.7303165734470185,0.7730448757448904
1839,0.7313106196072816,0.7866965336648297
1840,0.7203708063006639,0.7786401232496991
1841,0.730674311877213,0.7814620614076538
1842,0.7524344576223424,0.7720333276069878
1843,0.7472231879891296,0.7844060870136426
1844,0.7600481530488364,0.7802330717588852
1845,0.7013843150405847,0.7694377665237063
1846,0.7035446929441055,0.7706335499349036
1847,0.739069184770122,0.7733047579543874
1848,0.7403334084806805,0.7824080602528989
1849,0.7525994835695385,0.7771467504474805
1900,0.6530544165696621,0.7316828641082852
1901,0.6403700634963753,0.7366054358349591
1902,0.6590939937321356,0.7369712024933956
1903,0.6628418426589621,0.7448809531801935
1904,0.659594180684249,0.7430029708360721
1905,0.8316018906222938,0.793733183151596
1906,0.8441904943181672,0.7923984006798775
1907,0.8307445170419028,0.7917314880523497
1908,0.8544299742668042,0.7920078107046017
1909,0.82953028032943,0.7917988098418193
1910,0.8274112623379146,0.7880882616103667
1911,0.8519822217401827,0.790150608662336
1912,0.8371138819984784,0.7858116466065491
1913,0.820977731275585,0.7809458281889505
1914,0.8275881783630671,0.7952110637725545
1915,0.8165675287252906,0.7831740415302642
1916,0.8392731715430766,0.7876342800222506
1917,0.8203992262032939,0.7925915782072006
1918,0.8141997532059043,0.7924391739497494
1919,0.8467243526492059,0.7916764277753607
1920,0.8149096769192345,0.7914571088924253
1921,0.8456690078083019,0.7892273213348711
1922,0.8517639407741902,0.7922967064096107
1923,0.8330664165422345,0.7926962777483525
1924,0.8267503856437232,0.7888918181084956
1925,0.6421260478135442,0.7330780832255743
1926,0.6562371297376598,0.7384551702336578
1927,0.672365644632491,0.7490167553064928
1928,0.6544425203564513,0.7381132318725682
1929,0.6619337972657137,0.7594324929142545
1930,0.8496918693256497,0.7904713698900843
1931,0.7643784454292888,0.7858548395296018
1932,0.8438325764337136,0.7909499148485062
1933,0.84267333843379,0.7905314289225707
1934,0.8200576282453511,0.7885575519956449
1935,0.641341194446983,0.7392061204397627
1936,0.6673861782966378,0.7584195678238039
1937,0.6548343167293803,0.7297003482798491
1938,0.6218573684404268,0.7348456586033166
1939,0.6703889104470232,0.756323099062068
1940,0.6473351001527128,0.68967365741104
1941,0.6425196471360541,0.6917563082863323
1942,0.6490859877746441,0.6804150494158868
1943,0.6455652731784873,0.6738668802247361
1944,0.648312793159505,0.7118651213893157
1945,0.8311823907921848,0.7873055017166476
1946,0.8150280201026027,0.7922495798482594
1947,0.8820721964598905,0.7924830078314824
1948,0.8342788965798117,0.7886998723275358
1949,0.8270139388828871,0.7908567310883027
2050,0.0121693355826355,0.7027801683283522
2051,0.0122627775525808,0.6813888886700171
2052,0.0122993015300524,0.7196982851777541
2053,0.0123392797936733,0.709646120238279
2054,0.012287067826716,0.7137664622100033
2055,0.012072441075835,0.6347929111802162
2056,0.0121997857348504,0.7137116019517488
2057,0.0123964056156513,0.7143580956172142
2058,0.0123939668511794,0.65312829472795
2059,0.0121166486758645,0.5984280049151471
2060,0.0122943214252673,0.709680729265315
2061,0.0121435981913777,0.7115388890510804
2062,0.0122384472144686,0.5641481428011295
2063,0.0122618686338511,0.6179901170621942
2064,0.0120722819386911,0.6011411651813398
2065,0.0120896929859706,0.5085940194574071
2066,0.0120409161275608,0.5201845229740265
2067,0.0120981248121127,0.6398148857665641
2068,0.0124478107632843,0.6143019059507551
2069,0.0125043991832589,0.5332738904434557
2070,0.0122803349066565,0.642879069581304
2071,0.0122520957622406,0.7018943527873496
2072,0.0123436535091234,0.6230065928297733
2073,0.0121596045392279,0.5877010675433505
2074,0.0124358487404571,0.6072953113664419
2075,0.0106602116706547,0.14571228178016518
2076,0.012861304529934,0.12327822146679812
2077,0.013056420477047,0.12216662972787824
2078,0.0119223665901676,0.11693141732496794
2079,0.2890471106516203,0.07492100868699787
2080,0.010657767729064,0.14243023881010458
2081,0.308874203696393,0.10527283436673643
2082,0.0127110177764462,0.1260575354340538
2083,0.1082958045990036,0.07823428541519144
2084,0.0639404791127203,0.09087650056069817
2085,0.0122160336912016,0.6050428855169944
2086,0.0123856131440497,0.5809200399024453
2087,0.0122669605504307,0.12066026909468368
2088,0.0123273982626671,0.5842302812644466
2089,0.0127346400507651,0.12457609984403284
2090,0.0120657129974701,0.7090061113379382
2091,0.0122326214109963,0.7163318486136939
2092,0.0122199777548939,0.6334049225702519
2093,0.0121229582342319,0.7140924165280689
2094,0.0120706237372995,0.7044936047378506
2095,0.0123121705332469,0.6197842230540569
2096,0.012197935198152,0.7164089025568564
2097,0.0123596554565931,0.7127942846250741
2098,0.0121780701856254,0.7085617574368975
2099,0.0124874542668016,0.6605251256786328
2150,0.1330436419731478,0.16465100070137542
2151,0.03687581839995,0.26551343938828115
2152,0.0518148194775562,0.2649528358154421
2153,0.0461299656099775,0.25577372188812453
2154,0.0526409811462868,0.26100865570703363
2155,0.2006987655845664,0.15461047412474307
2156,0.0535434916228452,0.2632472014008689
2157,0.0432023262640453,0.24817034063578416
2158,0.0587148041375423,0.2589274272620411
2159,0.0541952922904852,0.2600860887682072
2160,0.0419860173609174,0.26102998847716846
2161,0.0531144214406847,0.2648770633934223
2162,0.0518683490798196,0.1675061742160301
2163,0.0419155299739938,0.25339751923435067
2164,0.0416164027972657,0.2612956140208367
2165,0.0528927800753267,0.28901800548419265
2166,0.1360906464324121,0.14477848147462732
2167,0.0424828924815172,0.2901281386064541
2168,0.0525784717435577,0.2720818599507273
2169,0.3761438772145857,0.1376658896736116
2170,0.0464916637166483,0.25858104806641746
2171,0.0352389156580965,0.26633741029555574
2172,0.0368960415471657,0.2657003442150182
2173,0.0428094859352101,0.281800063241327
2174,0.0413168662212171,0.2748057939976309
2175,0.1548439756754001,0.1617782203560283
2176,0.0520934423657671,0.2720499951598464
2177,0.0523859957316558,0.2810390786515598
2178,0.052439402369496,0.29467946039202425
2179,0.0464314243604416,0.2664023431960377
2180,0.0418619035421486,0.27132611530684003
2181,0.0413995235313957,0.26394501808280096
2182,0.0849916113555725,0.08102957403000777
2183,0.0471467579274577,0.2631847650836524
2184,0.0534803136764254,0.10377504665221568
2185,0.1830151867346633,0.11802044439983374
2186,0.04780634404724,0.2587421665079225
2187,0.1870414798682271,0.13335426173816126
2188,0.0570698650559098,0.25817186352254323
2189,0.0183129791667765,0.05767699855248228
2190,0.1462004606331033,0.11578252942827864
2191,0.0371127066581344,0.2615437613717759
2192,0.0536235969139804,0.2513835594634556
2193,0.0409032423321859,0.256453852704198
2194,0.0154538470365446,0.06113263882103068
2195,0.0521818744812442,0.2738905929879277
2196,0.0412925244114411,0.24174281616297758
2197,0.041405159773456,0.28135887551647704
2198,0.0408213327204591,0.26918346371443275
2199,0.041235502769179,0.24553143697879937
2500,0.1286548703312614,0.06680827405371026
2501,0.0459085763130668,0.2877021683222952
2502,0.0542384366142342,0.17934236386563326
2503,0.0392346042169034,0.11800447397538824
2504,0.0422436154570825,0.2470555253014187
2505,0.039294207061316,0.41666668352738767
2506,0.0309798516177663,0.4195963792407239
2507,0.7495447381302901,0.09024388819506705
2508,0.0350607962876974,0.4272113910260625
2509,0.0362185701694779,0.40310036264708304
2510,0.1455377960224039,0.07573325483194109
2511,0.0355364803362716,0.2973140676347863
2512,0.0337337655643633,0.16689891866001125
2513,0.0396135214852557,0.2877411576433155
2514,0.0449948863763713,0.24537944714829882
2515,0.0445927360876672,0.3067084496961075
2516,0.0060066960003438,0.04113863123190781
2517,0.0411945997450081,0.29106095681918015
2518,0.0433999058073678,0.301271173872547
2519,0.0413653862420772,0.29379372117489877
2520,0.0413437152554777,0.4185997877344206
2521,0.0345284546674635,0.4363336878837927
2522,0.0425669996512371,0.4222129976386137
2523,0.0348002675756013,0.4614599060326277
2524,0.0344103211346597,0.46478205270986017
2525,0.0382409560933144,0.4007873942439671
2526,0.033491919124095,0.3832915192183603
2527,0.0424226928346792,0.387721680302701
2528,0.033904658487777,0.408101849410437
2529,0.0359502672504574,0.24257812074469284
2530,0.027544181123143,0.40870179048442173
2531,0.0351150827700931,0.4054965921038142
2532,0.0347925959519048,0.3979011874674628
2533,0.034894215066701,0.41896276570552937
2534,0.0309893697925482,0.4187330300354624
2535,0.0390331252016951,0.27703450758772263
2536,0.0405931227089676,0.14509889438441192
2537,0.0363494510230236,0.27318209578435637
2538,0.0080848604720069,0.04902071070980326
2539,0.0393637983169949,0.2720436498489175
2540,0.0405093021111416,0.38514984742396935
2541,0.0383834365491838,0.40497721655308105
2542,0.0390622242844883,0.3602312406070407
2543,0.034909763420102,0.37306149407395844
2544,0.0413991479350036,0.41426701650062225
2545,0.0328931201974007,0.4677224991272809
2546,0.0387067811050637,0.4564452497410963
2547,0.0358952794881754,0.473491964039374
2548,0.0310691084365045,0.4551076522776426
2549,0.0341561125223403,0.4511123444402718
2700,0.7590644446150844,0.6428237333459225
2701,0.7385190858488363,0.6387122046488214
2702,0.7372837002682076,0.6346482025700179
2703,0.7645215728235276,0.6366395196998099
2704,0.7267448024250006,0.6418313605657605
2705,0.7193768052762071,0.6344577490691522
2706,0.674655741075093,0.6056056161731228
2707,0.6318209030735901,0.6103566911185655
2708,0.7157997022393655,0.634465902495419
2709,0.67121284914398,0.6146626197124864
2710,0.6968288036402193,0.6278918122845275
2711,0.6832167898009044,0.640240911069725
2712,0.6442009019218468,0.615897603297196
2713,0.7389032665359444,0.6343428377229444
2714,0.722159261779319,0.6330834746611153
2715,0.5667862655492225,0.6106467513976371
2716,0.5768219435673253,0.6115376140918262
2717,0.6226582416960459,0.6354964156519877
2718,0.6325659141460193,0.6353493381807824
2719,0.6437509274100645,0.6277757416389865
2720,0.6267797901922286,0.6072010852634885
2721,0.6414244751031771,0.6108818535815029
2722,0.6622912354268259,0.6298518897176032
2723,0.6929232236813081,0.6302364023704136
2724,0.6409026550782472,0.6319847986992636
2725,0.6029690176414585,0.6156421652192602
2726,0.6912372088173507,0.6304792502372621
2727,0.5913489974200566,0.6073853888941686
2728,0.6596433166658955,0.6436223269306804
2729,0.578708845571431,0.6119492275576973
2730,0.6462068041738783,0.6143276833790872
2731,0.6615695160357861,0.6104017258879789
2732,0.7354277580448176,0.6340191918579773
2733,0.6820486630983744,0.6372592861805036
2734,0.7610291044701857,0.6129982487823705
2735,0.5931262733862096,0.6179659611000973
2736,0.6726161405255581,0.6115832450246721
2737,0.7224645974179951,0.6173905300163408
2738,0.7449865516797761,0.6149327867951259
2739,0.738686666799039,0.6214288796879677
2740,0.6053806712329121,0.6010517571897828
2741,0.5401834097679976,0.6141406724831736
2742,0.6132638174993067,0.608515311929907
2743,0.5994026269674336,0.597635717296487
2744,0.6536375431125744,0.6324862162082684
2745,0.753755760316212,0.6226892651838632
2746,0.7049265157762225,0.6185060578377899
2747,0.6102851607145244,0.5977661532625327
2748,0.7630522248803615,0.6341244320551996
2749,0.6969981003628316,0.6166656864010926
2950,0.4563413431608021,0.22057355967086426
2951,0.4585288981073227,0.2265500580416949
2952,0.4660761814905846,0.22344831969105916
2953,0.4366845944016761,0.20537997532415772
2954,0.4550043506330593,0.23554678184668715
2955,0.0011670716210194,0.011859705198084738
2956,0.0078040472062408,0.00621988368738553
2957,0.0017133725641756,0.014830918782206904
2958,0.0091214896180786,0.00975901051167605
2959,0.0284501997633962,0.011200005708035669
2960,0.0016427194497203,0.01702807352548635
2961,0.0011128298206923,0.01045689677765256
2962,0.0011568879224581,0.01465756452718732
2963,0.0011046700674644,0.010991321486521129
2964,0.0034990856998781,0.007725353189516847
2965,0.0016356144952624,0.011723630221852998
2966,0.0034898951436589,0.006883247307360464
2967,0.0030347294405166,0.009846989390162235
2968,0.0526825202045958,0.015364840716894765
2969,0.0021809154959113,0.00719185821442674
2970,0.4374791021260165,0.29267412203274334
2971,0.4556125565501601,0.280452366459704
2972,0.4522590396815193,0.279903052830313
2973,0.4488586230852142,0.2771144325197884
2974,0.4487200117773588,0.2691267154178897
2975,0.0091704896127446,0.012920202117878681
2976,0.0089490011462561,0.01180981131326967
2977,0.0034302867929494,0.009234459552811132
2978,0.0023005430344365,0.007831465716575196
2979,0.009423512643281,0.01291261039778987
2980,0.4356718056026913,0.222693970367736
2981,0.4568484451759813,0.25314786994627797
2982,0.4511524500282104,0.21736812908533068
2983,0.4600279792626567,0.2540304721714768
2984,0.4530136861366335,0.21909162627126294
2985,0.0089597082843938,0.010665697416072336
2986,0.0016349620335719,0.009033230493210908
2987,0.0016850858405884,0.012791246162807036
2988,0.0016749057297282,0.012012998529093027
2989,0.0009478338931468,0.011805017693708472
2990,0.0096566035671445,0.01210695455996032
2991,0.0016700058156857,0.01114492587118893
2992,0.0033680646681894,0.0064846577460514615
2993,0.0099842578932039,0.006604710215847717
2994,0.0011015647460498,0.009638936976133276
2995,0.4494401603682457,0.22060280115095593
2996,0.4474928617945464,0.22728184966457565
2997,0.4527325692656929,0.23570300474924485
2998,0.4502700387281819,0.23185987720575
2999,0.4504971303434552,0.21666952554601623
3300,0.0036711794092622,0.017154432991931045
3301,0.0097936765065077,0.013047240699131473
3302,0.0112416335684997,0.012988700717101313
3303,0.0030629097111752,0.014397439909483493
3304,0.0033042185624797,0.01781671172737365
3305,0.0035640803727734,0.015607553841964564
3306,0.00862439474463,0.014471299470572348
3307,0.0034830306697476,0.016514811398861396
3308,0.0076110864274982,0.01398037666730826
3309,0.0100666299030742,0.014846553473730189
3310,0.0094138133522506,0.014977173314787403
3311,0.0064710952406025,0.014716036985176572
3312,0.0028438549402372,0.016878585330963425
3313,0.0102478257799192,0.014505494365400445
3314,0.0097670376446874,0.01462659936505193
3315,0.0031352072178102,0.015285154272602009
3316,0.0069896618649781,0.017065340272724595
3317,0.0043022182749356,0.015246628085118822
3318,0.0032647995974391,0.016894733784598413
3319,0.0032006404632022,0.018620088175954157
3321,0.0072272004075192,0.012389374602396046
3322,0.0031859804117849,0.02054827995876222
3323,0.003268705352257,0.01798876198641483
3324,0.0121531502068602,0.012060780667091563
3325,0.0033356828743096,0.0170928374878403
3326,0.0027069653024494,0.013981031066573701
3327,0.0088253128646358,0.0159047170176431
3328,0.0033702824153863,0.01979329887058669
3329,0.0101082114722139,0.015607777197401097
3330,0.013665931784038,0.01457092598993087
3331,0.0103581292024134,0.014590015645638034
3332,0.0119162495755636,0.014763698677625317
3333,0.0032778982190673,0.01637799852382225
3334,0.00318193419141,0.018594984206509426
3335,0.0034871280916609,0.014794489922302588
3336,0.0099898540967001,0.015229806743174968
3337,0.0104325913136534,0.014612053506273317
3338,0.0034350239799208,0.019920140014757802
3339,0.0027717522503437,0.013136435682846448
3340,0.0107121092239835,0.014573601382806988
3341,0.0095101941248905,0.013765148937717677
3342,0.0107622390710194,0.012695248044081201
3343,0.0106702199642996,0.013256024469481863
3344,0.0031856883750602,0.018252229563104974
3345,0.0094000080804472,0.015251639485246164
3346,0.0097504593289627,0.015526889332417183
3347,0.0033406022335851,0.016366351626014044
3348,0.0109057925899824,0.014123542874259664
3349,0.0042896963359976,0.01880354420173015
3500,0.0016390816021393,0.0075236568306642215
3501,0.0467210269992863,0.02190425282541036
3502,0.0017810849104378,0.009462310013647016
3503,0.0010473352200555,0.00887839700941535
3504,0.0037526569474226,0.005941903149505956
3505,0.0253965421487736,0.020274026044183845
3506,0.0011208201635594,0.007901105234505011
3507,0.0036457862866244,0.006060752955928742
3508,0.0035867582910498,0.00600801291374561
3509,0.0026880226047998,0.006056938842302019
3510,0.0031348554109527,0.005949509302566049
3511,0.0041377936543433,0.004889079539726674
3512,0.0229898647015101,0.017216066056587095
3513,0.0037370383175372,0.007168083460274705
3514,0.0040866572764846,0.004938027171502011
3515,0.046338654664107,0.018104578935808528
3516,0.0023568140299007,0.007476423463042468
3517,0.0018537960545988,0.007139765762938877
3518,0.0404980562451667,0.013903399806790515
3519,0.0023469111479451,0.006976131851229564
3520,0.0010228393192476,0.009957878774719604
3521,0.004784285471294,0.006001384844476173
3522,0.0474490918293854,0.018780843603555194
3523,0.0347240812069049,0.02069413953614768
3524,0.0650204651234581,0.012709946581215327
3525,0.0403833717725587,0.021937022958359028
3526,0.0292716498435076,0.022042985860012056
3527,0.0287983712500556,0.023052471254691016
3528,0.0011095036973349,0.00966822508522939
3529,0.0016022096085513,0.007081741717873951
3530,0.0018918722658525,0.007504287794899904
3531,0.0010881384984437,0.009767394213653522
3532,0.0342049409134267,0.020318355955573696
3533,0.0017121560228514,0.006434971621026985
3534,0.0043999552506206,0.006689429569828239
3535,0.0250949657599804,0.02212851091321516
3536,0.0072930235823724,0.008814813754743921
3537,0.0401522238593744,0.022240191386758326
3538,0.0080503704862991,0.009033768403988998
3539,0.0085876858273196,0.013394969799731704
3540,0.0017368907086621,0.006906822592025058
3541,0.0023594118084819,0.006183501663594189
3542,0.0033457320439806,0.00821818818453031
3543,0.0054648022610094,0.007468669797337896
3544,0.0079457786710799,0.009079153344755569
3545,0.001871291205719,0.007802180826749489
3546,0.0492795705198228,0.010796169840634749
3547,0.0011293992959546,0.006872622301954722
3548,0.0322199403905286,0.01697174720116932
3549,0.0014175074480513,0.008561134051596668
